review,rating,date,bank,source
Make it user friendly.,2,2025-11-29,CBE,Google Play
maaliif daddafee install gaafata,3,2025-11-28,CBE,Google Play
This application is very important and advantage for transfer of money and finance in the coutry and foriegn country.,5,2025-11-27,CBE,Google Play
why didn't work this app?,1,2025-11-27,CBE,Google Play
The app makes our life easier. Thank you CBE!,5,2025-11-27,CBE,Google Play
this app very bad 👎,1,2025-11-27,CBE,Google Play
the most advanced app. but how to stay safe?,5,2025-11-27,CBE,Google Play
Good application,4,2025-11-27,CBE,Google Play
It is nice app,5,2025-11-26,CBE,Google Play
"it suddenly asked me to enter the verification key I received. and it (*get your verification key from the nearest CBE Branch*) Now I'm in Australia, what do you expect me to do???! There is no nearest or furthermost cbe Branch!! SO FRUSTRATING! How can I manage my bank account now????",1,2025-11-25,CBE,Google Play
nice app...,5,2025-11-25,CBE,Google Play
very good banking service and fast service,5,2025-11-24,CBE,Google Play
thanks blc this app help me to use all time,5,2025-11-24,CBE,Google Play
why we can't send money to other people telebirr wallets??,1,2025-11-24,CBE,Google Play
አታፍሩም ግን ለ15 birr 11.50 ብር ስትቆርጡ ይስተካከልልን,1,2025-11-23,CBE,Google Play
በጣም ቀላልና ምቹ ነው።,5,2025-11-23,CBE,Google Play
you are the reason why i got ye chogara himem,1,2025-11-22,CBE,Google Play
it is so smart app i recommend it for everyone,5,2025-11-22,CBE,Google Play
absolutely right,5,2025-11-21,CBE,Google Play
mid application it's so annoying,3,2025-11-20,CBE,Google Play
I used morethan one year,4,2025-11-20,CBE,Google Play
no word can explane about this app it is nice 👍👍👍👍👍,5,2025-11-20,CBE,Google Play
"It's great app,I love this app",5,2025-11-20,CBE,Google Play
not allowing to transfer and showing current statement updates.,1,2025-11-19,CBE,Google Play
I love you this app,5,2025-11-19,CBE,Google Play
"fast and convenient app, thanks for your dedication as a bank to provide good options to your cuatomers.",1,2025-11-19,CBE,Google Play
make life easy,5,2025-11-19,CBE,Google Play
My most optional bank,5,2025-11-17,CBE,Google Play
it is fantastic app.,5,2025-11-16,CBE,Google Play
i like this√,4,2025-11-16,CBE,Google Play
ጥሩ App ነዉ ። የኔ የግል አስተያየት- Update ወይንም cache cleaning app ሲደረግ ለምንድነዉ ደግመን login ስናደርግ Restricted ሚያደርገዉ ቢስተካከል እንደ ሀሳብ ጥሩ ነዉ። በዛላይ ድጋሚ አክቲቬት ለማስደረግ ከፍለን ..,5,2025-11-15,CBE,Google Play
"Seriously, what’s going on with this app? The ""Pay to Beneficiary"" option is completely disabled for Android users, yet iOS users get full access without restrictions. Why are Android users being treated like second class customers? It’s the same app, the same service, but clearly not the same experience. This kind of platform bias is unacceptable, either give everyone the same features or be transparent about why you’re limiting functionality. Right now, it just feels unfair and frustrating.",1,2025-11-15,CBE,Google Play
Nice and very useful app i like it!,5,2025-11-13,CBE,Google Play
sync problem may 22 2025 but the date stack on may 8 2025 help pls,5,2025-11-12,CBE,Google Play
cbe is my choice,4,2025-11-11,CBE,Google Play
I am not able to transfer. The app is not responding,1,2025-11-11,CBE,Google Play
Very convenient App,5,2025-11-11,CBE,Google Play
excellent but sometimes can not connect,5,2025-11-10,CBE,Google Play
the app constantly glitches and won't stop loading despite having a decent connection and a cleared cache. telebirr is way better,1,2025-11-10,CBE,Google Play
I can't access it properly I think it needs update,1,2025-11-10,CBE,Google Play
not Refresh,2,2025-11-10,CBE,Google Play
your statement is not used as wanted,1,2025-11-10,CBE,Google Play
good very good,5,2025-11-09,CBE,Google Play
this is absolute trash why because it's not Woking most time the servers are down even though I'm using 4g data Internet they steal not working they use to work with out even data package now it's trash can't even send money,1,2025-11-09,CBE,Google Play
Bayeee galatooma kana caalati nu gammachisa 🌏🤌🏻💴💸🥰👌🏻🙏🏻,5,2025-11-08,CBE,Google Play
Very nice app,5,2025-11-08,CBE,Google Play
the app is not functional this week.,4,2025-11-08,CBE,Google Play
very updated bank,5,2025-11-05,CBE,Google Play
Numbers 2 and 3 don't write during pin verification.,5,2025-11-05,CBE,Google Play
"once it is uninstalled, you need to visit a nearby bank. you go there and they ask you to have a new sim card which hasn't been used before. so you should buy a new sim card and you go back to them with a new sim card, when you reach there service provider says authentication pin is not arrive, the system is not working come back tomorrow.",1,2025-11-05,CBE,Google Play
this app is not working on my phone,5,2025-11-03,CBE,Google Play
CBE needs to show transaction fees before the transaction is confirmed and not after. This is a big issue as fees are no longer insignificant.,3,2025-11-03,CBE,Google Play
"After the recent updates, I am unable to download a receipt. I can't see the names of account holders I've previously transacted with. Very important. Please fix it asap.",1,2025-11-03,CBE,Google Play
mobile banking broblem,5,2025-11-01,CBE,Google Play
it is a good and clear apps to use,4,2025-10-31,CBE,Google Play
ለምንድን ነው ከንግድ ባንክ ወደ ቴሌብር 5 ብር ሲተላለፍ 11 ብር እንዲቆርጥ ያደረጋችሁት,1,2025-10-31,CBE,Google Play
I love this app b/c every option in the app very clear and supportive.,5,2025-10-30,CBE,Google Play
the app is good but their is no dark mode you have to add it,3,2025-10-29,CBE,Google Play
abdulakim abrahim elemoo,5,2025-10-28,CBE,Google Play
Abebaw Zenebe,5,2025-10-28,CBE,Google Play
good I love it keep it up but if we had a new update that will be fire Soo good,5,2025-10-27,CBE,Google Play
Active and granted system,5,2025-10-27,CBE,Google Play
Galaxy A10s,3,2025-10-26,CBE,Google Play
the best apps,5,2025-10-26,CBE,Google Play
arif app new,5,2025-10-26,CBE,Google Play
laga Bari biranch,5,2025-10-26,CBE,Google Play
ነነሠነሠሠነሠሠሠሠነየነ,5,2025-10-26,CBE,Google Play
I would like to suggest you improve the time out as it takes the money and doesn't return it back until the next day.,3,2025-10-25,CBE,Google Play
"not good, not bad!",3,2025-10-23,CBE,Google Play
እጅግ በጣም አስቀያሚ ጠቁአም ዘረፋ በሚባል ደርጃ የ አገልግሎት የሚቀበል ያልሰራበትን የገዛ ገንዝበባችንን ተዘረፍን ከ 100ብር 10ብር የአገልግሎት ማስከፈል ምን ማለት ነው እባካችሁ እዩት እስትይ ከ ሞባይል ባንክ ወደ ampsa አስተላልፉና እዩት በጣም ይገርማል ሌባ ብያቸዋልሁ,1,2025-10-22,CBE,Google Play
super fast app,5,2025-10-21,CBE,Google Play
"The app has a nice design and useful features like balance check and transfers, but it’s unstable and often fails to connect. It also forces users to turn off Developer Options, which is unnecessary — other banking apps work fine without that. Many people use Developer Mode for normal reasons. Please fix performance issues, remove this restriction, and add biometric login for better security and convenience",2,2025-10-19,CBE,Google Play
"it says ""ti is work any more in your device"" what can i do??",1,2025-10-18,CBE,Google Play
blah blah blah,5,2025-10-18,CBE,Google Play
bad ግዴታ መሆንሁ,1,2025-10-17,CBE,Google Play
"it's not work correctly when it's needed sometimes, but it works sometimes though",2,2025-10-16,CBE,Google Play
its easy to use and more secured than the previous one. i love it and appreciate commercial bank of ethiopia for every time update.,5,2025-10-16,CBE,Google Play
"Suddenly the cbe application I was using stopped working and called callcenter, I was told it's because it expired and I should vist any branch to fix it. So I went to CBE Silassie branch.After filling a form they gave me, I sat down and waited until they finish fixing 2 customer's case who arrived before me. But then when it was my turn ppl who came after me with same mobile banking and even Atm card cases were finishing up and leaving I had to get back to my work so I left.with no service.why?",1,2025-10-16,CBE,Google Play
still not perfect like before,1,2025-10-15,CBE,Google Play
This app dash board is disturbing me. it is not showing me traxation and my balance while displaying others option on dashboard. I think it is a risk full app😭😭😭🤤🤤,1,2025-10-15,CBE,Google Play
10 years ago,4,2025-10-14,CBE,Google Play
it's good app,5,2025-10-14,CBE,Google Play
berhan deriba wami,4,2025-10-14,CBE,Google Play
mahamad Usman,5,2025-10-13,CBE,Google Play
mehommd nuri,5,2025-10-13,CBE,Google Play
providing very secure service.,5,2025-10-12,CBE,Google Play
apk አሪፍ ነው ግን በጣም apkwun የሚከፍቱ የ ባንክ ሰራተኞች በጣም ደካማ ናቸው ሲያስተናግዱ ለ ደንበኛ ክብር የላቸውም እኔ መመላለስ ከጀመርኩ ቆየው ግን መፍትህ ላገኝ አልችልኩም ::,1,2025-10-12,CBE,Google Play
ዳር ኑሮ ላለው ኣፍሪቻን ው,5,2025-10-12,CBE,Google Play
RIYAD Mohammed Abaoli 92 527 2567,5,2025-10-12,CBE,Google Play
it doesn't show bank statement and no options to see transactions for the past months.,2,2025-10-11,CBE,Google Play
Mamma Husen,2,2025-10-11,CBE,Google Play
3 stars because I can't see all my transaction history apart from the recents and a refresh button has been removed from the Recents activity. The app should allow clients to view all of the transactions not just recents.,3,2025-10-11,CBE,Google Play
exceptional application from others bank,5,2025-10-10,CBE,Google Play
"it is very nice. but i have a serious suggestion when you send to other cbe birr customer, it does not show the name of the recipient befor it actually send the money. please improve this",4,2025-10-10,CBE,Google Play
really good app,5,2025-10-10,CBE,Google Play
smart bank CBE,5,2025-10-10,CBE,Google Play
Ali urgesa11,3,2025-10-09,CBE,Google Play
password በጣት አሻራ ቢኖረው መልካም ነበር,4,2025-10-09,CBE,Google Play
best app i ever seen,5,2025-10-09,CBE,Google Play
it's game changing in financial system,4,2025-10-09,CBE,Google Play
"z,MKT 20_._!8+⅓⅕😘r",1,2025-10-09,CBE,Google Play
will good updating,5,2025-10-08,CBE,Google Play
"service charge , vat, fee everything here is not yours they wanna take what you have, everything is not fair",1,2025-10-08,CBE,Google Play
why removing screenshot feature why?,2,2025-10-08,CBE,Google Play
very good application! thank you all who participate!,5,2025-10-08,CBE,Google Play
application bank commercial Ethiopia I am very happy to be able to appear in a great job on a pleasant job,5,2025-10-08,CBE,Google Play
user compatible app!,5,2025-10-08,CBE,Google Play
"I am trying to access this app on my Android phone, but sometimes doesn't work. so kindly try to improve it.",3,2025-10-07,CBE,Google Play
what an amazing app. you know how much it simplify life. Thanks cbe. I proud of you.,5,2025-10-07,CBE,Google Play
Our Commercial Bank of Ethiopia is Good !,5,2025-10-06,CBE,Google Play
Asledin Ibsa,5,2025-10-06,CBE,Google Play
terrible when showing history of transaction it shows in disorganised way,3,2025-10-05,CBE,Google Play
"lately I am facing a problem with the app ,and the problem is when log in and inter my pin it doesn't work at all and says 'can't sync' why does it say that I was working fine a few day ago and also it says when I enter my pin 'change your pin to 6 digit pin and it doesn't allow me to change it please solve what is the problem with the app ?",2,2025-10-04,CBE,Google Play
excellent app with lots of features,5,2025-10-04,CBE,Google Play
very good 👍 mobile banking,5,2025-10-04,CBE,Google Play
wiiy ewdihiliw esimirt niho yitnehew metgeyot ❤💞🤔😴🤩😍,1,2025-10-03,CBE,Google Play
cbe the best bank app,4,2025-10-03,CBE,Google Play
This App CBE bank it's Simple and Smart I Like it.,5,2025-10-03,CBE,Google Play
Rijalufaris,5,2025-10-02,CBE,Google Play
its Best app But i hate the Repeatedly update request,5,2025-10-02,CBE,Google Play
"it was good since it become a robber the vat ,tax,service charge,unbelievable charge to send to other bank, monthly charge,etc i hope one international bank comes and we all leave this bank. enough is enough",1,2025-10-02,CBE,Google Play
screen shoot always not allowed why?,5,2025-10-02,CBE,Google Play
enkorabetalen,5,2025-10-01,CBE,Google Play
Gamada mahamadi,1,2025-09-30,CBE,Google Play
it is very good banking web but its network is sometimes busy i hope they willfix the problem,4,2025-09-30,CBE,Google Play
verfcasencod,5,2025-09-30,CBE,Google Play
you can't get your own transaction history,1,2025-09-29,CBE,Google Play
Bank of Ethiopia,5,2025-09-28,CBE,Google Play
"All most Good, but need improvement",5,2025-09-27,CBE,Google Play
"Great application for me,So I would like to rate with Solid 5 star.That It works well overall. So hello everyone enjoy the apps",5,2025-09-27,CBE,Google Play
poor app all of you guys delete CBE and download BOA,1,2025-09-27,CBE,Google Play
the best app of all,5,2025-09-25,CBE,Google Play
"Most of the time when I try to open the app, it does not load. The circle keeps spinning as if it is trying to open, and get a message saying "" 2 attempts left for offline login"". This seems to mean that the app cannot connect to the internet, even though I have a stable internet connection, and all other stuff work properly.",2,2025-09-24,CBE,Google Play
I am using CBE app very fantastic.,5,2025-09-24,CBE,Google Play
bist app tankyou,4,2025-09-23,CBE,Google Play
this is very useful and consistent app,5,2025-09-23,CBE,Google Play
"this application provides timely service in a good, fast and reliable manner.",5,2025-09-23,CBE,Google Play
it will be more better if the app have the feature receipt verifying from QR CODE SCREENSHOT IMAGES FROM gallery ... currently IT WORKS ONLY FROM DIRECT CAMERA CAPTURING,4,2025-09-23,CBE,Google Play
"From the UX perspective it can be better, it's old and it's not obvious where you can find some things",3,2025-09-22,CBE,Google Play
It is amazing app but it is more better if it is possible to transfer from account to other telebirr,5,2025-09-22,CBE,Google Play
"The app was great while it was active. However, after the app did an update, I lost connection with a message ""Network Error"". Please try to fix it as there are many clients of CBE using this app globally from abroad countries.",3,2025-09-21,CBE,Google Play
very important app,4,2025-09-21,CBE,Google Play
the best of all mobile banking in Ethiopia works perfectly fine,5,2025-09-21,CBE,Google Play
DANTRO BAND!!!,5,2025-09-21,CBE,Google Play
some time when make transfer from Mobile account to other cbebirr wallet no show customer name so please check it......thanks my cbe.. cbebirr application very nice application wallet,5,2025-09-20,CBE,Google Play
this app is very useful but sometimes when you want to see specific transactions it didn't work so that way i gave 3,3,2025-09-20,CBE,Google Play
why i must visit the branch i opened my account to activate the mobile banking services? if it a connected network it maybe done from any branch.,1,2025-09-20,CBE,Google Play
አሪፍ ነው አሁን ደግሞ እስክሪን ሹት ማረግ በመቻሌ ደግብሎኛል,5,2025-09-20,CBE,Google Play
asfaw damse,5,2025-09-19,CBE,Google Play
jabadhaa namatii tolataan,5,2025-09-19,CBE,Google Play
"The App is very good in its interface and user friendly. But it could be a pro app had it had additional feature that let us run multiple accounts on a single phone with an option of ""additional"" account!",3,2025-09-19,CBE,Google Play
The app is user friendly. But i want some amendment or include option of sending money to other tele birr like other cbe birr.,4,2025-09-18,CBE,Google Play
Truly amazing!,5,2025-09-18,CBE,Google Play
Doesn't have option to generate statement for transactions,3,2025-09-18,CBE,Google Play
nice application,5,2025-09-17,CBE,Google Play
it's best app to use recently and upgraded day to day for internationalization,4,2025-09-16,CBE,Google Play
Easy to use and not Complicated 👍,5,2025-09-15,CBE,Google Play
apdat the app,5,2025-09-14,CBE,Google Play
good in bankin at any time & any where.,5,2025-09-13,CBE,Google Play
"WHAT A USELESS APP! Transfers, wallet payments, other banks — nothing works. Updated, restarted, cleared cache, reinstalled — still useless. Crashed and forced me to visit a branch just to log in 3 times. One of the biggest banks in the country can’t fix issues a junior developer could solve. Completely unreliable. Big bank , Zero functionality!",1,2025-09-13,CBE,Google Play
it is best to me,1,2025-09-13,CBE,Google Play
hayizgi mebrahtom feshay,5,2025-09-13,CBE,Google Play
Excellent app,5,2025-09-12,CBE,Google Play
after apdate the app doesn't work any thing else it said enable to connects,1,2025-09-12,CBE,Google Play
Hasasa bank,1,2025-09-11,CBE,Google Play
All ways Trusted.,5,2025-09-11,CBE,Google Play
best MB application in Ethiopia financial sector.,5,2025-09-11,CBE,Google Play
I like this app,5,2025-09-11,CBE,Google Play
am tired why I have to update every 5 day,1,2025-09-11,CBE,Google Play
usb debugig mode bicha off endidereg axrigu like awash bank,1,2025-09-10,CBE,Google Play
good morning 🙏,5,2025-09-10,CBE,Google Play
KEHRU nasir AbFIXA,5,2025-09-08,CBE,Google Play
It is well organized.,5,2025-09-08,CBE,Google Play
Can't see the nearest Branch or ATM available,2,2025-09-08,CBE,Google Play
the app does not open,1,2025-09-07,CBE,Google Play
"Amazing, Delightful and Seamless Mobile Banking Application, I have ever Experienced!! Indeed, I feel Great Proud to be part of your Stakeholder! My First Choice Bank, Commercial Bank of Ethiopia, The Pioneer and Leading in Digital Banking Services in Ethiopia! Five stars ⭐⭐⭐⭐⭐ are little to you! Thank you so much🙏",5,2025-09-06,CBE,Google Play
የዚህ አፕ ተጠቃሚ ነበርኩ ያለሁት ከሀገር ውጭ ነው እና እየተጠቀምኩበት ሳለ አብደት አድርጊ አለኝ ሳረገው ፓስወርድ እንዴ አድስ ጠየቀኝ እንዴው እኔ አለሁበት ሀገር ሆኘ መስተካከል ከቻለ ተባበሩኝ በጣም አስፈላጊዬ ነው ::,5,2025-09-05,CBE,Google Play
it's the best money transfer app ever,5,2025-09-05,CBE,Google Play
user friendly. best.,5,2025-09-05,CBE,Google Play
best app!!!,5,2025-09-05,CBE,Google Play
"It is good app and really user friendly , but it not possible to start service after the app is uninstalled or device phone is changed. So please make it easy for us, after once you set us the requirements in your office we should have to use it only by install and launch it. We do not have to visit the near by branch office every time for such silly businesses but important things. in addition to that why is that for hidding senders name or account number How can I know who tranfers to me???",4,2025-09-05,CBE,Google Play
very good app,5,2025-09-05,CBE,Google Play
jabirabdala,5,2025-09-04,CBE,Google Play
unfair cost of transportations... what a shame!!!,1,2025-09-04,CBE,Google Play
"I think it is a good app to use easily. However, I have one more comment: the app does not automatically sync or update the balance in real time. Please review this issue. For example, when someone transfers money, the receiver's app does not sync automatically. It requires the user to manually initiate an update to see the current balance.",4,2025-09-04,CBE,Google Play
WAW!!! I AM PROUD!!! MY STRONG BANK WORKS AT BEST EVEN IN A REMOTE LOCATION HERE IN MALABO (ECUATORIAL GUINEA). MEWOLID MUBARAK CBE!!!,5,2025-09-04,CBE,Google Play
zinaa Ahmed,5,2025-09-04,CBE,Google Play
absolutely excellent,5,2025-09-03,CBE,Google Play
amazing app,5,2025-09-03,CBE,Google Play
perfect and easy,5,2025-09-03,CBE,Google Play
My account is not working,4,2025-09-03,CBE,Google Play
The recent update is not optimized fir latest version of android,2,2025-09-02,CBE,Google Play
I appreciate it,5,2025-09-01,CBE,Google Play
sahib amin jamal,1,2025-08-30,CBE,Google Play
very good apps,5,2025-08-30,CBE,Google Play
the app say it is not compatible with ur phone can u fix it it is not updating.,1,2025-08-30,CBE,Google Play
"I would like to give you some feedback on Current update, its very nice and easy to use👍 but in some button there is still not improved For example while iwant to check my recent Txn it not well sequenced and arranged or some txn may not appear ... becouse of this i see many of users of this app discomferted maily merchants and those make High txn daily. improve and miximize the txn shown to 300 up to 500. make Searchable Recent txn button! All in all the bank i Relly on! CBE my bank !",5,2025-08-29,CBE,Google Play
tinishu titiba,5,2025-08-29,CBE,Google Play
"essy to use ,has great interface and user-friendly g",5,2025-08-29,CBE,Google Play
I found it very much friendly,5,2025-08-29,CBE,Google Play
"Very useful app, while we use CBE.",5,2025-08-28,CBE,Google Play
አርፍ ነው ነገር ግን ሴብ ያረገውን አካውንት እያጠፋብን ነው,5,2025-08-28,CBE,Google Play
kamil aweil,5,2025-08-28,CBE,Google Play
In your next update can you come with night mode future,5,2025-08-27,CBE,Google Play
"Truly, super competitive when compared to a well known app nowadays functioning broadly by simplest features and means namely known as Telebirr super app, Thus, CBE is my top ultimate choice that I prefer over the other bank due to its beautiful power of lead as a result I could recommend CBE to others because of its service provision via ethical principles and practice for customers satisfaction with existence of constraints and challenges face from burglary and froudalent hacker. Thank you !",5,2025-08-27,CBE,Google Play
mayreba app you its better if you use other banks,1,2025-08-27,CBE,Google Play
Not Prefect Transfer To Other Bank The Mony Not Deliverd Imidetliy Take Three Or Five Days,1,2025-08-27,CBE,Google Play
let us know before you shut down the app,4,2025-08-27,CBE,Google Play
yes it is v good,5,2025-08-26,CBE,Google Play
A great update in the Mobile Banking Application. Thanks for the System and customization department,5,2025-08-26,CBE,Google Play
this app is smart.,5,2025-08-26,CBE,Google Play
Still I have not face critical problems sometimes delay to open,4,2025-08-25,CBE,Google Play
The connection between bank and the app is lag relationship this must be corrected.,4,2025-08-25,CBE,Google Play
I have forgotten mobail banking password,5,2025-08-25,CBE,Google Play
muktaar Abraahim,5,2025-08-25,CBE,Google Play
why does it say change pin to 6 digits is that right?,4,2025-08-24,CBE,Google Play
One of the worst mobile banking apps in Ethiopia. You can't access your txn record for more than 2 weeks.,1,2025-08-24,CBE,Google Play
i like it and aprshat.,4,2025-08-23,CBE,Google Play
"The app has some issues I updated recently and now I am not able to send funds to my telebirr wallet, also we need to have a place we save our contacts where we usually send money to, after update I keep loosing all the important accounts.",4,2025-08-23,CBE,Google Play
best app and easy to use,5,2025-08-23,CBE,Google Play
doesn't work unless with data doesn't refresh fast other wise functions ok but after the update transferring to telebirr is not working,2,2025-08-23,CBE,Google Play
List of transactions can't load over months and years..,1,2025-08-23,CBE,Google Play
transferring money to telebirr is not working,1,2025-08-23,CBE,Google Play
I don't Like this app and there service fee is highl,5,2025-08-23,CBE,Google Play
አዲሱ Update ጥሩ አይደለም. Update ካደረግኩት በኋላ ከዚህ በፊት ስላላክባቸው የነበሩትን Save አድርጎ ይዞት የነበረውን ሁሉንም የሰዎች አካውንቶች አጥፍቶብኛል.,2,2025-08-23,CBE,Google Play
this application do not show over all transaction history,3,2025-08-23,CBE,Google Play
this app is very nice but statment history is very shiort atlist add 15 days,4,2025-08-23,CBE,Google Play
"This app stooped working after i updated it. It says change password and i did, but it doesn't open with the new password. I don't like it.",1,2025-08-22,CBE,Google Play
best and secured application,5,2025-08-22,CBE,Google Play
This application is excellent .,5,2025-08-22,CBE,Google Play
"The new update is very bugged. can't view the names of account holders I previously had transactions with, and more recently, its almost impossible to load money to telebirr, always says unable to connect...please fix asap",1,2025-08-22,CBE,Google Play
Thise App is Great,5,2025-08-22,CBE,Google Play
አፕሊኬሽኑን አብዴት ካደረኩት በኋላ የሚስጥር ቁጥር አጭር ስለሆነ ቀይር ብሎኝ ለሶስት ቀናት ብሞክር unable to connect the server ከማለቱም በላይ አፕሊካሽኑ እየሰራልኝ አይደለም🙏🙏,1,2025-08-22,CBE,Google Play
"I love this app. really, but with some downsides too. Screenshot is mandatory after every transaction as to me, I need screenshots not downloaded recipient. It would be even better if transaction history is available via this app for months that we can access directly or via calender ways. Thanks.",4,2025-08-22,CBE,Google Play
it is good app,5,2025-08-22,CBE,Google Play
good and always try to make new updats 🙏👍,5,2025-08-22,CBE,Google Play
"I use the Commercial Bank of Ethiopia mobile app, and it’s fantastic! The interface is user-friendly, making it easy to check balances and transfer money. I love the bill payment feature, and the security measures give me peace of mind. Overall, it’s a reliable app that has simplified my banking experience. Highly recommend!",5,2025-08-22,CBE,Google Play
i don' want,5,2025-08-22,CBE,Google Play
"it's very nice simple and convenient app! but I have only one comment on double verifications after the finger prints. even thought its good for makin' it more secure, Its not neccessary to double verify after the finger print verification. no need to verify by pin again. thank you!",5,2025-08-22,CBE,Google Play
one of the best,5,2025-08-22,CBE,Google Play
"why is it every time the app is updated history of previous account numbers keeps missing , WHY??",1,2025-08-21,CBE,Google Play
You guys charge way to much when we transfer money from CBE to Telebirr via this app,3,2025-08-21,CBE,Google Play
not bad apk,1,2025-08-21,CBE,Google Play
yes these app is so good for our saving and marketing system go ETHIOPIA GO!!!,5,2025-08-21,CBE,Google Play
best mobile banking App that have seen .,5,2025-08-21,CBE,Google Play
It's very helpful apps,5,2025-08-21,CBE,Google Play
Every major update means you have to go back to Ethiopia to make the app work. In 2025?,2,2025-08-20,CBE,Google Play
"Unable to connect, pls. Improve the system",5,2025-08-20,CBE,Google Play
"Smart service But, your service charge is too high",5,2025-08-20,CBE,Google Play
perfect 👌 keep,5,2025-08-20,CBE,Google Play
"እባካችሁ አፑ ጥሩ ነው ነገር ግን በፈለግነው ጊዜና ሰአት መጠቀም አልቻልንም ኔትዎርክ እያለ እንኳ እያስጠቀመን አይደለም""""",2,2025-08-20,CBE,Google Play
excellent plus,5,2025-08-20,CBE,Google Play
Would be great if it displays service fees before proceeding with transaction.,4,2025-08-20,CBE,Google Play
so disappointing :((,1,2025-08-20,CBE,Google Play
what nice app i never usedyet,4,2025-08-20,CBE,Google Play
ke gizew ga emihed astemamagn metegberya,1,2025-08-20,CBE,Google Play
"this app is pretty good. The recent one was the nicest. however after the update, it restricts me from taking a screenshot. i would be happy if you remove screenshots restriction policy from this app. why I gave it five stars was because of the past performances of this app. keep in mind to remove the screenshot restriction policy from this app. and also it has no self authorizations. once uninstalled it needs extra sim cards and wants to visit nearby banks in person.",5,2025-08-20,CBE,Google Play
Send money for some account but don't reserved Ball,5,2025-08-19,CBE,Google Play
very good🙏🙏,5,2025-08-19,CBE,Google Play
I recognized thank you,5,2025-08-19,CBE,Google Play
Best feature!!,5,2025-08-19,CBE,Google Play
the saved account totally removed ..why????????,1,2025-08-19,CBE,Google Play
good bank Ethiopian very nic,5,2025-08-18,CBE,Google Play
this good app but screenshot must enable,4,2025-08-18,CBE,Google Play
በፊት ብር ትራንስፈር የተደረገባቸዉን አካዉንቶች remove አርጓል የሚያናድድ update ነው ::,1,2025-08-18,CBE,Google Play
change mobile banking CBE,5,2025-08-18,CBE,Google Play
The process of updating is not functioning easily. Installing is easy than updating. Screenshot should not be prevented. it is an instant evidence needed for some transactions.,2,2025-08-18,CBE,Google Play
this app is the good apps,5,2025-08-17,CBE,Google Play
አሪፋ ነዉ ነገር ግን Recent Transaction በጣም የቆየዉን ነዉ የሚያሳይ Evene refresh ሁሉ ሲደረግ ትክክለኛ የቅርብ Transaction አያሳይም። Please አስተካክሉት,2,2025-08-15,CBE,Google Play
congra ethio,5,2025-08-15,CBE,Google Play
እንዲሁ ነው የሰተኋችሁ ለሞራል,5,2025-08-15,CBE,Google Play
I don't think it is compatible with the new android version 16 it fails to open. Please update it or find a solution.,1,2025-08-14,CBE,Google Play
"ohhhh🤦 you must upgrade transferring problem. most of time, when transfer from CBE mobile banking to tele birr account, always suspending for 3 to 5 days 🤔. please try to fix it 🙏",2,2025-08-13,CBE,Google Play
this APK Best for most of people,5,2025-08-13,CBE,Google Play
good keep it up,5,2025-08-13,CBE,Google Play
very nice app,5,2025-08-12,CBE,Google Play
Most of the time either the app or *889# don't work,2,2025-08-12,CBE,Google Play
why this app is logging in while your device is not connected to internet ... is it appropriate ?... and it isnt exposed to hucking or malicious activity?,1,2025-08-12,CBE,Google Play
በጣም አሪፍ ነው በርቱልን,5,2025-08-12,CBE,Google Play
this is so good,5,2025-08-11,CBE,Google Play
Very interesting 🤔,5,2025-08-09,CBE,Google Play
very good app 👍👍👍 time saving and more accurate,5,2025-08-09,CBE,Google Play
"i like your app to order ATM card through it, i get it new on your app",5,2025-08-09,CBE,Google Play
very bad app,1,2025-08-09,CBE,Google Play
very nice app,5,2025-08-09,CBE,Google Play
it is the best transferring AP,5,2025-08-08,CBE,Google Play
it's good but add some more please,3,2025-08-08,CBE,Google Play
best servis app,4,2025-08-07,CBE,Google Play
very useful to use it from any where in the world !,5,2025-08-07,CBE,Google Play
it very good but why block the screen shoot,5,2025-08-07,CBE,Google Play
"the most disgusting app,",1,2025-08-07,CBE,Google Play
ብዙ የሚቀሩ ነገሮ አሉ ለምሳሌ አንድ ሰው ወደ ቴሌ ብር ሲልክ ግዴታ አካካውንት የከፈተበት ስልክ መሆን አይጠበቅበትም እና ሲስተሙ የበለጠ አዘምኑት ሰው ባንክ ሲመጣ የፈጠነ ማስተናገድ ወደ ቅርንጫፍ ሲመጣ እዛም አካውንት እዚም አካውንት መከፈት የለበትም እንዲ ሲሆን ደንበኛ ይሸሻል ሌላው ደሞ የሰራተኞቹን ልብስ ቀይሩት እውነት ለመናገር ቀቤር አስፈፃሚ ነው ሚመስሉት የቀረውን እናንተ መርምራቹ አስተካክሉት አመሰግናለሁ,3,2025-08-07,CBE,Google Play
"unexpected anomalies, unreliable as fintec app",2,2025-08-05,CBE,Google Play
worst experience,1,2025-08-04,CBE,Google Play
The 1st one is CBE,5,2025-08-04,CBE,Google Play
"this is the worst app that could exist on the planet, omg it literally crashes every month",1,2025-08-04,CBE,Google Play
it's good app,5,2025-08-04,CBE,Google Play
commercial Bank 🏦,5,2025-08-04,CBE,Google Play
ብዙ ጊዜ ያስቸግራል አይሰራም error now milew,5,2025-08-03,CBE,Google Play
the best application for ours,5,2025-08-03,CBE,Google Play
our ehiopian bank who teaches us who lends who beulds big infrastractures for any ehiopian countries rigions local areas basic needs for socity that trends to suport echother social participation promots in society welbing coopratives development builds and suports for each private and governmental institutions give advise market analicies so on for targets to develope country to become world class economic leadership capitalist country and to atract big stakeholders in the woreld.,5,2025-08-03,CBE,Google Play
screenshot problem must be fixed!!,4,2025-08-02,CBE,Google Play
it's very nice app,5,2025-08-02,CBE,Google Play
Very easy to use,5,2025-08-02,CBE,Google Play
best and fast,5,2025-08-02,CBE,Google Play
The best one ever i've seen.,5,2025-08-01,CBE,Google Play
The sum is good.,5,2025-08-01,CBE,Google Play
they been freezing a transfered money till the time they chose chose it to be delivered bruh,1,2025-07-30,CBE,Google Play
how updated this app,5,2025-07-29,CBE,Google Play
Time is Gold,5,2025-07-28,CBE,Google Play
this app is so amazing a use it every time when I make payments,5,2025-07-27,CBE,Google Play
Mobeli.bank,5,2025-07-26,CBE,Google Play
"I am using this service from abroad, which i have active account in Ethiopia. Anytime I want support family, I easily sent funds to my CBE bank using my abroad debit or visa credit and transfer to their bank. so recommend diaspora to open bank account whenever they going back home. it helps a lot . 1st. They can easily send money from their abroad bank account to their CEB, Awash,Oromia bank whatever. 2nd, They don't need family to withdraw money for them to use it. They have privacy.",5,2025-07-25,CBE,Google Play
በጣም አሪፍ ነው በተጨማሪ በጣት አሻራ ቢሰራ ጥሩ ነበር እንደ ቴሌ አፕ,4,2025-07-25,CBE,Google Play
v͟e͟r͟y͟ g͟o͟o͟ d͟,4,2025-07-25,CBE,Google Play
commercial bank of ethiopia is very helpful for all Ethiopian people that i respect ethio consititution,5,2025-07-25,CBE,Google Play
there is many thing u have to fix.,1,2025-07-24,CBE,Google Play
Excellent App,4,2025-07-24,CBE,Google Play
"This is the best service, it makes everything easy for you, so why not download this app and if you are satisfied with it, give it five stars, it deserves it. 👍♥️❤️",5,2025-07-24,CBE,Google Play
"good job, but we need to see more transaction history.",4,2025-07-21,CBE,Google Play
full of restrictions,1,2025-07-20,CBE,Google Play
The best one,5,2025-07-20,CBE,Google Play
why i cant screen shoot ?,1,2025-07-20,CBE,Google Play
Really excellent,5,2025-07-19,CBE,Google Play
it is good up to now but it needs update today,5,2025-07-18,CBE,Google Play
very aazing,5,2025-07-18,CBE,Google Play
እስክሪን ሹት አይሰራም ለምን ተዘጋ?,2,2025-07-17,CBE,Google Play
simple to use and amazing,5,2025-07-17,CBE,Google Play
Best app ever,5,2025-07-17,CBE,Google Play
this app good,4,2025-07-17,CBE,Google Play
"I like this App b/s it's fast, clear, and secured. thank you",5,2025-07-16,CBE,Google Play
"Although the UI is simple and easy to use. That does not mean anything if information is not consistent throughout the app, and most services are down most of the time. Also, I see that forcing the user to turn off Android Dev Settings to use the app is unnecessary and creates inconvenience for users who want to use their devices for Android development 🙄. If you have certain security requirements, you would rather prefer to restrict the minSdk (since recent android releases are secure).",1,2025-07-16,CBE,Google Play
difficult to transfer between accounts even settling tax obligations. system error notification more frequent.,1,2025-07-16,CBE,Google Play
chala bodena,2,2025-07-15,CBE,Google Play
ebc app not work or unable to connect server,1,2025-07-15,CBE,Google Play
i love this app,5,2025-07-14,CBE,Google Play
"excellent application, user friendly...nice one",5,2025-07-14,CBE,Google Play
why can't I transfer money to telebirr?,4,2025-07-12,CBE,Google Play
CBE Mobile Banking make us our life easier.,5,2025-07-12,CBE,Google Play
"I can't see my old transaction on this bank app just like other banks mobile apps example abissinya, tele birr, so please update this feature.",1,2025-07-12,CBE,Google Play
"it's a nice app""and buy to pay then simple for money transaction 10Q CBE.",5,2025-07-11,CBE,Google Play
"amzing app, so 10Q",5,2025-07-11,CBE,Google Play
"The CBE MB app is best and updated with so many features from time to time,but it is impossible to download statements. if it is possible please add a statement download option for both the app and USSD.",2,2025-07-11,CBE,Google Play
It is user friendly.,4,2025-07-10,CBE,Google Play
Application አንዳንዴ ቀርፋፋ ነው። ለምን ?,3,2025-07-10,CBE,Google Play
option app mobile banking,5,2025-07-09,CBE,Google Play
very poor and even not sho the balance and transaction history,1,2025-07-07,CBE,Google Play
this is very good app but what is bucket override i don't get,4,2025-07-06,CBE,Google Play
The best of mobile banking in Ethiopia 🇪🇹,5,2025-07-06,CBE,Google Play
"it's just a basic app, you could do a lot better I couldn't see my 2 months statement even",1,2025-07-06,CBE,Google Play
የሚስጥር ኮድ አሀዙ የበዛ መሆኑ አስተማማኝነቱ የጨምራል ።,5,2025-07-05,CBE,Google Play
Samsung s05 have no government utility payment options Please fix on the next update,1,2025-07-05,CBE,Google Play
"It is developed in a simple way, but what if you add a notebook, like to save some info or other bank account number",4,2025-07-04,CBE,Google Play
it's good app.,5,2025-07-03,CBE,Google Play
It is fast and best service. Go a head!,5,2025-07-02,CBE,Google Play
"This app is not reliable for transferring money to other banks or money transfer apps. It will take your money but not deliver it, and for confirmation, it takes three days to refund.",2,2025-07-02,CBE,Google Play
it is best app,5,2025-07-02,CBE,Google Play
"The worst Bank, system and app ever in Ethiopia.",1,2025-07-02,CBE,Google Play
please update the security policy. we can't take a SCREENSHOTS!,3,2025-07-02,CBE,Google Play
very very good,4,2025-07-01,CBE,Google Play
"It's a great application, but if you could improve it a bit, for example, by making it so that we can register and use it ourselves from the comfort of our own homes without having to go to a bank branch.",3,2025-07-01,CBE,Google Play
its very nice app,5,2025-07-01,CBE,Google Play
fast and easy to use,3,2025-07-01,CBE,Google Play
I really like this application it's easy to use and reliable,5,2025-07-01,CBE,Google Play
best application but is not available strong security .,5,2025-07-01,CBE,Google Play
very good thanks for services,1,2025-06-30,CBE,Google Play
I like this app bcz of this is very simple and easy to use,5,2025-06-29,CBE,Google Play
this application not working properly and payment service and transfer money please fix dear bank developer it's more boring service now,3,2025-06-29,CBE,Google Play
for the frist use the app is perfect but soon it begins to change the speed the massages and cost an arm and leg,1,2025-06-28,CBE,Google Play
"trasaction history needs to be more detailed,",3,2025-06-28,CBE,Google Play
safe secure fast,5,2025-06-28,CBE,Google Play
best mobile banking app,5,2025-06-26,CBE,Google Play
this app has a problem,1,2025-06-26,CBE,Google Play
Best of all,5,2025-06-26,CBE,Google Play
excellent services,5,2025-06-26,CBE,Google Play
"I'll give 5 stars when the app has the function to see more than just a couple of transactions. Right now, you can not even go back one month and see prior transaction. That is a standard banking function that also CBE should have. Because of that only 1 Start.",1,2025-06-25,CBE,Google Play
best of all,5,2025-06-25,CBE,Google Play
"The most unreliable banking app i ever used, the transactions are stuck halfway and i can't access my money then when you call the call center they ask that you wait 3-5 business days before they return the money what is the point off having a banking app if the transactions are unreliable and incomplete I'd rate less if i could.",1,2025-06-25,CBE,Google Play
for no reason my money is gone because the system keeps tell me failed than I tried to many times were my money is nowhere to be gone when I checked my balance I realise the money is gone,1,2025-06-25,CBE,Google Play
we would appreciate it if the app can allow to take screensshot.,4,2025-06-24,CBE,Google Play
Easy to use and clear.,5,2025-06-23,CBE,Google Play
Easy to use,4,2025-06-23,CBE,Google Play
super 🌟 start,5,2025-06-22,CBE,Google Play
It is so god,5,2025-06-21,CBE,Google Play
it's my life,5,2025-06-21,CBE,Google Play
SUFaa milikesaa,5,2025-06-19,CBE,Google Play
"Am not able to make screenshot,",1,2025-06-18,CBE,Google Play
setting ላይ mini statment ብታዘጋጁለት ቴሌብር app ላይ አለ የብዙ ቀን transaction አያሳይም የናንተ ። tnx,4,2025-06-17,CBE,Google Play
Is too good,5,2025-06-17,CBE,Google Play
ሰላም የምኖረው ውጭ ሀገር ነው የንግድ ባንክ አካውንት አለኝ እንዴት ላንቀሳቅሰው,5,2025-06-16,CBE,Google Play
ይህን ባንክ መጠቀም ያስጠላኛል ገንዘቤን ደጋግመው ያዙኝ ብዬ አስባለሁ ይህም ተስፋ አስቆራጭ ስርቆት አስመስሎ መጣ ማለት በሳምንት ሶስት ጊዜ ገንዘቤን ሰረቁኝ ማለት ይጠየቅልኝ,5,2025-06-16,CBE,Google Play
"it makes my life easy, and I feel like it deserves a 4-star.",4,2025-06-16,CBE,Google Play
It's best app but Please add(included) water bill payment ?,4,2025-06-16,CBE,Google Play
the system works even from wherever I am abroad CBE☆☆☆☆☆,5,2025-06-15,CBE,Google Play
very nice to use this app,5,2025-06-14,CBE,Google Play
Good service and have lightly internet accessed,3,2025-06-14,CBE,Google Play
the best mobile banking ever in Ethiopia,5,2025-06-13,CBE,Google Play
good app fast,5,2025-06-13,CBE,Google Play
very good work cbe team well developed,5,2025-06-13,CBE,Google Play
Excellent and easy to access and uptodate.,5,2025-06-12,CBE,Google Play
Best mobile banking app in Ethiopian banking industry. Keep up CBE,5,2025-06-12,CBE,Google Play
it's very helpful app in any way in and out of the county of Ethiopia good luck,5,2025-06-12,CBE,Google Play
So bad now and hard to use,5,2025-06-09,CBE,Google Play
"it is so amazing app. but, it is better to update it to access without any internet fees. just make it to open by free internet service when we open data connection.",5,2025-06-09,CBE,Google Play
very good app,1,2025-06-08,CBE,Google Play
Very amazing app indeed. I'm enjoying it,5,2025-06-08,CBE,Google Play
A great app. It's like carrying a bank in your pocket.,4,2025-06-07,CBE,Google Play
More than garrantty bank EBC.,4,2025-06-07,CBE,Google Play
really am happy to this app it is Siple to use everything,5,2025-06-07,CBE,Google Play
I liked this app. But the User interface is very basic and not attractive at all.,2,2025-06-07,CBE,Google Play
"""Why don’t your ATMs support account-to-account transfers like other countries( Kenya, Nigeria , South africa)""",4,2025-06-06,CBE,Google Play
what is this app problem???,1,2025-06-05,CBE,Google Play
the app is proactive and a good connections.,5,2025-06-05,CBE,Google Play
I cannot send to cbebirr app. through this app.,3,2025-06-05,CBE,Google Play
not functional,1,2025-06-05,CBE,Google Play
"everytime you uninstall the app you have to reach them out physically. very oldy! if that's one of security layer, they'd check for fraud attempt via app source directly(source:- app store, play store ... etc) implicitly ! we are in 2025, physical presence for every app install is traditional(traditionally very rare).",1,2025-06-04,CBE,Google Play
አካውንት የምናስገባበት ቦታ ስም ጽፈን ነው ከዚህ በፊት የላክንባቸውን አካዉንቶች የምንፈልገዉ ነገር ግን አዲስ አካውንቶች mr ብለዉ የሚጀምሩ በዝተዋል ግን አፕልኬሽኑ space ስንጽፍ አይቀበልም ቢስተካከል,4,2025-06-04,CBE,Google Play
Best Mobile Banking app ever,5,2025-06-04,CBE,Google Play
it was good app but it have some issues like it doesnt give me the right amount that I have in the bank and have some issues in transferring,2,2025-06-04,CBE,Google Play
best app of finance,5,2025-06-04,CBE,Google Play
it is not safety,1,2025-06-03,CBE,Google Play
it is like a childish app make it better the worst I have ever seen,1,2025-06-02,CBE,Google Play
"It's a problem solver application, go ahead CBE, I love so much.",5,2025-06-02,CBE,Google Play
It's good but try to make it facilitate for your client,4,2025-06-02,CBE,Google Play
Awesome bank,5,2025-06-01,CBE,Google Play
this app has developed in a very good ways but there are some comments I need to make 1- preventing the screenshot likely not good for someone like me coz I need to make screenshot for quicker evidence. 2-it would be good if you make us to access recent transaction histories for 30 days coz we don't have to go to the Bank's in person to see old transactions or add colander category so user can easily access old transactions through colanders.,5,2025-05-31,CBE,Google Play
"Recently there is big problem when sending to safaricom, telebir, and even to cbebirr wallet could anybody who is responsible fix it, it's very frustrating it's been 5 days and my money hasn't been returned it takes it out of my account but doesn't send it to my mpesa update- they have just corrected it and sent me back the money but still I'm afraid now to send again",2,2025-05-31,CBE,Google Play
better service,5,2025-05-31,CBE,Google Play
"it,s good app and time manager 👍",5,2025-05-30,CBE,Google Play
malkaamuu Jiidhaa Namoo,5,2025-05-30,CBE,Google Play
lower system everything,3,2025-05-30,CBE,Google Play
Keep it up My CBE,5,2025-05-29,CBE,Google Play
"I was using this app for the last two years with no problems. It stopped working about 3 months ago. when I tried to transfer funds it gives me error ""can't do this transaction. inactive account.""",4,2025-05-27,CBE,Google Play
i like everything of this app,5,2025-05-27,CBE,Google Play
🤬🤬🤬🤬 network 🛜,1,2025-05-26,CBE,Google Play
CBE is the best financial application and and very dimple to use. I would like to say thank you so much for the developer of application. I really appreciate this app.,5,2025-05-26,CBE,Google Play
it's awesome!!,5,2025-05-25,CBE,Google Play
thankyou every one,5,2025-05-25,CBE,Google Play
Ronaldo 🇵🇹 🥇,5,2025-05-25,CBE,Google Play
"this app is absolutely fantastic I love it and I enjoying to it ,let us support this foundation together .",5,2025-05-25,CBE,Google Play
"The CBE app has been highly unreliable in recent weeks. It frequently fails to work properly on both Ethio Telecom and Safaricom networks, whether using Wi-Fi or mobile data. This week, the system was down entirely for extended periods, making it very difficult to access banking services. The app only functions intermittently, and the lack of consistency is frustrating. I hope the issues are addressed soon, and that any non-technical influences are removed from such essential services.",2,2025-05-25,CBE,Google Play
mortuary app,5,2025-05-25,CBE,Google Play
it is smart app but it has stoped after some period of time on my device with out any reason .,5,2025-05-25,CBE,Google Play
amazing app I am used this app for one year,4,2025-05-24,CBE,Google Play
i love it 😍😘,5,2025-05-24,CBE,Google Play
It makes life easy!👌,5,2025-05-24,CBE,Google Play
its not fast,1,2025-05-24,CBE,Google Play
it is sooo good,5,2025-05-24,CBE,Google Play
accessible to using,5,2025-05-23,CBE,Google Play
why you change default network?,5,2025-05-23,CBE,Google Play
very nice 👍,5,2025-05-23,CBE,Google Play
nice fast app,5,2025-05-23,CBE,Google Play
how to I get my money,5,2025-05-22,CBE,Google Play
"Very bad, can't even load they need to improve their services.",1,2025-05-22,CBE,Google Play
"Very good app, but please make it reliable . it crashes sometimes .",4,2025-05-22,CBE,Google Play
very busy I don't know why... I prefer 889,3,2025-05-22,CBE,Google Play
"Sometimes it has a nasty lag for several hour fix that , the rest is 👌",4,2025-05-22,CBE,Google Play
the most boring Mobil banking application in ethiopia.Please use alternative private banks mobile banking apps,1,2025-05-22,CBE,Google Play
hojii bonsaadha,5,2025-05-22,CBE,Google Play
user-friendly apps.because this app is easy.,5,2025-05-22,CBE,Google Play
"Very good app,",5,2025-05-22,CBE,Google Play
ይህ መተግበሪያ በጣም ጥሩ ነው. this app is very nice,5,2025-05-22,CBE,Google Play
I hate this app 😒,1,2025-05-22,CBE,Google Play
update issue,4,2025-05-21,CBE,Google Play
its not working over safari network,1,2025-05-21,CBE,Google Play
it doesn't work,1,2025-05-21,CBE,Google Play
"This app is good, and we are using it well",1,2025-05-21,CBE,Google Play
very nice 👌 app for android phone,5,2025-05-21,CBE,Google Play
easy to use helpful in my life,5,2025-05-21,CBE,Google Play
the best mobile banking app,5,2025-05-21,CBE,Google Play
"this app is very useful app,it saves time,and it is secure",4,2025-05-21,CBE,Google Play
it's a good application 👍,5,2025-05-21,CBE,Google Play
the screenshot and the reffresh options are so annoying that makes transaction so delaying activity !,2,2025-05-21,CBE,Google Play
poor service,1,2025-05-20,CBE,Google Play
it is reliable and easy to use.,5,2025-05-20,CBE,Google Play
the most annoying mobile banking app I've ever seen,1,2025-05-20,CBE,Google Play
Cbe mobile banking,5,2025-05-20,CBE,Google Play
"i can't make Screenshout in this app, please made modification",5,2025-05-20,CBE,Google Play
Best app I loved it,5,2025-05-18,CBE,Google Play
Amazing applicatiom sometimes doesnt work!,5,2025-05-18,CBE,Google Play
well satisfied with this beautiful app,5,2025-05-18,CBE,Google Play
"not working,why???",5,2025-05-17,CBE,Google Play
always disappointing ! especially the iOS one !! some similar local applications are extremely superior to this application!! Really disappointing!,1,2025-05-17,CBE,Google Play
woxe harimo ribiso,5,2025-05-16,CBE,Google Play
"Good ,easy to use",5,2025-05-16,CBE,Google Play
"Please kindly ask to update the app and allow us to screenshot, it's convenient and efficient as long as you add security to the access there is no reason to block us from screenshooting our screen.",2,2025-05-14,CBE,Google Play
I have using the CBE mobile banking app. and overall i appreciate its Feuteres However i.ve Notticed that when i turn on the Developer options on my divice the App.Stop Functioning prorerly It.Would Be Great If You could look into This issue as l often need to access Developer setting for Otter Application ThankYou For Your attention to This Matter,4,2025-05-13,CBE,Google Play
customer service is bad nothing is good about this bank,1,2025-05-13,CBE,Google Play
It is Amazing Mobile Banking App....But why the screenshot of the receipt doesnt work,5,2025-05-13,CBE,Google Play
fast and simple easy to use 👌,5,2025-05-12,CBE,Google Play
The fastest transferring app I ever had its so reliable,5,2025-05-11,CBE,Google Play
"Funds transferred from the same bank do not reflect in the account, even though a confirmation text message was received.",3,2025-05-11,CBE,Google Play
it's easy and fast,5,2025-05-10,CBE,Google Play
This app don't have self activation only you have to look near cbe branch that's disgusting,1,2025-05-10,CBE,Google Play
hello dearest CBE office personnel make some benefits for those using interest free accounts thanks for your help,5,2025-05-09,CBE,Google Play
wow best application ever,5,2025-05-09,CBE,Google Play
"Am sorry but what does developer mode do to the application ? hack it ? are you sure you are developer or are you stupid, doesnt makes sense,",1,2025-05-08,CBE,Google Play
the pride of Ethiopian bank 🏦,5,2025-05-08,CBE,Google Play
why the app telling me to turn of developer options please fix it.,1,2025-05-07,CBE,Google Play
i am very happy . i have small prob. after i transfer i cant put the transfer cashe bil to my dic.,5,2025-05-07,CBE,Google Play
amazing apps,5,2025-05-06,CBE,Google Play
All service of Mobile Banking,5,2025-05-06,CBE,Google Play
needs improvement,1,2025-05-06,CBE,Google Play
i miss the old one i couldn't send my mony to other bank..,1,2025-05-06,CBE,Google Play
the app is recently crushing each time you open and try to make transfers...it used to be good. take lessons from the Dashen Super app or ethiotelecom. it is not befitting of your experience and glory. inv3st in making it more friendly and convenient. I am considering leaving CBE for good.,2,2025-05-06,CBE,Google Play
good but these week not oky,4,2025-05-06,CBE,Google Play
well designed! Fixing bugs & two step verification with biometric... simply it's great!,5,2025-05-06,CBE,Google Play
If any developer is reading this please fix the screenshot functionality or at least the download button should work flawlessly without me touching it twenty times.,1,2025-05-05,CBE,Google Play
"it's a great job.but one more thing, it hasn't been placed for transfer to other banks on face like mobile charge card place",5,2025-05-05,CBE,Google Play
CBE mobilr bankg,5,2025-05-05,CBE,Google Play
it's very low quality application,1,2025-05-04,CBE,Google Play
Very Amazing Apps,5,2025-05-04,CBE,Google Play
wow simple life,5,2025-05-04,CBE,Google Play
Why stacked sometimes,5,2025-05-03,CBE,Google Play
okay 👍 but sometimes busy,1,2025-05-03,CBE,Google Play
the worst commercial company that fails to do even the most normal things again and and again.,1,2025-05-03,CBE,Google Play
Very good app. but disappointed by general cessation of system.,5,2025-05-02,CBE,Google Play
Good and fast,5,2025-05-02,CBE,Google Play
Unreliable!,1,2025-05-02,CBE,Google Play
Best the best fast,5,2025-05-02,CBE,Google Play
fast and reliable,5,2025-05-02,CBE,Google Play
network errorrrrrr,2,2025-05-02,CBE,Google Play
Best app but there is some problem I can't send money to telebirr or mpesa so if you can add that it could be use full,4,2025-05-02,CBE,Google Play
its good and simple to use,5,2025-05-02,CBE,Google Play
worest app like that bank for security and network access,1,2025-05-02,CBE,Google Play
it's the best app i,5,2025-05-02,CBE,Google Play
not bad not good,1,2025-05-02,CBE,Google Play
its very nice,5,2025-05-02,CBE,Google Play
do not work this week,3,2025-04-30,CBE,Google Play
It crashes frequently,4,2025-04-30,CBE,Google Play
"I can simply describe this app as ""Making all your work easier"".",5,2025-04-28,CBE,Google Play
best appearance,5,2025-04-27,CBE,Google Play
it's very good 👍 app,5,2025-04-27,CBE,Google Play
I need support you,5,2025-04-26,CBE,Google Play
the worst Mobile banking i have ever seen in my life,1,2025-04-26,CBE,Google Play
i like the app,5,2025-04-26,CBE,Google Play
to other bank is bad,1,2025-04-25,CBE,Google Play
its good but add more features such like. bank statement showing,5,2025-04-24,CBE,Google Play
it is so nice,5,2025-04-24,CBE,Google Play
"my first frequent experience of cbe app is critical-time failure such as suspending payment on air for 2-5 days with zero explanation, deducting from sender account without depositing to the receiver act. Another fatal error by the banking company as a whole (not the app itself though) is forced-banking with corporations without consent of employers-users of the corresponding corporations",2,2025-04-21,CBE,Google Play
"wow, amazing app",5,2025-04-21,CBE,Google Play
Actually it is inactive,4,2025-04-19,CBE,Google Play
"slow, only one account is used",2,2025-04-19,CBE,Google Play
always CBE is the leading Commercial Bank💪💪💪,5,2025-04-18,CBE,Google Play
nice apps where network is good in connection,5,2025-04-18,CBE,Google Play
Thank you!!!,5,2025-04-18,CBE,Google Play
i can't take screenshot,1,2025-04-18,CBE,Google Play
"every update was made the system better and better until the March 19th, 2025 update, not allowing us to screenshot. you guys didn't understand how much it's a really quick and significant thing. You add extra steps to us, which makes the process draw back",3,2025-04-18,CBE,Google Play
perfectly special,5,2025-04-18,CBE,Google Play
Fast and Reliable,5,2025-04-18,CBE,Google Play
The best application I have ever seen in Ethiopia banking industry.,5,2025-04-17,CBE,Google Play
great app!!!,5,2025-04-17,CBE,Google Play
"Absolutely the best app! It works flawlessly, anytime and anywhere.",5,2025-04-17,CBE,Google Play
very nice app ever!!!,5,2025-04-16,CBE,Google Play
the best app,5,2025-04-16,CBE,Google Play
Biometric security for mobile banking is not available,5,2025-04-16,CBE,Google Play
Nice service,5,2025-04-15,CBE,Google Play
"In the updated version of the app, it takes more time to download the receipt.",3,2025-04-15,CBE,Google Play
ለምንድነው ትራንዛክሽን ትንሽ ብቻ የሚያሳየው ?,3,2025-04-14,CBE,Google Play
very interesting app i am using every day fantastic,5,2025-04-14,CBE,Google Play
grateful app,5,2025-04-13,CBE,Google Play
100% ❤️❤️❤️🙏🙏🙏🙏🙏🙏🙏🙏🙏🙏🙏🙏🙏🙏🙏🙏,5,2025-04-13,CBE,Google Play
everthing wellbeok,3,2025-04-13,CBE,Google Play
"""This mobile banking app is fast and user-friendly, but the only issue I encountered is that I can't access my bank statement within the app. I kindly request that this feature be added, similar to what is offered by other private bank mobile banking apps.",4,2025-04-12,CBE,Google Play
why did this app is not screenshot,5,2025-04-12,CBE,Google Play
it so good app,5,2025-04-12,CBE,Google Play
the best app,3,2025-04-12,CBE,Google Play
"less network, specially to make fee for utility purpose",1,2025-04-11,CBE,Google Play
simply for used,4,2025-04-10,CBE,Google Play
wow keep up,5,2025-04-10,CBE,Google Play
its great app but when updating we can't take screen shot please try to fix it,3,2025-04-10,CBE,Google Play
everything is easy thank you cebe,5,2025-04-10,CBE,Google Play
but this app says can't sync,5,2025-04-09,CBE,Google Play
work on screen shot system,4,2025-04-08,CBE,Google Play
very very nice aplication,1,2025-04-08,CBE,Google Play
wonder full and it is easy to use,5,2025-04-08,CBE,Google Play
easy and reliable,2,2025-04-08,CBE,Google Play
it is Very Useful app 👍,5,2025-04-07,CBE,Google Play
perfect app,5,2025-04-07,CBE,Google Play
commerial Bank,5,2025-04-06,CBE,Google Play
it is good but it doesn't allow screen shot,4,2025-04-06,CBE,Google Play
the best one,5,2025-04-06,CBE,Google Play
You need to copy many things from other bank apps like Amole(Dashen),2,2025-04-06,CBE,Google Play
bring back the screenshot feature.,1,2025-04-05,CBE,Google Play
best app to experience him that to smooth transaction among the customers,1,2025-04-05,CBE,Google Play
nice app suitable to use it. the only weak side is it need data connections and hoping will be fixed to offline i gave 4 rate,4,2025-04-05,CBE,Google Play
easy to use,5,2025-04-05,CBE,Google Play
"Good job to the CBE team on this mobile app! It's designed in a way that's simple and intuitive to navigate, which is great for everyone. It effectively handles the essential banking tasks I need to perform regularly. It's a practical and reliable tool that makes everyday banking much more convenient. Thank you for this useful application.",5,2025-04-04,CBE,Google Play
ለኔ በጣም ምርጥ ነው ግን screenshot ማረግ ቢቻል ምርጥ ነበር,5,2025-04-04,CBE,Google Play
before it was smooth and good. this time after the new update in 2025 i can not make screenshot of my recite. even the downlod button is very delayed in putting my recite in my gallery for simple proof. please fix this i am unable to show proof of payment to my clients. thankyou.,3,2025-04-04,CBE,Google Play
best banking App,4,2025-04-03,CBE,Google Play
this app is very necessary app many people found it,5,2025-04-03,CBE,Google Play
cbe very active Bank I'm using CBE app very very satisfaction,5,2025-04-03,CBE,Google Play
It made life alot easier. I cant even imagine having to make all those transactions in person. So this app was crucial for me. Very good app. well done.,5,2025-04-03,CBE,Google Play
"I don't understand the reason, why I need to disable developer options to access the app, it has no security risks nor does it hinder the app's functionalities. This goes out to the dev, I hope your life is filled with inconveniences.",1,2025-04-02,CBE,Google Play
easy to use,5,2025-04-02,CBE,Google Play
very good app and stars faction with work,5,2025-04-01,CBE,Google Play
It is excelent,5,2025-04-01,CBE,Google Play
በየወሩ አፕደት እየጠየቀኝ ነው ለነገሩ ብር ስሌለኝ ይሆናል እና ምን ለማለት ፈልገ መሰላቹ ወላህ ቼግሮኛል 🥺🥺🥺,3,2025-04-01,CBE,Google Play
very interesting app,5,2025-04-01,CBE,Google Play
wow.......cbe.....keep it up.....!!!!!!,5,2025-04-01,CBE,Google Play
ጊዜን ቆጣቢ እና ህይወትን ቀለል ከሚያደርጉ ኢትዬጲያ ካሉ ፋይናንስ አፕልኬሽኖች ሁሉ ይሄ ይለያል,5,2025-04-01,CBE,Google Play
Excellent🙏app,5,2025-04-01,CBE,Google Play
the most useful,5,2025-04-01,CBE,Google Play
I am more satisfied in this app . More sure you have to secure.,4,2025-04-01,CBE,Google Play
Easy to use,5,2025-04-01,CBE,Google Play
"very good, but sometimes NUR CBE comes without my consent. even if I choose locked, it appears",4,2025-04-01,CBE,Google Play
Excellent !!!,5,2025-04-01,CBE,Google Play
always we relay on,5,2025-04-01,CBE,Google Play
I'm lucky to have this🙏 thank you CBE.,5,2025-04-01,CBE,Google Play
it's need more improvement like Tellbirr.,4,2025-04-01,CBE,Google Play
a very nice app.👍👍👍,5,2025-04-01,CBE,Google Play
safe easy & fast,5,2025-04-01,CBE,Google Play
it's good app,5,2025-04-01,CBE,Google Play
It is veary useful app but screen shout was impossible .solve this problem,5,2025-04-01,CBE,Google Play
እጅግ በጣም ጥሩ አፕ,5,2025-04-01,CBE,Google Play
በጣም ሃሪፍ ነው ግን ብር በሚተላለፍበት ወቅት ተቀንሷል ይላል እላፊ መልክቱ ይደርሳል ግን አይቀንስም,5,2025-04-01,CBE,Google Play
suitable app,4,2025-04-01,CBE,Google Play
Dear cbe this app is not comparable with 21century and pls try to solve it.💀💀💀,1,2025-04-01,CBE,Google Play
best transaction method of financial,5,2025-04-01,CBE,Google Play
#CBE is Now going to on the right Pathway/track/!! Thank you CBE one step ahead on payment platform app!!,5,2025-04-01,CBE,Google Play
good give us plus,5,2025-04-01,CBE,Google Play
"Very good application. However, I have one functionality recommendation. What if you let the app transfer money to any telebirr account as for MPESA? By the way, I am not the only one to ask this. Thank you!",4,2025-03-31,CBE,Google Play
before update it was able to screenshot while after update I can't able to screenshot the transfere details,4,2025-03-31,CBE,Google Play
it is good app. But you have integrate cbe with cbe birr. to allow cardless withdrawal directly from our accout!,4,2025-03-31,CBE,Google Play
very good 👍 👏,5,2025-03-31,CBE,Google Play
great when it works,5,2025-03-31,CBE,Google Play
"the app is very good, but why screenshots is impossible?",5,2025-03-31,CBE,Google Play
excellent match application,5,2025-03-31,CBE,Google Play
The Best app😍😍😍,5,2025-03-31,CBE,Google Play
excellent app,5,2025-03-31,CBE,Google Play
easy to use and user friendly,5,2025-03-31,CBE,Google Play
አሪፍ ነው በተለይ የአሻራ ደህነቱ መረጋገጡ ተመችቶኛል,3,2025-03-31,CBE,Google Play
well software,5,2025-03-31,CBE,Google Play
ጥሩ ነው አንዳንዴ ስታክ ቢያደርግም,4,2025-03-31,CBE,Google Play
CBE very good apps,5,2025-03-31,CBE,Google Play
"This application fast, secure and more convenient. Thanks CBE",5,2025-03-31,CBE,Google Play
excellent service,5,2025-03-31,CBE,Google Play
Why didn't you display cash transactions and bank statement in the mobile banking app?,4,2025-03-31,CBE,Google Play
Amazing app,5,2025-03-31,CBE,Google Play
our legitimate bank,4,2025-03-31,CBE,Google Play
Ever and never seen this kind of app I proud my CBE,5,2025-03-31,CBE,Google Play
very good and safe for me!,5,2025-03-31,CBE,Google Play
it is best bank,5,2025-03-31,CBE,Google Play
"very good, but sometimes....",4,2025-03-31,CBE,Google Play
ከአንድ መስሪያ ቤት ወይም ድርጅት ወይም ግለሰብ በርከት ላለ ሰው ሲላክ የላኪውን መስሪያ ቤት ወይም ድርጅት ወይም ግለሰብ እንዲያሳይ አታደርጉም ? ግለሰብ ለግለሰብ ወይም ለድርጅት ሲከፍል ያሳያል ።,5,2025-03-31,CBE,Google Play
Why not allowed to pay for fuel?,4,2025-03-31,CBE,Google Play
Great version,5,2025-03-31,CBE,Google Play
Good and easy to use,5,2025-03-31,CBE,Google Play
nice app and fast money transfer,5,2025-03-31,CBE,Google Play
Really automated...,5,2025-03-31,CBE,Google Play
bek betam kelal,5,2025-03-31,CBE,Google Play
ምርጥ አፕ ነው ተመችቶኛል❤❤,3,2025-03-31,CBE,Google Play
Recently app keeps closing and the notification after says this app has a bug. Can you make an update please,4,2025-03-31,CBE,Google Play
"very good, keep it up",5,2025-03-31,CBE,Google Play
there is some issue the process it delay,3,2025-03-31,CBE,Google Play
what an amazing application in Ethiopian Banking industry which is very interested one!,5,2025-03-31,CBE,Google Play
interesting,3,2025-03-30,CBE,Google Play
simple&fast!!!,5,2025-03-30,CBE,Google Play
it is very good app,5,2025-03-30,CBE,Google Play
It is very excellent anddynamic plus user friend all in one bank apps of the era. I loved it.,5,2025-03-30,CBE,Google Play
Very God thanks,5,2025-03-30,CBE,Google Play
best of bests,5,2025-03-30,CBE,Google Play
am happy thank you CBE🫡,5,2025-03-30,CBE,Google Play
it's very nice 👍.,5,2025-03-30,CBE,Google Play
"The history sometimes misses transactions, tranfer to cbe birr debited but not really transferred, We need to really cop up with the world for real. The hacks and security problems, invest on and solve them.",3,2025-03-30,CBE,Google Play
halan garidhaa cbe,5,2025-03-30,CBE,Google Play
best apps for useing,5,2025-03-29,CBE,Google Play
Good apps ...But fix the screenshot its not easy like before ......,5,2025-03-29,CBE,Google Play
"I am not exaggerating when I say that this application is one of the biggest players in the banking industry. It has simplified a lot of things for the user, even if the bank is in his pocket. But my opinion is (1), when we transfer money, there is a word limit on the (Note) at the end. Why can't we write our reason briefly? I don't understand why it is limited. On the other hand, there is no limit on the bank. Could you explain this? (2), when we pay for water, why is the code not mentioned",5,2025-03-29,CBE,Google Play
in this update why screenshoot is disabled now it's not working,1,2025-03-28,CBE,Google Play
"realy I donot seen like this application ! fast ,safe ande confortable",5,2025-03-28,CBE,Google Play
Excellent but needed upgrading!,5,2025-03-28,CBE,Google Play
goods app!! pleace update this apps??,4,2025-03-27,CBE,Google Play
"The latest update prevents taking screenshots, which is really annoying! please allow us to take screenshots! we need it for evidence (particularly, in case of transfer failure!).",1,2025-03-27,CBE,Google Play
Fantastic app! I appreciate it very much,5,2025-03-27,CBE,Google Play
Convenient app,5,2025-03-27,CBE,Google Play
Doesn't work properly. It crashes some many times. commercial bank of Ethiopia not only the application but also sending money to own CBE birr doesn't get your money in your bank account. forcefully you must wait 3-5 days to get your money back to your account. walk up CBE the world is going to decentralized finance.,1,2025-03-26,CBE,Google Play
It crashes multiple times everytime you launch it. Fix it. Edit: crash fixed but screenshots has been disabled. I don't know who thought this was a good idea.,1,2025-03-26,CBE,Google Play
why why u remove screen shoot😡😡,2,2025-03-26,CBE,Google Play
"I fails mid transaction, No screenshot, download don't work, link shared not working bring back the old app this is usless",1,2025-03-26,CBE,Google Play
very nice one,5,2025-03-26,CBE,Google Play
good application,5,2025-03-25,CBE,Google Play
problem solver and the best fast app,5,2025-03-25,CBE,Google Play
ምርጥ አፕሊከሽን ነው ገንዘብ ለመላክም ሆነ ለማንኛውም ነገር ተመችቶኛል በዚው ቀጥሉበት,5,2025-03-25,CBE,Google Play
Please bring back the screenshot option. The screenshot download option takes like 15 second appear in gallery and most people don't know about it.,3,2025-03-25,CBE,Google Play
you must added dark mode options ❗,3,2025-03-24,CBE,Google Play
ممتاز جدا جدا,5,2025-03-24,CBE,Google Play
very nice and convenient app,5,2025-03-24,CBE,Google Play
there are to many bugs app keeps crashi ng and the update file seems to keep getting worse,2,2025-03-24,CBE,Google Play
why did the screen shot stopped ?????,3,2025-03-24,CBE,Google Play
it's genuine app..,5,2025-03-23,CBE,Google Play
it's a very good application but sometimes it takes a long time to synchronize,4,2025-03-23,CBE,Google Play
commercial dank...,5,2025-03-23,CBE,Google Play
it's very good,5,2025-03-23,CBE,Google Play
to getting money,5,2025-03-23,CBE,Google Play
some times it is difficult to get reciepts for the payment made,1,2025-03-23,CBE,Google Play
this app is best,1,2025-03-23,CBE,Google Play
it's very useful,5,2025-03-23,CBE,Google Play
best app and update more features *****,5,2025-03-23,CBE,Google Play
best app for this vast digital finanical word,5,2025-03-23,CBE,Google Play
this app is my favorite application,5,2025-03-22,CBE,Google Play
Hooo I love this application,5,2025-03-22,CBE,Google Play
The app protects me from screenshot after update. Please make revision on the app.,4,2025-03-22,CBE,Google Play
Screenshot or slip not working,2,2025-03-22,CBE,Google Play
thank you for help,5,2025-03-22,CBE,Google Play
I'm sad guys what are you doing? Why did you add the screenshot restriction to the app? You just made it worse it was a great value to us. You need to rethink it. i will change the 1 star rating when you resolve the issue.,1,2025-03-22,CBE,Google Play
Thise is helpfull and have good and easy for mobile money usage in ethiopia,5,2025-03-22,CBE,Google Play
"Old version was very friendly to use. Now we can't see the #Reason The #transaction history (very limited) and now it crash every time it's opened. More over, the last update prevents us from taking #screenshots. Thanks for the developers as they are getting more stupid than ever.",1,2025-03-21,CBE,Google Play
What an absolutely terrible update. No screenshots and you still have this stupid restriction on developer options. WHAT ABOUT THOSE OF US WHO ARE ACTUALLY DEVELOPERS!!!!!! At this point telebirr just wins the game 100%. CBE. Do. Better!,1,2025-03-21,CBE,Google Play
Wow its my in,5,2025-03-21,CBE,Google Play
In the lasted update you removed the capability to screenshot transactions.,3,2025-03-21,CBE,Google Play
how do you disable screenshots on a banking app you are very unserious people,1,2025-03-21,CBE,Google Play
no screenshot and biometrics on this version wtfk?,3,2025-03-21,CBE,Google Play
"Not Good, too lame to use",1,2025-03-21,CBE,Google Play
ረዘም ላለ ግዜ እየተጠቀምኩት ነው ይህን መተግበሪያ ጥሩ ነው ነገር ግን አንዳንድ ችግሮች አሉበት 1ኛ የከፈልኩበትን ደረሰኝ በግዜው ከልወሰድኩ ከሰላሳ ትራንዛክሽን በኅላ መልሼ ከዚህ በፊት የተገበያየውበትን ማግኘት አልችልም ልክ እንደ ሌሎች ባንኮች ምሳሌ (አቢሲኒያ አዋሽ..) ሌላው ብር ለመላክ አስቤ እልካለው ግን አካውንቴ ላይ ለተወሰነ ደቂቃ ከአካውንት ሰይቀንስ ይቆይና ያልገባ መስሎኝ ድጋሜ እልካለው ሁለት ግዜ ሰው ጋ ይገባና ሌላ ችግር ውስጥ መግባት ይህኛው በጣም ትኩረት ሊሰጠው የሚገባ ጉዳይ ነው ሌሎችንም ስህተቶችን ማንሳት ይቻላል ዋናውን ላንሳ ብዬ ነው እንጂ developerሮች በርቱ በየ ግዜው የሚሰጣችሁን feedback ተቀበሉ አሻሽሉት,3,2025-03-20,CBE,Google Play
CBE app is great,5,2025-03-20,CBE,Google Play
its good and saving time,5,2025-03-20,CBE,Google Play
"this new update(Mar 19,2025) is great in fixing bugs, stability and smooth experience I'll give u that but it came with a big shortcoming which is not allowing to take screenshot. I can't screenshot neither my balance nor the transaction or anything within the app, i understand it's for security reasons but please bring that back, allow us to take screenshot we need that. Thanks.",4,2025-03-20,CBE,Google Play
"what went wrong, I couldn't take a screenshot.",3,2025-03-20,CBE,Google Play
App is crushing recently. Please update.,4,2025-03-20,CBE,Google Play
It is good but why screenshot is forbidden,4,2025-03-20,CBE,Google Play
Taking away the screenshot of the receipt is just silly. Worse is tbe download button putting a copy of the screenshot - which you prevented to be taken - in tbe downloads folder where we cant attach directly from Whatsapp. Millions of people use the screenshot as proof of payment / transfer yet you make that harder for everyone? I have every user contacts the developer or manager who made this awful decision.,1,2025-03-20,CBE,Google Play
very good app,5,2025-03-19,CBE,Google Play
New update version 5.0.9 keeps crashing it needs maintenance,3,2025-03-19,CBE,Google Play
the update is unneeded,1,2025-03-19,CBE,Google Play
Reliable bank,5,2025-03-19,CBE,Google Play
as if the update of march 19 i can't take a screenshot in the app. i can just save it as file and that is so annoying. i used to save all screenshot in my gallery in one folder now with the extra steps added i have to save the file go to file and then screenshot it. the solution is to allow the screenshot to be save in to gallery automatically. i wish you give this review attention and resolve the issue shortly.,2,2025-03-19,CBE,Google Play
it is good app but when I make inter bank transaction It can't display The receiver account number and name of receiver and also receiver bank,4,2025-03-19,CBE,Google Play
perfect app,5,2025-03-19,CBE,Google Play
It was nice but now it dose not opened the transactions,5,2025-03-18,CBE,Google Play
simple to use,5,2025-03-17,CBE,Google Play
The apps is good to use,5,2025-03-17,CBE,Google Play
the app has a bug and it keeps crashing 😑 please provide an update and fix the issue thank you....,3,2025-03-17,CBE,Google Play
This is my favorite App,5,2025-03-17,CBE,Google Play
1.we can't get mobile Token on CBE App or any other online. This is need to improve 2.internet banking is always say authenticate error after some weeks this is need to improve.,4,2025-03-15,CBE,Google Play
excellent app for account transaction specially for bussiness customers and a good method to pay bills and different personal payment.,5,2025-03-15,CBE,Google Play
የሚገርም አፕ ተመችቶኛል 🙏❤,5,2025-03-14,CBE,Google Play
"The app has brought a new problem. When i open the app, it closes itself then i have to open it again. Please fix this issue if it's your problem",3,2025-03-14,CBE,Google Play
በጣም ጥሩ አፕልኬሽን ነው,2,2025-03-14,CBE,Google Play
"In my view, I can't give any conclusion because it's the starting of an online banking in my country. However, the commercial bank of ethiopia must rebuild this app and also need to make more access to changing the system. Keep continuing ethiopia 🇪🇹 🇪🇹🇪🇹🇪🇹",5,2025-03-14,CBE,Google Play
Very attractive and user-friendly,5,2025-03-13,CBE,Google Play
The app need update it always crash,1,2025-03-13,CBE,Google Play
It is very comfortable and simple to use!!! But whay standing order is not work?,5,2025-03-13,CBE,Google Play
"One of the best apps I have used ,",5,2025-03-13,CBE,Google Play
I am appreciate this app,5,2025-03-12,CBE,Google Play
Excellent app,5,2025-03-12,CBE,Google Play
I'm very happy using this app. Thanks to developers.,5,2025-03-12,CBE,Google Play
CBE birr app is my best choice.,5,2025-03-12,CBE,Google Play
Exceptional/incredible,5,2025-03-12,CBE,Google Play
Unstatisfied with the new update keeps crashing every now and then and even though i haven't reached the max txn per day still refuses to transfer...probably going to change my bank if it's not fixed asap,1,2025-03-10,CBE,Google Play
It is one of the disappointed Bank you don't suppose to include Ethiopian on your name you don't deserve it.,1,2025-03-10,CBE,Google Play
Simple and easy to use,5,2025-03-10,CBE,Google Play
it's not good app,5,2025-03-10,CBE,Google Play
"I have been using CBE App for long, but recently it has started crashing repeatedly and even my phone is reporting that the app has bugs and tells me to wait the developer to fix these bugs.",1,2025-03-09,CBE,Google Play
The great app CBE,5,2025-03-09,CBE,Google Play
Why it asks me Update repeatedly as soon as I download it !!,1,2025-03-09,CBE,Google Play
Commercial Bnk Rate this,5,2025-03-08,CBE,Google Play
It is good for many aspect. If I can get transactions report with time duration(periodically),3,2025-03-07,CBE,Google Play
its so excellent app,5,2025-03-07,CBE,Google Play
Due to connection problem,1,2025-03-07,CBE,Google Play
Best performing app,5,2025-03-07,CBE,Google Play
Best banck in Ethiopia,5,2025-03-06,CBE,Google Play
Two step verification update is fake (meaningless). Why because the app gives you an option of to use pin while requesting two step verification step. 🔐 This updated app is not differ than the previous one in case of security & safegaurding users.👹👹💀💀 The other features of the app are best and easy to use it.⭐️⭐️⭐️⭐️⭐️,1,2025-03-06,CBE,Google Play
Tashoo damisee,4,2025-03-05,CBE,Google Play
Why don't install,5,2025-03-05,CBE,Google Play
I'm glad to use it.,5,2025-03-05,CBE,Google Play
Very good thank you,5,2025-03-04,CBE,Google Play
it's not working good,5,2025-03-04,CBE,Google Play
Best service,5,2025-03-04,CBE,Google Play
I have been a customer of the Commercial Bank of Ethiopia for many years,5,2025-03-03,CBE,Google Play
"We need this app to work properly, and it looks like an outdated",2,2025-03-03,CBE,Google Play
The app crashes too many times. It's a buggy app,1,2025-03-03,CBE,Google Play
Verry good it is easy to use anything,5,2025-03-01,CBE,Google Play
system problem,4,2025-03-01,CBE,Google Play
So slow with Internet,1,2025-03-01,CBE,Google Play
I phone app is not working,2,2025-03-01,CBE,Google Play
Sometimes it dosent work,4,2025-03-01,CBE,Google Play
It is better app,5,2025-03-01,CBE,Google Play
Good work very important,5,2025-02-28,CBE,Google Play
It is exlent app it is helful,5,2025-02-28,CBE,Google Play
Best app I like,5,2025-02-28,CBE,Google Play
It don't work,1,2025-02-28,CBE,Google Play
Bad security 🔓,2,2025-02-28,CBE,Google Play
"It's a shame,it can't performe well,you guys can't even fix a bug, It's getting unusable, shame shame shame 😡",1,2025-02-28,CBE,Google Play
Easy to Use and Effecent System.,5,2025-02-28,CBE,Google Play
የሞባይል ባንኪንጋችሁ ግብይትን ቀለል ያደርጋል,5,2025-02-27,CBE,Google Play
It is good but i can not install the app why? And the other one is it is better to show the earliest transactions for instanse before 30 days ago,3,2025-02-27,CBE,Google Play
Sometimes it does not.work,3,2025-02-27,CBE,Google Play
"I have been using the App since it is first released and it has been nice, but the latest Update are very worse the app crashes frequently and drains battery highly.",3,2025-02-27,CBE,Google Play
Commercial bank and it's mobile banking is very good,5,2025-02-27,CBE,Google Play
Good very good,5,2025-02-27,CBE,Google Play
Friendly mobile banking application,5,2025-02-27,CBE,Google Play
1 star because I have to visit my bank for new installation of the app and reactivation takes about 45 to 60 minutes with there long queue and system failures. Learn from telebire app and give options to customers to apt out of this ridiculous security feature. Second why is there no customization in the settings for displaying which account I want displayed in the first section rather that slide to my main account every time. You are making us pay a monthly subscription. Bare minimum is not it,1,2025-02-26,CBE,Google Play
Recently it is not working please check it,2,2025-02-26,CBE,Google Play
It is a user friendly excellent app.,5,2025-02-26,CBE,Google Play
Simple and efficient,5,2025-02-25,CBE,Google Play
It is Better to use and Save time. I truly appreciate the Bank System.,5,2025-02-25,CBE,Google Play
Simple and secure app,5,2025-02-25,CBE,Google Play
Crashing frequently every time I try to log in.. it's so annoying,1,2025-02-25,CBE,Google Play
FIX THE BUG! so frustrating,3,2025-02-25,CBE,Google Play
Good experience,5,2025-02-24,CBE,Google Play
My device install up updated all data access all function but can't support transaction i. e first login password works but can't conformation last transaction password,5,2025-02-24,CBE,Google Play
Constantly crashing after new update,1,2025-02-24,CBE,Google Play
Ani Addunyaa Eebbisaa Tolasaa ti. Magaalaa Mandii keessaa dukkaana qorichaa dhuunfaan qaba. Appilikeeshiniin kun hojii koo kana naaf saffisiisuu keessatti qooda ol’aanaa qaba. Akka ‘mobile banking’ ‘busy’ waan hin ta’u. Namoonni hundumtuu Appii kana akka fayyadaman cimseen gorsa. Galatoomaa!💪🙏❤️,5,2025-02-24,CBE,Google Play
"Great UX, simple to use yet has all necessary features.",4,2025-02-24,CBE,Google Play
Nice 👍 this is app,5,2025-02-23,CBE,Google Play
"Why can't we use this app with Developer Mode turned on, when other big international banks apps allow it?",1,2025-02-22,CBE,Google Play
It is Good application,4,2025-02-22,CBE,Google Play
Guys after the last update it's crushing a lot like alot look in to it,3,2025-02-22,CBE,Google Play
The best app,5,2025-02-22,CBE,Google Play
This is agood app,5,2025-02-22,CBE,Google Play
It have a bug it keeps shut down when I open the app. Without any notification. Please fix the bug.,3,2025-02-22,CBE,Google Play
Very best and fast money transferring app,5,2025-02-22,CBE,Google Play
Why is it so hard to use this app why don't you make it simple like other apps sometimes it doesn't function right,1,2025-02-22,CBE,Google Play
Very best app,5,2025-02-22,CBE,Google Play
couldnt update the app,1,2025-02-22,CBE,Google Play
ምርጥ አፕ ነው ሌላ ማለት አይቻልም ፡ግ,5,2025-02-22,CBE,Google Play
"Too much commission and service charges, not fair at all this is stealing",1,2025-02-21,CBE,Google Play
Not work some tumes,5,2025-02-21,CBE,Google Play
It is easy and user friendly,5,2025-02-21,CBE,Google Play
When I open the app it turns off keep says (app has a bug ) the app needs update,2,2025-02-21,CBE,Google Play
Solve unwanted time and the time to losses cbe office,5,2025-02-21,CBE,Google Play
I faced a big problem with this due to Developer mode problem How can you help me pls?,5,2025-02-21,CBE,Google Play
utilizes too much power & Crashes often,3,2025-02-20,CBE,Google Play
Most effective so far.,5,2025-02-20,CBE,Google Play
Not working normally,1,2025-02-20,CBE,Google Play
this is the simplest bookeeping system or method. I like it .,5,2025-02-19,CBE,Google Play
These days the App is Crashing immediately after Login please check,5,2025-02-19,CBE,Google Play
I gave it 5🌟 BC this app deserves. Thank you for your services. Appreciated.,5,2025-02-19,CBE,Google Play
fantastic and best,5,2025-02-18,CBE,Google Play
"It lags before showing the transaction and you have to use the one in the sms message , why doesn't it work on the app it just says loading",1,2025-02-18,CBE,Google Play
Very amazing application,5,2025-02-18,CBE,Google Play
Easy and fantastic to use,5,2025-02-18,CBE,Google Play
The way its menu arranged to use is easy to use.,5,2025-02-17,CBE,Google Play
"Its not bad, but there are plenty of errors .",2,2025-02-17,CBE,Google Play
Waw fantastic Aplication,5,2025-02-16,CBE,Google Play
I am satisfied by this Ap Thank you,5,2025-02-16,CBE,Google Play
Best of the best application for ever,5,2025-02-16,CBE,Google Play
This app is better,5,2025-02-15,CBE,Google Play
"It's very good in reminding the account numbers you have been used, but Need to show recipient history whenever you want to present it.or it has to have a search on options for a spesfic time you want to look for receipts with out going for account details at bank. if you lost your receipt without downloading it and need to look sometime a while you can't get in simple search on the app.",1,2025-02-15,CBE,Google Play
It is good app,5,2025-02-15,CBE,Google Play
Amazing App,5,2025-02-15,CBE,Google Play
"It crashes a lot; it doesn't work at all sometimes. By far, it is the worst mobile banking app I have ever used.",1,2025-02-15,CBE,Google Play
Very buggy!,2,2025-02-14,CBE,Google Play
Very good 😊,3,2025-02-14,CBE,Google Play
Excellent arrangements,5,2025-02-14,CBE,Google Play
a good apps to save my money &withdraw my money to service,5,2025-02-13,CBE,Google Play
It's easy and good,5,2025-02-13,CBE,Google Play
It is best app,5,2025-02-13,CBE,Google Play
It is not functioning most of the time,3,2025-02-13,CBE,Google Play
It sends unwanted welcome notification every time you login. There is no way that you can disable this.,3,2025-02-13,CBE,Google Play
This app now not open what's problem? Please solve it,1,2025-02-12,CBE,Google Play
nice thanks,5,2025-02-12,CBE,Google Play
በቅርቡ ችግር ተፈጥሯል ፣ Developer Option ካልተዘጋ አይሰራም፣ Developer Option ከተዘጋ ደግሞ ስልካችን ፍጥነት ለመታዘዝ ይዘገያል ፣ ከዚህ አማራጭ ሌላ ብትጠቀሙ ባይ ነኝ :: Android ላይ,1,2025-02-12,CBE,Google Play
Very nice i'm happy,5,2025-02-11,CBE,Google Play
It used to be better in the previous. But after the recent update it keeps crashing as soon as it logs in.. it needs to be fixed.,1,2025-02-11,CBE,Google Play
Can't even load our transaction history!!,1,2025-02-11,CBE,Google Play
"Great app, but try to include an access to water bill payment for places other than Adis Ababa & try top the app not to be inactive while developer option setting in Samsung phones is activated",4,2025-02-11,CBE,Google Play
Very good app,5,2025-02-10,CBE,Google Play
It is stop working !,1,2025-02-10,CBE,Google Play
It's not bad 👍,2,2025-02-10,CBE,Google Play
It shut down without warning,1,2025-02-10,CBE,Google Play
"Best app of the bank.But,when it needs apdate,customer must be notified in my point of view.Otherwise,customers saying ""Mobile banking is not working today"" is bad moto.",5,2025-02-10,CBE,Google Play
I use this app all the time on my business but sometimes it is difficult to use in rural areas. because there is not enough network. so what if you prepared it for the public to use offline?,3,2025-02-09,CBE,Google Play
So good 👍 👏,5,2025-02-09,CBE,Google Play
This app is very interesting and simple to use.,5,2025-02-09,CBE,Google Play
"Add customer service please other than calling 951. Why would you have a mobile app but not an online text-based customer service? Why? Disappointing And I will never use the top-up feature again, I have been trying to recharge my safaricom balance but your app would say time out and then credit my account but never recharge my balance, why? Where is my money? Do you expect me to call 951 at midnight?",2,2025-02-08,CBE,Google Play
"Smart and easy to use, i like this app",5,2025-02-08,CBE,Google Play
በፊት ጥሩነበር አሁን ምኑን ነካችሁት ተበላሽቷል አይሰራም,1,2025-02-08,CBE,Google Play
The best app I love it,5,2025-02-08,CBE,Google Play
Is not useful,3,2025-02-08,CBE,Google Play
Its good service,4,2025-02-07,CBE,Google Play
Recent transactions doesn't load properly sometimes . And also when transferring to someone sometimes it says failed and but already transferred which might cause to double transfer,1,2025-02-07,CBE,Google Play
"It used to work properly, but not anymore. I used to use the app from abroad; but these days, it kept saying ""unable to connect"" when I tried to check my balance and do transactions.",1,2025-02-07,CBE,Google Play
Awash birr pro,1,2025-02-07,CBE,Google Play
It is a very important application.,5,2025-02-07,CBE,Google Play
It crashes frequently,2,2025-02-07,CBE,Google Play
አፕሊኬሽኑ ብዙ ግዜ ወደኋላ ይመልሳል,3,2025-02-07,CBE,Google Play
To save my time best app to me i like this app tnx cbe !!!,5,2025-02-07,CBE,Google Play
"It is a shame not to appreciate the recent system improvements that the Commercial Bank of Ethiopia has been making, and I have no doubt that it will be different from this, InshaAllah. Another thing I would like to comment on is that the current method for transferring money to Telebir can own be sent to the person. So, it is possible to send money directly from the Commercial Bank to other banks. If you make it possible to transfer money directly to anyone, I would be very grateful.thank you",5,2025-02-06,CBE,Google Play
Comfortable,5,2025-02-06,CBE,Google Play
App keeps on crashing after the latest update. Failures are frequent.,3,2025-02-05,CBE,Google Play
Best service,3,2025-02-05,CBE,Google Play
I don't need to update this app,5,2025-02-05,CBE,Google Play
Good work !! Thank you !,5,2025-02-05,CBE,Google Play
Application Baay'ee Gaariidha . Hojii Keenya Salphisuu fi Yeroo Nuuf Qusachuu Keeysatti .... Waan Jajjabeeyfamuu Qabuudha !!!,5,2025-02-05,CBE,Google Play
"After the new update I'm struggling to use this app,it suddenly crush or close automatically pls fix this problem",1,2025-02-05,CBE,Google Play
Very fast and easy to use,5,2025-02-04,CBE,Google Play
It is best application,5,2025-02-04,CBE,Google Play
This apps amazing,5,2025-02-04,CBE,Google Play
Very good app,5,2025-02-04,CBE,Google Play
This App. Is just a Meaningful Application for our country..,5,2025-02-04,CBE,Google Play
"This App Is Best and Fantastic Because easy to use, It has Best security Specially Two Specific Authentication so this security is not path unauthorized person to Our account History. Thankyou CBE For We give this service",5,2025-02-04,CBE,Google Play
The app is crashing several times it's really annoying and sometimes it's says failed during different operations ?????? Please fix it!?,1,2025-02-04,CBE,Google Play
ሰሞኑን እያሰቸገረ ነው እንጂ ቀላል እና ፈጣን,3,2025-02-04,CBE,Google Play
that is good,5,2025-02-03,CBE,Google Play
"I have seen lots of great updates right here, especially the 2FA using the biometric security technique, I suggest you work on minimising app crashing due to the accumulation of cache, very little cache crash it.",4,2025-02-03,CBE,Google Play
The Best mobile banking app in Ethiopia. Thanks CBE,5,2025-02-03,CBE,Google Play
Too poor comparing to other countries.,1,2025-02-03,CBE,Google Play
it is not working,5,2025-02-02,CBE,Google Play
"I updated to the new version a while ago and it keeps crashing, maybe you can fix it.",3,2025-02-02,CBE,Google Play
Simple good app,4,2025-02-02,CBE,Google Play
"After the last two update, I am facing the worst experience with this app.",1,2025-02-02,CBE,Google Play
Now it's crashing like crazy. It doesn't even open after a recent update.,1,2025-02-01,CBE,Google Play
This app is so incredible,5,2025-02-01,CBE,Google Play
Mobail banking is the letest tecnologi,5,2025-02-01,CBE,Google Play
Easy to use,5,2025-02-01,CBE,Google Play
without any reason it shows white screen and can't make transfers. Then when I went to branch then they reply go to the branch where you open your account.,1,2025-02-01,CBE,Google Play
It used to be the best bank app in Ethiopia. But now using it is a terrible experience. For every transaction it shows an error message. Making a simple payment requires 5 to 6 trials to complete.,1,2025-01-31,CBE,Google Play
it does not connect,1,2025-01-31,CBE,Google Play
Good application,5,2025-01-31,CBE,Google Play
The worst I had to flight back to fix my app it need you to go back every 4 month not reliable for foreigners,1,2025-01-31,CBE,Google Play
This should run for worst app of the year,1,2025-01-31,CBE,Google Play
It is nice app!,4,2025-01-31,CBE,Google Play
Very nice app,5,2025-01-31,CBE,Google Play
"It's easy to use, but there is some problems sometimes when update the app in the network areas...",4,2025-01-30,CBE,Google Play
No manage beneficiary for my app,1,2025-01-30,CBE,Google Play
Its good but we need an option of choosing a specific period to get a historique of transactions. For example when i want to check my previous transactions i only get few transactions. Thank you.,2,2025-01-30,CBE,Google Play
Very good mobile app,5,2025-01-30,CBE,Google Play
"Something is wrong with the new update,it keep closing itself and i couldn't made an important transaction.",3,2025-01-30,CBE,Google Play
The latest updates crushes repeatedly on my Redmi Note 12 pro plus. If you could correct the issue.,1,2025-01-30,CBE,Google Play
Not worek recipient !!,1,2025-01-29,CBE,Google Play
Best application,5,2025-01-29,CBE,Google Play
"I’ve been using the CBE mobile banking app, and overall, I appreciate its features. However, I’ve noticed that when I turn on the developer options on my device, the app stops functioning properly. It would be great if you could look into this issue, as I often need to access developer settings for other applications. Thank you for your attention to this matter!",1,2025-01-29,CBE,Google Play
I like the app,5,2025-01-29,CBE,Google Play
"If you are living outside of Ethiopia you better not deposit large money into your mobile account. It can kick you off any time for some small reasons and the only way you can recover is either to go to the bank in person or you need to have access to your phone which is impossible if you are living outside Ethiopia. The only option you will be left with is, you can't use your money. At least it would be better if you can recover your account using email or other verification ...",1,2025-01-29,CBE,Google Play
Updating the app is must everytime they release it even to reload the transaction.,2,2025-01-29,CBE,Google Play
These app is beast But the new update is great,5,2025-01-29,CBE,Google Play
Bahilu ketema,2,2025-01-29,CBE,Google Play
It's easy and user friendly!,5,2025-01-29,CBE,Google Play
It is helpful to save time and energy,5,2025-01-28,CBE,Google Play
DIGITAL LEADER BANK IN ETHIOPIA CBE,5,2025-01-28,CBE,Google Play
Turning off the developers' options :( This is getting out of hand. We don't need to go through that...,1,2025-01-28,CBE,Google Play
I don't have an idea why our country soft wares needs some beroucracy?? How many peoples knew that about developer options N why is the new app forceing to disable that?? in my side i didn't get the apps as of b4.,1,2025-01-28,CBE,Google Play
"BEST APP EVER,BUT WHEN CBE BE INTEGRATED WITH INTERNATIONAL TRANSFER",5,2025-01-28,CBE,Google Play
Where ever you go no one is like cbe mobile banking.it's absolutely perfect,5,2025-01-28,CBE,Google Play
"Does""nt give you a list of beneficieries.",2,2025-01-27,CBE,Google Play
This app is more helpful and best,5,2025-01-27,CBE,Google Play
I like it more the app cbe thank you !,5,2025-01-27,CBE,Google Play
Alert The device developer Mode is turned on. Please turn off Developer Mode from device settings and try again to use this app OK What is this ?,1,2025-01-27,CBE,Google Play
Correct your order of incoming and outgoing birr,3,2025-01-26,CBE,Google Play
Best application,5,2025-01-26,CBE,Google Play
The apk doesn't work when the phones developer option is turned on. It always asks me to turn off the developer options to open the apk. Please fix it as it is unnecessary.,4,2025-01-26,CBE,Google Play
Wow amazing app,4,2025-01-26,CBE,Google Play
"Why on earth is CBE telling me to turn off developer mode? As the name clearly states, it's for developers, not for CBE to dictate. There are countless financial apps out there that work just fine without demanding such an unnecessary restriction. If your app can’t handle developer mode, that’s a you problem. Fix your code instead of disabling features that have absolutely nothing to do with you.",2,2025-01-25,CBE,Google Play
It keeps asking for an update recursively since the last update. What is going on??,2,2025-01-25,CBE,Google Play
I donot want to update.,5,2025-01-25,CBE,Google Play
The qr code scans must be backed to see the transfer is done and to use it easily,2,2025-01-25,CBE,Google Play
"አፕልኬሽኑ የተላከልኝን ብር ቶሎ አያሳይም ። ከ 24 ሰዓት በላይ ይቆያል። ይህ ለቢዝነስ በጣም አስቸጋሪ ሆኖብኛል። መፍትሔ አላችሁ ? This application is too slow & inactive to notify & record transactions, & hence I faced difficulty using it for businesses. would you fix it?",1,2025-01-25,CBE,Google Play
Nice app thanks cbe,5,2025-01-25,CBE,Google Play
It is very nice to use,5,2025-01-25,CBE,Google Play
"the ""developer mode"" need to be fixed, it sucks",2,2025-01-25,CBE,Google Play
"The app is simply trash, the only thing that's keeping them afloat is that the woods for the other Ethiopian banks is even trashier",1,2025-01-25,CBE,Google Play
It very important app,5,2025-01-24,CBE,Google Play
Data problems,1,2025-01-24,CBE,Google Play
This app after update they ask verification .why they restricted for update?,5,2025-01-24,CBE,Google Play
Best and ease to use,5,2025-01-24,CBE,Google Play
thank you very much and we are very very happy with your service🥰,5,2025-01-24,CBE,Google Play
Cbe is the leader bank in Ethiopia by digital payment system,5,2025-01-24,CBE,Google Play
it's not working properly,1,2025-01-24,CBE,Google Play
Make an option to send statement by email,1,2025-01-24,CBE,Google Play
It is simple and very accurate system,1,2025-01-24,CBE,Google Play
"I am happy for using CBE. How ever, i am happy we can not send money to other tele birr by this app. why???",5,2025-01-24,CBE,Google Play
Why developer option is off ? Please remove this feature.,4,2025-01-23,CBE,Google Play
Reminding me to update and pay every month,5,2025-01-23,CBE,Google Play
its excellent app,5,2025-01-23,CBE,Google Play
"After a recent update, this app stopped working with a message "" the developer turned off advanced ... etc.",3,2025-01-23,CBE,Google Play
እብድ ባነክ፣ ይሄ ዝምብሎ Update ብቻ የሚለውን እና Update የማያደርገውን ሲስተማችሁን አስተካክሉት። አናዳጆች!,1,2025-01-23,CBE,Google Play
I am students of accounting and finance when i graduate i wish to do in CBE thanks,5,2025-01-23,CBE,Google Play
wow . what i can say thank you.,5,2025-01-23,CBE,Google Play
very inconvenience to use. unreliable and needs upgrades!!!,1,2025-01-22,CBE,Google Play
Good I like it .,5,2025-01-22,CBE,Google Play
The worst bank in Ethiopia!,1,2025-01-22,CBE,Google Play
Annoying app Very poor,1,2025-01-22,CBE,Google Play
"I have been accessing my CBE from abroad very easily without problems .Good job, guy.",2,2025-01-22,CBE,Google Play
I love ❤️ 😍 💖 ❣️ 💕,5,2025-01-21,CBE,Google Play
"Why force-disable Developer Options in the latest update? I get that it's a security precaution, but it's overkill. Plenty of other financial apps do not require it and it's sometimes necessary for debugging/experimental reasons",1,2025-01-21,CBE,Google Play
በጣም ምርጥ እና ላጠቃቀም ቀላል አፕ ነው ደስ ብሎኛል,4,2025-01-20,CBE,Google Play
Excellent app,1,2025-01-20,CBE,Google Play
"The app resets without customer interaction or confirmation, which is concerning. Please improve the user experience to ensure better control and transparency for customers.",5,2025-01-20,CBE,Google Play
"It was very convenient and cool to use, but for some reason it hasn't been working for me lately.",1,2025-01-20,CBE,Google Play
Breaks after a week,1,2025-01-19,CBE,Google Play
Good work keep it uo.,5,2025-01-19,CBE,Google Play
Jest i like this app esy and fast,4,2025-01-18,CBE,Google Play
Reliable & Simplified Service🎉💜🙏🙏,5,2025-01-18,CBE,Google Play
Muhajer Naser,5,2025-01-18,CBE,Google Play
This application is an unreliable application. Please do not use it. Hackers will enter through the application and take the certificate from CBE.,1,2025-01-18,CBE,Google Play
Please make it active it is delaying in low connection thanks.,5,2025-01-18,CBE,Google Play
Best app for adroid user,5,2025-01-18,CBE,Google Play
Excellent condition security code used,5,2025-01-18,CBE,Google Play
Yeah its very important in our daily life,5,2025-01-17,CBE,Google Play
The new update is seems force enable developer options on setting. And please fix the problem on iphones it only works for few days every time it get maintained at branches,1,2025-01-17,CBE,Google Play
Kedir nuri jemal,5,2025-01-16,CBE,Google Play
The great app and banking system 🤩,5,2025-01-16,CBE,Google Play
"Money transfer options is not giving correct input, and there is no way of knowing whether the money was successfully transferred.",2,2025-01-16,CBE,Google Play
i enabled two step verification..when i press Authenticate it says Authentication failed.,5,2025-01-15,CBE,Google Play
Very much helpful,5,2025-01-15,CBE,Google Play
Please add mini statement,2,2025-01-15,CBE,Google Play
It simplify every step.,5,2025-01-15,CBE,Google Play
It's good app,5,2025-01-14,CBE,Google Play
Taliyemuxumid mahamuud,2,2025-01-14,CBE,Google Play
Keep up guys you're always trustful service giver. I appereciated so much.,5,2025-01-14,CBE,Google Play
Very best app,5,2025-01-14,CBE,Google Play
ከድር ሁሴን አብደላ,5,2025-01-13,CBE,Google Play
This app is the worst the current release doesn't work when developers mode is on and the transaction errors make you transfer money twice with errors,1,2025-01-13,CBE,Google Play
Baayyee gaariidha Garuu App keessan altokko tokko isa ati tokko ergitu irra deebi'ee ergaa isa nu sirreessaa,4,2025-01-12,CBE,Google Play
Developer mode?????,1,2025-01-12,CBE,Google Play
"It is Nice, but some times details of credited amount not shown from whom sent.",4,2025-01-12,CBE,Google Play
"I am facing difficulties related to network issues, while I have a good internet connection.",1,2025-01-11,CBE,Google Play
Hulum yalfal,5,2025-01-11,CBE,Google Play
Simple and easy to use,5,2025-01-11,CBE,Google Play
How to make developer mode off,5,2025-01-11,CBE,Google Play
"Alert The device developer Mode is turned on. You can't use this app, Please turn off Developer Mode and try again. OK Why reason?",1,2025-01-11,CBE,Google Play
Tariku kasahun,5,2025-01-10,CBE,Google Play
Exelent App,5,2025-01-10,CBE,Google Play
Smart app❤️,5,2025-01-10,CBE,Google Play
አሪፍና ምቹ ተመችቶኛል ለኔ,5,2025-01-10,CBE,Google Play
የራሱ የሆነ ኪቦርድ ቢኖረው _ እና ትራንዛክሽን ሂስትሪው ቢስተካከል እና ገቢ እና ወጪ ላይ ቀኑን አስከነ ሰአቱ በስነ ስርአቱ ቢያስቀምጥ አሪፍ ይመስለኛል,3,2025-01-09,CBE,Google Play
aqf WWE the ga,2,2025-01-09,CBE,Google Play
"Good cbe app but it frequently need update , after you update you will go to the Bank officer for verification . But my question is why not verify own self .",2,2025-01-09,CBE,Google Play
Best and easy to use,5,2025-01-09,CBE,Google Play
EMAMU WUBETUDERESE,3,2025-01-09,CBE,Google Play
Merjerbehel.,5,2025-01-09,CBE,Google Play
"First this app was pretty good and well connection while transferring money, but now there's no such a worst mob app ever while transferring money it corrupts due to the network and took the amount of money you were transferring from your account then after seconds interruptions it's shows that the money is transferred (this case happens especially to telebirrr wallet) then after you report the issue to the CBE customer service they refund your money to your CBE account after 3-5 days.",2,2025-01-08,CBE,Google Play
It nice but some connection limitation,3,2025-01-08,CBE,Google Play
It's bestv forever!!,4,2025-01-08,CBE,Google Play
It is good app but not have statment 1 week 1 month only 2 days and it is not order by time,5,2025-01-08,CBE,Google Play
8 expriance,1,2025-01-08,CBE,Google Play
this app is very good,5,2025-01-08,CBE,Google Play
It fast and satisfied,5,2025-01-08,CBE,Google Play
Best app for the bank,5,2025-01-08,CBE,Google Play
Good challenge good.,5,2025-01-08,CBE,Google Play
Best app I was but the message updated and it refused to work for me,5,2025-01-07,CBE,Google Play
Very nice app,5,2025-01-07,CBE,Google Play
Why do i have to close the developer option to use it. After the update it's not even working unless I close the developer option,1,2025-01-07,CBE,Google Play
Atractive and easy to use,5,2025-01-07,CBE,Google Play
"You can not track your transaction history with correct date, time and order",1,2025-01-07,CBE,Google Play
"Keep saying ""unable to connect"" after a normal phone update. Please update the app to match latest phone ""updates""",1,2025-01-06,CBE,Google Play
Sufiyan ahmade umara,5,2025-01-06,CBE,Google Play
It's simple and easy to use,1,2025-01-06,CBE,Google Play
I like this app,5,2025-01-06,CBE,Google Play
good app I like it,4,2025-01-06,CBE,Google Play
"i,ts not working, not good",1,2025-01-06,CBE,Google Play
Thank you free 2 years,4,2025-01-06,CBE,Google Play
Please Add A dark theme😭😭,1,2025-01-06,CBE,Google Play
Good service,5,2025-01-06,CBE,Google Play
I don't understand the reason why this app asks me to turn off my developer options whenever I try to log into the app 🙄 This issue immediately needs to be fixed. Why would I sacrifice my phone's performance to use only this app? It's ridiculous 😒,2,2025-01-06,CBE,Google Play
Teaching 12 years,5,2025-01-06,CBE,Google Play
I have been using it for a years and it is beautiful in i the time have been using it,1,2025-01-05,CBE,Google Play
Flexible & easy service,4,2025-01-05,CBE,Google Play
Not functional when i need a transactions,1,2025-01-05,CBE,Google Play
"The banks logo, the hidden accounts data are not seen. It is saying it saying unconnected and hence does not sync.",2,2025-01-05,CBE,Google Play
𝕓𝕖𝕥𝕒𝕞 𝕒𝕣𝕚𝕗𝕖 𝕟𝕖𝕨,4,2025-01-05,CBE,Google Play
Is not working for last update,1,2025-01-05,CBE,Google Play
Why is it asking me for developer option,1,2025-01-05,CBE,Google Play
"We need more update soon! once I updated it, it authomatically stop working😭",1,2025-01-05,CBE,Google Play
"Very slagish to operate, needs upgraded.",2,2025-01-05,CBE,Google Play
Sayid hasien,5,2025-01-04,CBE,Google Play
Very Goods 👍,5,2025-01-04,CBE,Google Play
Eas for use,5,2025-01-04,CBE,Google Play
It nice apps,2,2025-01-04,CBE,Google Play
It gives service great,5,2025-01-04,CBE,Google Play
Ahmedmohammed,5,2025-01-04,CBE,Google Play
Good service,5,2025-01-04,CBE,Google Play
በጣም አሪፍ መገልጊያ ነው 👍,5,2025-01-04,CBE,Google Play
Why did this application stopped working at the moment,1,2025-01-04,CBE,Google Play
"The worst update seen in the bank industry for mobile banking. If you're unable to make it smooth and reliable at the same time , return it to previous version. It shows that you don't have the best expertise like other banks in the country.",1,2025-01-04,CBE,Google Play
It's a very good fast service provider but at the moment the system is denying me,5,2025-01-04,CBE,Google Play
Wuu fican lkn wali cilad ba haysata sodee ku xaliya wuxu I lahay the developer mode is turned muxu ka wada,5,2025-01-04,CBE,Google Play
It's good nice job,5,2025-01-03,CBE,Google Play
Very good app forever,5,2025-01-03,CBE,Google Play
Nigatu Niguse,5,2025-01-03,CBE,Google Play
Thank u for the easy operating service .It made life simple and accurate.Keep it up!!!,4,2025-01-03,CBE,Google Play
ፕ9ፕ፸፻ሸሸቀቀዘጠዠቀቀሰቀረዠ፶፺፹ወከረረአ፻፯ክይልክ8ኡሽ9ፑፐክሰሰከአቀቀዘ፻ጰቀኡ7ፕሽክፕ፺ይዝ8ኡ87ብርፕ8ፕይፐኦጂጁጅእህፕይይ9ለሉ8ኡፕ9፱ፕ፵ክ977ሹ88ፕኢኦህከከፕል88ፕንኩክክኢኡጅሁይጉጎ8ጅይኢኢህኡይሽ9,5,2025-01-03,CBE,Google Play
This App The Best One,5,2025-01-03,CBE,Google Play
Developer option,2,2025-01-03,CBE,Google Play
It's not working,1,2025-01-03,CBE,Google Play
How i can divice developer mood off,5,2025-01-03,CBE,Google Play
Sand me naw,2,2025-01-03,CBE,Google Play
Wat is problem,5,2025-01-02,CBE,Google Play
The best app,5,2025-01-02,CBE,Google Play
Cammercial bank,4,2025-01-02,CBE,Google Play
What's your problem with developer option ???,1,2025-01-02,CBE,Google Play
i can't access this app without turning off the developer option mode 🤬👎,1,2025-01-02,CBE,Google Play
Always their is a mal function,1,2025-01-02,CBE,Google Play
2041 Habib tahir,5,2025-01-02,CBE,Google Play
It slow and unused app,1,2025-01-02,CBE,Google Play
No speed to reload,5,2025-01-02,CBE,Google Play
Not working,1,2025-01-02,CBE,Google Play
Thanks for your,5,2025-01-02,CBE,Google Play
Its not opening,5,2025-01-02,CBE,Google Play
Comfrtable app,5,2025-01-01,CBE,Google Play
Very nice and fast app,5,2025-01-01,CBE,Google Play
Pelisce ubedat,5,2025-01-01,CBE,Google Play
"Simple bug fix, would help if current exchange rate is displayed on the app.",4,2025-01-01,CBE,Google Play
"The not allowing the app while ""developer options"" is on needs to be fixed! Why the hell is an app telling me what to do with my own OS??? This is an unnecessary fix that needs to be fixed!!!",1,2025-01-01,CBE,Google Play
"The recent update automatically turns the developers option on, and when one starts the app, a message pops up saying the app does not work with the developers option on. So, one has to go to the settings and manually turn the developers option off. Otherwise the app doesn't work.",3,2025-01-01,CBE,Google Play
Very useful app,2,2025-01-01,CBE,Google Play
Good sistem,5,2025-01-01,CBE,Google Play
I like it for overall services,4,2025-01-01,CBE,Google Play
When after updating the app it asked me to turn off developer mode how do i do that,4,2025-01-01,CBE,Google Play
Amzaa Abdalaa,5,2025-01-01,CBE,Google Play
Excellent!!!Keep it up!!!,5,2025-01-01,CBE,Google Play
Thats good for me,4,2025-01-01,CBE,Google Play
Working doing fastly,5,2025-01-01,CBE,Google Play
The poorest app,4,2025-01-01,CBE,Google Play
"The inconvenience of this app is that it requires developer options to be turned off. This hinders my ability to customize my phone as some of the customization can only be done in the developer options. Also, it didn't have this requirement before, so why now? And please return it how it was because this should not be an issue. Also, when a transaction is completed before it used to allow me to save the image of the completed transaction, now it doesn't, so please fix that also.",1,2025-01-01,CBE,Google Play
Worst update ever. It asked to disable the developer's option which they don't have any authority over. Most useless update ever. I wish I could give it a 0 star if it was possible. Why do you care about my phone's settings? Stupid developers. Should Switch to other banks.,1,2025-01-01,CBE,Google Play
Muftearashide,5,2025-01-01,CBE,Google Play
Wow wonderful app thank you so much.,4,2025-01-01,CBE,Google Play
I appreciate you,5,2025-01-01,CBE,Google Play
It ask me your developer mode is on and its not working for me???,1,2024-12-31,CBE,Google Play
The last update is useless!!,1,2024-12-31,CBE,Google Play
It is varey good,5,2024-12-31,CBE,Google Play
Excellent job.,5,2024-12-31,CBE,Google Play
Batam arf new,5,2024-12-31,CBE,Google Play
I like you this App..,5,2024-12-31,CBE,Google Play
Its good app,1,2024-12-31,CBE,Google Play
It is and better than *889#.,5,2024-12-31,CBE,Google Play
The update isn't working,1,2024-12-31,CBE,Google Play
"No text, no update.....",1,2024-12-31,CBE,Google Play
No installed,5,2024-12-31,CBE,Google Play
"As an app developer, I rely on Developer Mode to build and test apps, but this app blocks access entirely if it's enabled. This restriction is unnecessary and makes it impossible for developers to use the service. Instead of outright blocking, consider implementing enhanced security measures that don't alienate professionals who need this setting. Please reconsider this policy.",2,2024-12-31,CBE,Google Play
It's really helpful,1,2024-12-31,CBE,Google Play
Sales person,3,2024-12-31,CBE,Google Play
No work on my device,5,2024-12-31,CBE,Google Play
not convinet in slow Nw,5,2024-12-30,CBE,Google Play
Weak update ! . b/c it stops when I want to set two step verification on. And it is only applicable if developer options are on. Why ??? Please tell me the reason 🙏,1,2024-12-30,CBE,Google Play
Why I not used on these devices,5,2024-12-30,CBE,Google Play
Very very good,5,2024-12-30,CBE,Google Play
Apdates went to dismiss the developer option,2,2024-12-30,CBE,Google Play
"Best Mobile-Banking app! Moreover, I will rate 5 stars as soon as you add ""account statement display"" menu in it. Hopefully waiting, Thank you in advance!",4,2024-12-30,CBE,Google Play
Wowwwwwwwweed,5,2024-12-30,CBE,Google Play
Amazing app,4,2024-12-30,CBE,Google Play
Best application,5,2024-12-30,CBE,Google Play
Even it is a problem to update the app. Fix the issue first,1,2024-12-30,CBE,Google Play
olanaa mulugeta,5,2024-12-30,CBE,Google Play
"The review page keeps loading, and even sync is completed. The history page always shows old/unknown transactions. ...... Edited: I guess the loading page means it expires and needs to go to the nearest bank and ask for an extension for another 3 years. Upgrade to 3 stars .",3,2024-12-30,CBE,Google Play
"Simple, Easy platform",5,2024-12-30,CBE,Google Play
Pure & secure I like it,5,2024-12-30,CBE,Google Play
More than 10years,5,2024-12-30,CBE,Google Play
እየሰራልኝ አደለም,5,2024-12-30,CBE,Google Play
AsenafeDemelee,2,2024-12-29,CBE,Google Play
13 years ecxepiranes,5,2024-12-29,CBE,Google Play
Best app from any others app,5,2024-12-29,CBE,Google Play
It's very Simple and useful for customer and also easier from other options of this Bank but its hard sometimes when the net work is bussy and inquiry some add update from the Branch technical stuff when you want this application for critical case the application was inquiring you un wanted update,5,2024-12-29,CBE,Google Play
ለተሻለ ቅልጥፍናሸ,5,2024-12-29,CBE,Google Play
Abraham hailu ara,5,2024-12-29,CBE,Google Play
This app is best if you add fingerprint or facial authentication instead of the current one.,5,2024-12-29,CBE,Google Play
I like this application,4,2024-12-29,CBE,Google Play
Best quality servic,5,2024-12-29,CBE,Google Play
your service is very very nice,5,2024-12-29,CBE,Google Play
sintayohu sirika,5,2024-12-29,CBE,Google Play
the worst app i have ever seen,1,2024-12-28,CBE,Google Play
it is best uplication Which i real on,5,2024-12-28,CBE,Google Play
Why we can't make a transfer with foreign banks?,1,2024-12-28,CBE,Google Play
The worst update,1,2024-12-28,CBE,Google Play
yes important,5,2024-12-27,CBE,Google Play
Not flexible,2,2024-12-27,CBE,Google Play
looks great but it has no option for accessing our transaction history....for some days back ...this makes our work bad,5,2024-12-27,CBE,Google Play
"Everything is good except that it's asking me for update too much even though I updated the app many times and still mentioning that ""it is critical update"" so pls fix that",4,2024-12-27,CBE,Google Play
Difficult to update,1,2024-12-27,CBE,Google Play
You should be boa b/c the app active by self so please 🙏 arrange now and for activation service l was pay 20 birr this is unfair,1,2024-12-27,CBE,Google Play
simplest app. that i have ever used..,5,2024-12-27,CBE,Google Play
"This app is the best, easy and more clear to use including its features to understand so i liked it 100% because the app made the life of customers easy. Thanks cbe and the app.",5,2024-12-27,CBE,Google Play
Nice 👍 app 💯 🙏,5,2024-12-26,CBE,Google Play
After the update the system the requirement for minimal is not fair,2,2024-12-26,CBE,Google Play
Tajaajilaa gaarii 🤩,5,2024-12-26,CBE,Google Play
It's so good,5,2024-12-26,CBE,Google Play
its the best and fast,5,2024-12-26,CBE,Google Play
Good application,5,2024-12-26,CBE,Google Play
Nice program,5,2024-12-25,CBE,Google Play
Good and the Great,5,2024-12-25,CBE,Google Play
"Wow wow wow cbe; gud job, keep it up.",5,2024-12-25,CBE,Google Play
Not used fully amount,1,2024-12-25,CBE,Google Play
ተጨማሪ ፒን የጣትአሻራ መጨመሩ በጣምጥሩነው ስጠብቀው የነበረ ፊውቸርነው👍,5,2024-12-25,CBE,Google Play
Good commercial bank of ethiopia,5,2024-12-25,CBE,Google Play
I used for long time its best app,5,2024-12-24,CBE,Google Play
Very good and easy to use.,5,2024-12-24,CBE,Google Play
I have very happiness by this service thank you cbe,5,2024-12-24,CBE,Google Play
This app is not working properly,5,2024-12-24,CBE,Google Play
CBE my device don't work,1,2024-12-23,CBE,Google Play
Its good enough to transaction,4,2024-12-23,CBE,Google Play
I love it its simple to use,5,2024-12-23,CBE,Google Play
Lot of errors.,1,2024-12-22,CBE,Google Play
Good but it needs good network.,5,2024-12-22,CBE,Google Play
Thank you CBE.,5,2024-12-22,CBE,Google Play
Simplest and good way of using Internet banking it very interesting app,5,2024-12-21,CBE,Google Play
very good for security,5,2024-12-21,CBE,Google Play
ወደሌላ ባንክ ሲላክ የሚቆርጠው በጣም ብዙነው,2,2024-12-21,CBE,Google Play
Try to fix ur night time network setup,4,2024-12-20,CBE,Google Play
App Baayyee Bareedaadha.,3,2024-12-20,CBE,Google Play
Its Good works great,5,2024-12-20,CBE,Google Play
"This is the worst update ever, the older version was better. It has so much bug.",1,2024-12-20,CBE,Google Play
Best mobile banking app in Ethiopia,5,2024-12-20,CBE,Google Play
Deserve 5 star,5,2024-12-20,CBE,Google Play
It doesnt work,5,2024-12-20,CBE,Google Play
Sometimes stack.,1,2024-12-20,CBE,Google Play
The most worst update. It even doesn't let you know ur balance. It doesn't respond quickly.,1,2024-12-20,CBE,Google Play
"In the previous, I gave 4 🌟 for this app based on my evaluation. This app was without biometric security and may be exposed to cheaters unexpectedly. It is solved now. You can add verification security on the setting app. But there is something problem still with verification. It must prevent logging in without correct input fingerprint.",5,2024-12-20,CBE,Google Play
it is the best,5,2024-12-20,CBE,Google Play
Vivo v2333s,4,2024-12-19,CBE,Google Play
This is a good appp,5,2024-12-19,CBE,Google Play
"Before the new version, the app was fast and merits 4 ⭐. However, following the upgrade, the app is slow and takes time to reload. Apps are useless without speed, so make them work.",1,2024-12-19,CBE,Google Play
The bank you relays on,5,2024-12-18,CBE,Google Play
very good app,5,2024-12-18,CBE,Google Play
This app fast and fact every solution thanks,5,2024-12-18,CBE,Google Play
It stuck many time i can't transfer my own money the time i need it must be update but if the stucking prevent it is great app,3,2024-12-18,CBE,Google Play
Easy to use and fast.,4,2024-12-18,CBE,Google Play
it is ni ce,5,2024-12-18,CBE,Google Play
It is very nice app,5,2024-12-18,CBE,Google Play
It might be fake be aware (it’s not working),1,2024-12-17,CBE,Google Play
Best sistms,3,2024-12-17,CBE,Google Play
Bulbule masfin,5,2024-12-17,CBE,Google Play
It Made Life Simple,5,2024-12-17,CBE,Google Play
It's easy and convenient 🙌,5,2024-12-17,CBE,Google Play
This bank is one of worst bank stealing poor peoples money 😭,1,2024-12-17,CBE,Google Play
So amazing app I've ever seen,4,2024-12-17,CBE,Google Play
Very convenient and user-friendly app. I love it,4,2024-12-17,CBE,Google Play
"My experience with this app has been outstanding so far,but sometimes it has a hard time connecting with network and makes it hard to make transactions. Apart from that it's amazing.",4,2024-12-17,CBE,Google Play
Even if i had a balance of >0 i couldn't Even transfer any of my balance starting from 0-10257.,1,2024-12-17,CBE,Google Play
Best Application Mobile Bank,5,2024-12-17,CBE,Google Play
"It is keeping to say"" this app is rooted you can't use it ""what is the problem",1,2024-12-17,CBE,Google Play
is this the latest CBE app,5,2024-12-17,CBE,Google Play
"iI can not see the receipt, why?",5,2024-12-16,CBE,Google Play
How to play sirra critical,5,2024-12-16,CBE,Google Play
"It's very good app for transactions, to give you 5star one more thing you need to do is include bank statement showing methods. And one more thing after you take your commission why you take 5birr monthly without my confirmation?",4,2024-12-16,CBE,Google Play
It's excellent 👌 app,5,2024-12-16,CBE,Google Play
excellent app,5,2024-12-15,CBE,Google Play
Please Add the Biometric system on the app,5,2024-12-15,CBE,Google Play
So cool app,5,2024-12-15,CBE,Google Play
"I am so disappointed because the application doesn't clearly show how many birr it will charge for every transaction rather than just deducted the money , as a user we should have the right to know the amount of money that is going to be deducted. It is a very deceptive tactic , it should be improved immediately.",1,2024-12-15,CBE,Google Play
Transfer to telebirr fee above 10 birr,1,2024-12-14,CBE,Google Play
Convenient and safe to use! Better to show more transaction history 👍,5,2024-12-14,CBE,Google Play
Best application for ever Thank you very much indeed for your understanding me,5,2024-12-14,CBE,Google Play
It takes ur money out of no where!!!!,1,2024-12-14,CBE,Google Play
Best & easy app!,5,2024-12-14,CBE,Google Play
Tegehegn sayile,3,2024-12-13,CBE,Google Play
Good service for me because it saves my time. There's no need to go to the brunch to transfer the money my bank is going to anywhere with so I can do anything on my mobile banking.thanks for your service.,5,2024-12-13,CBE,Google Play
"Awesome and very simple to use, love it👍🏽",5,2024-12-13,CBE,Google Play
CBE. is most fantastic and mor action app bee used every parson. CEB. Is my dream a yeat com. for every population if you need highly educated to see about CEB USEED APP of CEB Wallet With all transactions in All world bank to bee exchange raet More information ⬇️With CBE Mobile app you can perform banking tasks anywhere at anytime! Commercial Bank of Ethiopia Mobile Banking The Official app of CBE for Android CBE Android Mobile application gives you access to your account on your Android phone.,5,2024-12-12,CBE,Google Play
የ 1 ወር transaction ቢያሳይ አሪፍ ነው እንዲያሳይ አድርጉልን,4,2024-12-12,CBE,Google Play
It's good but it is very busy occasionally.,3,2024-12-12,CBE,Google Play
Amadin Abrahim,5,2024-12-11,CBE,Google Play
CBE is great app,5,2024-12-09,CBE,Google Play
Its weak application,1,2024-12-09,CBE,Google Play
Vary excellent but update balance not seen at time transaction.,4,2024-12-09,CBE,Google Play
Why it havent cbbirr,5,2024-12-08,CBE,Google Play
Hasan.dawee,5,2024-12-08,CBE,Google Play
Its not work as expectations,1,2024-12-07,CBE,Google Play
Not that much good!,1,2024-12-07,CBE,Google Play
Good & Perfect 👌,5,2024-12-06,CBE,Google Play
💯💯💯👌👌👌👌Perfect,5,2024-12-06,CBE,Google Play
Great app convenient for making payments and transactions. Tnxs CBE 👏👏👏,5,2024-12-06,CBE,Google Play
My all time best application,5,2024-12-06,CBE,Google Play
2 Year Exprianced on this app,5,2024-12-06,CBE,Google Play
It's professional app ilike this app,5,2024-12-06,CBE,Google Play
Superb app. Serves better than I expected in a remote and hardly Internet connection covered areas while in the field work. Thanks team,5,2024-12-03,CBE,Google Play
It's amazing,5,2024-12-02,CBE,Google Play
"I’ve noticed two key issues with your app: 1. Username Visibility: The app doesn’t display the username, making verification difficult. Please add this feature. 2. Transaction History: Transaction history gets deleted if the app is reinstalled. This data should remain accessible unless manually deleted by the user. A ""Load More"" option for older transactions would also be helpful. These issues have caused inconvenience. Fixing them would greatly improve the user experience. Thank you.",5,2024-12-01,CBE,Google Play
I want to download,5,2024-11-30,CBE,Google Play
This app is just sweet,5,2024-11-30,CBE,Google Play
It is the best application that makes life easier and provides fast service,5,2024-11-30,CBE,Google Play
Fast and reliable,4,2024-11-30,CBE,Google Play
the good app,5,2024-11-29,CBE,Google Play
"Self transfer has a problem. Doesn't tell weather trasfered or not after the process,ie ignors the final issuance of reciept .....",2,2024-11-28,CBE,Google Play
Best for users,5,2024-11-28,CBE,Google Play
"1.I have to log out and wait for more minutes to make another transfer . 2. I get charged for a not satisfactory transfer amount. 3.On some days I see some transactions with different amount of transfers which I don't do . 4.I can not transfer more than 20K. and charger for every transfer is not fair 5.And l wish to know ""For Ethiopians where exactly is there country to live in""",1,2024-11-26,CBE,Google Play
Agriculture in genral,5,2024-11-26,CBE,Google Play
"Pretty straightforward, does what it's supposed to do. Wish it had beefier/ more detailed recent transactions though.",4,2024-11-25,CBE,Google Play
"ስግብግብ , Unfair (Tele + CBE )😫",2,2024-11-23,CBE,Google Play
Yadani Nagaro,4,2024-11-23,CBE,Google Play
Less functional,1,2024-11-22,CBE,Google Play
The system is slow,5,2024-11-22,CBE,Google Play
This works fine !! Nice !!! But I was wondering can I see my statement from the app?,4,2024-11-21,CBE,Google Play
USE ENGLISH LANGUAGE.,5,2024-11-20,CBE,Google Play
It used to work fine but nowadays if u try to use it after midnight it doesn't always work either with Wi-Fi or data and sometimes we gotta pay things before the dead line and boom it doesn't work,3,2024-11-20,CBE,Google Play
I like this app! it's easy to use and quite flexible. it's nice 👍,5,2024-11-19,CBE,Google Play
From my over thirty five years custemer of the Commercial Bank of Ethiopia I find it to dependable bank.,5,2024-11-19,CBE,Google Play
improvement,4,2024-11-19,CBE,Google Play
Its good bank in ethiopia,4,2024-11-19,CBE,Google Play
The best banking and application,5,2024-11-18,CBE,Google Play
👍👍👍👌👌👌👌👌👌👌🤣,5,2024-11-18,CBE,Google Play
ZAYINE SALMAN,5,2024-11-17,CBE,Google Play
"feature to add beneficiary account from older version isn't available on this one, and the greeting notification that pops out during every log in is boring.",1,2024-11-17,CBE,Google Play
Problems seen account banning without my permission,2,2024-11-17,CBE,Google Play
maashaallaah,5,2024-11-17,CBE,Google Play
Excellent performance,5,2024-11-16,CBE,Google Play
I like this app. It is very helpfull. The draw back is it doesn't order transactions accordingly and it stops responding without any notification.,3,2024-11-16,CBE,Google Play
በጣም የሚያስጠላ ሲስተም ነው ኣሻሽሉ,2,2024-11-16,CBE,Google Play
"Sometimes, it is very difficult to open",1,2024-11-15,CBE,Google Play
It is easy;comfortable and smart latest advanced digitaluzed application of CBE!!!!!!!,5,2024-11-14,CBE,Google Play
ሲስተሙ ምንም አይሰራም ያአቸግራል 😔😔 ብስታካከል መላካም ነው,1,2024-11-14,CBE,Google Play
One of the best,5,2024-11-14,CBE,Google Play
Best app to use money transfer,5,2024-11-13,CBE,Google Play
Best in ethiopia,5,2024-11-13,CBE,Google Play
It is very easy to use and preferable overall I really liked this app,4,2024-11-12,CBE,Google Play
That's good,5,2024-11-12,CBE,Google Play
fantastic and very helpful,5,2024-11-12,CBE,Google Play
I really love this App It's amazing 🙏,5,2024-11-11,CBE,Google Play
"The 'unsubscribe' button in the CBE Android app is misplaced. It should be at the middle of the menu or somewhere else rather than at the end. The end is usually for a 'log out"" and I inadvertently touched ''unsubscribe"" many times. This could lead to customers accidentally unsubscribing from the service.",4,2024-11-11,CBE,Google Play
Very good service,5,2024-11-11,CBE,Google Play
"hello,all ethiopian to east africa and all over the world.i am from ethiopia.i wos have disegned new digital transaction system in ethiopia.this our money transaction to be active when we need all our transaction to any where.this is also exellent way to connect by digital transaction with global country.......like china...us...italy....phli....etc through the world...we have been lucky by making a great digital connection system to develop our CBE birr with global transaction...in ethiopia...",5,2024-11-10,CBE,Google Play
Best app in ethiopia,5,2024-11-10,CBE,Google Play
Interesting application,5,2024-11-10,CBE,Google Play
The best application and easy my life,5,2024-11-10,CBE,Google Play
Amazing it's easy to use,5,2024-11-09,CBE,Google Play
Very great job,4,2024-11-09,CBE,Google Play
I have no experiance about this,5,2024-11-09,CBE,Google Play
It is good but not sufficient !!,5,2024-11-09,CBE,Google Play
1. Statement is limited with one screen display. There should be access to see my transactions of at least 6 months before. 2. Sometimes debit/credit is not shown on the account details.......,2,2024-11-09,CBE,Google Play
"The Commercial Bank of Ethiopia (CBE) is a pillar of financial strength and stability in Ethiopia. As the largest and most established bank in the country, it fosters economic growth, promotes financial inclusion, and supports businesses of all sizes. CBE’s mobile banking app enhances convenience by enabling millions to access banking services anytime, anywhere. Keep up Good work❤.",5,2024-11-09,CBE,Google Play
I am unable to open or use the application,2,2024-11-08,CBE,Google Play
I like this application and your Banking systems,5,2024-11-07,CBE,Google Play
Wow fast network,5,2024-11-07,CBE,Google Play
It's so intermittent.,2,2024-11-07,CBE,Google Play
ሰላም የኢት ንግድ ባንክ አፑ በጣም አሪፍ ነው ግን የተላላክነውን ሂስትሪ ላይ በካላንደር እንድወጣልን ስርች ማድረጊያ ጨምሩበት,5,2024-11-07,CBE,Google Play
Super convenient and accessible,5,2024-11-06,CBE,Google Play
"you brought new feature which is standing order, but it doest have option to delete/edit amount",4,2024-11-06,CBE,Google Play
I like this app but it's done not work so fix it please!!!,1,2024-11-06,CBE,Google Play
Easy and accessible easily,5,2024-11-05,CBE,Google Play
Very nice app ግን አንዳንዴ በጣም ይንቀረፈፋል ማሻሻል አለባችሁ ፍጥነት ያስፈልጋል,4,2024-11-05,CBE,Google Play
Very great application,5,2024-11-04,CBE,Google Play
It shows a limited number of transaction history. And it does show transactions history in the order of arrival,1,2024-11-04,CBE,Google Play
"Good and better app compared to other bank's, but the remard/naration is ommited when we make a screenshoot, so better to include the remark.",5,2024-11-04,CBE,Google Play
the best service,5,2024-11-04,CBE,Google Play
Very nice applications. Very useful app.,5,2024-11-02,CBE,Google Play
I am using. The Ap it is amazing,5,2024-11-02,CBE,Google Play
Good luck tanks 😍,5,2024-11-02,CBE,Google Play
Best application,4,2024-11-01,CBE,Google Play
"Loved it! Exceptionally easy, friendly interface with no adds and complicated extensions app!",5,2024-10-31,CBE,Google Play
Keep the good work,5,2024-10-30,CBE,Google Play
Working very good yet than the other methods I know before,5,2024-10-30,CBE,Google Play
"This app is very interesting, fast transaction and preferable system!",5,2024-10-30,CBE,Google Play
Avery good app designed by CBE makes life easier.,4,2024-10-30,CBE,Google Play
Best ethiopian bank,5,2024-10-28,CBE,Google Play
Fast service.,5,2024-10-28,CBE,Google Play
The leading bank in Ethiopia.,5,2024-10-27,CBE,Google Play
Very efficient app,5,2024-10-27,CBE,Google Play
less active,1,2024-10-26,CBE,Google Play
It's better for using Wherever we are .,5,2024-10-24,CBE,Google Play
ብርለማስተላፍ ፈልጌ አልሰራልኝም ለምን?,4,2024-10-24,CBE,Google Play
I get it fast,5,2024-10-24,CBE,Google Play
I liked this app,5,2024-10-24,CBE,Google Play
ፒን ቁጥር ካስገባሁ በኋላ የሚመጣው ስከሪን ተቀማጭ ባላነሴን አያሳይም!,1,2024-10-23,CBE,Google Play
Amazing for saving time,5,2024-10-22,CBE,Google Play
"The best mobile banking in the world. I love it, thank you!!!! But try to have more servers, sometimes it is busy.",4,2024-10-21,CBE,Google Play
Nice service,5,2024-10-21,CBE,Google Play
New Technology,5,2024-10-21,CBE,Google Play
bast mobile banking in Ethiopia,2,2024-10-20,CBE,Google Play
its so good app,5,2024-10-20,CBE,Google Play
Nasri.huseen,5,2024-10-19,CBE,Google Play
App is not working,1,2024-10-19,CBE,Google Play
Very good for transaction,5,2024-10-19,CBE,Google Play
Baayyee gaariidha,5,2024-10-19,CBE,Google Play
ጥሩ ነው በዚሁ ቀጥሉበት።,2,2024-10-18,CBE,Google Play
This good mobile banking app ever used but it says this device is rooted. You cannot run this app on this device,1,2024-10-18,CBE,Google Play
try to update it,1,2024-10-18,CBE,Google Play
"Fantastic, It has supersonic speed.",5,2024-10-18,CBE,Google Play
Nice &simple app,4,2024-10-18,CBE,Google Play
Such a great app😘,5,2024-10-16,CBE,Google Play
"It is a service that is not expected from such a large institution. I saw that your work is very complicated. The user does not understand well your application. In general, you have many problems. This application is not convenient for the end user. For instance I can't access my account from abroad what I depsited amount and transfer from my account to any any one .It is a shame.",1,2024-10-16,CBE,Google Play
"Cannot access with no reason,",1,2024-10-15,CBE,Google Play
Abdullaxif sherashid,5,2024-10-15,CBE,Google Play
"I like the app, easy to use, if possible please add some more features like calculator. Simply add one more icon with calculator function, so the users can easily do some calculation without closing the app.",4,2024-10-15,CBE,Google Play
It was good because of its wide area usage possibility but has so many problem with transaction daily information and availability duration,3,2024-10-15,CBE,Google Play
easy to use,5,2024-10-15,CBE,Google Play
"It's not secure enough,you don't have biometric option",1,2024-10-14,CBE,Google Play
@12ahme afar,5,2024-10-14,CBE,Google Play
-The app only shows a limited record amount of transaction (20) - it crashes again and again,1,2024-10-14,CBE,Google Play
I need money,3,2024-10-13,CBE,Google Play
HAYlDER A/ZiABAA,5,2024-10-13,CBE,Google Play
That was good app😍,5,2024-10-13,CBE,Google Play
"Fast and easy to use, simple app at all!👌",4,2024-10-13,CBE,Google Play
Best application ever,5,2024-10-13,CBE,Google Play
It is an amazing App I like its features,5,2024-10-13,CBE,Google Play
"Please bring back the reason of transfer/reference format on the receipt. Pls pls, for those of us who have multiple transactions,it's very important to trace the receipts by looking at the references.",3,2024-10-13,CBE,Google Play
Commercial Date,5,2024-10-12,CBE,Google Play
"No have all monthly statement,",2,2024-10-12,CBE,Google Play
I love this app it is fast and suitable for use.,5,2024-10-11,CBE,Google Play
Wow Ethio Tele 🤯🤣🤣🤣🤣,3,2024-10-11,CBE,Google Play
I find this app user friendly and reliable.,5,2024-10-11,CBE,Google Play
"It's good ,but in the history list, it doesn't show a reason for transactions.",4,2024-10-11,CBE,Google Play
"This app is not set up for diaspora users. It works fine until you needed a new verification code, or you change your cell phone and try to use the app on the new phone. You will not be able to get the verification key that it is asking for just for changing your phone. It requires you to go the nearest branch to get the verification key. For me this will be travelling to Ethiopia from USA just to get this code. Even my sister - a joint aact holder & has my Power of Attorney, could not help me.",1,2024-10-10,CBE,Google Play
Which is very important!,5,2024-10-10,CBE,Google Play
please send me your details please,5,2024-10-10,CBE,Google Play
No one like cbe,5,2024-10-09,CBE,Google Play
Its good for digital marketing,5,2024-10-09,CBE,Google Play
Superexcellent,5,2024-10-08,CBE,Google Play
too nice app my time savaing,5,2024-10-07,CBE,Google Play
This app is so strong💪,2,2024-10-07,CBE,Google Play
ይህ አፕሊኬሽን ብዙ አገልግሎት እየሰጠ ይገኛል ሆኖም በየጊዜው አዳዲስ አሰራሮችን ከማደስ አንፃር ሲታይ ይቀረዋል አሁን ላይ ሂሳብ አያሳየኝም ምን ላድርግ,5,2024-10-06,CBE,Google Play
One of the best banking apps.,5,2024-10-06,CBE,Google Play
Unexpected apps becouse this is bad unfortunately error,1,2024-10-06,CBE,Google Play
One of the fastest app ever used.,5,2024-10-05,CBE,Google Play
My best bank,5,2024-10-05,CBE,Google Play
Your app is so amazing,5,2024-10-05,CBE,Google Play
Very good 👍,5,2024-10-05,CBE,Google Play
Discount service fee,2,2024-10-05,CBE,Google Play
My choice bank Comertial bank of Ethiopia,5,2024-10-04,CBE,Google Play
This app is very active and past,5,2024-10-04,CBE,Google Play
CBE is a great way to use it.,4,2024-10-04,CBE,Google Play
The app very nice but it stuck by now. What is the reason?,5,2024-10-04,CBE,Google Play
"It's reliable, fast,and easy to use",5,2024-10-04,CBE,Google Play
The app is okay!,5,2024-10-04,CBE,Google Play
There is problem on application to transfer money and adjust please.,3,2024-10-04,CBE,Google Play
It make my life easy my time my energey,5,2024-10-04,CBE,Google Play
Am happy for the service,4,2024-10-03,CBE,Google Play
Good application commercial bank of Ethiopia,5,2024-10-03,CBE,Google Play
It is my best apps ever. Thank you CBE!,5,2024-10-03,CBE,Google Play
Its very good application specialy with 4G Network Conection. However The Service Payment is Expensive. Do It Please Justified With Our Economy Label,3,2024-10-03,CBE,Google Play
App is not working for days now.,1,2024-10-03,CBE,Google Play
Tnx for the team,5,2024-10-02,CBE,Google Play
Interesting application any updates should have to included timely,5,2024-10-02,CBE,Google Play
Fantastic app,5,2024-10-01,CBE,Google Play
"Excellent appn that is easy to use it, the bank we trust and rely CBE. Thank you Abdi Farah",5,2024-09-30,CBE,Google Play
Maashoo.abduuroo,5,2024-09-30,CBE,Google Play
Double PIN request is extremely worthful. Keep working on security. I rate *****.,5,2024-09-30,CBE,Google Play
IAM satisfied for the application.,5,2024-09-30,CBE,Google Play
It is excelent,5,2024-09-29,CBE,Google Play
Exlence service,5,2024-09-28,CBE,Google Play
"The increase in the amount of the Daily Exchange should be increased to 6,000,000 ETB instead of 600,000 ETB.",4,2024-09-28,CBE,Google Play
It's the best appks,5,2024-09-28,CBE,Google Play
Fast and Easy to Use. By far the best mobile banking application in 🇪🇹,5,2024-09-27,CBE,Google Play
Excllent app,5,2024-09-27,CBE,Google Play
It's time consuming up for using electronic money every were,5,2024-09-27,CBE,Google Play
Very special app,1,2024-09-27,CBE,Google Play
It's esay and very fast to use and sync.,5,2024-09-26,CBE,Google Play
This app sometimes 🛑,1,2024-09-26,CBE,Google Play
Verification code website,5,2024-09-26,CBE,Google Play
The best way..i like it#1👍,5,2024-09-26,CBE,Google Play
I like it but can bring for us to link with PayPal please,5,2024-09-26,CBE,Google Play
please add the fingerprint security. All most the app is very good app.,5,2024-09-25,CBE,Google Play
I have been using this app for log time since It come to existence and its its marvelous app and usually enjoy its function and simplicity. I know pay everything with this app and make my transaction all by this app. Great Job by CBE.,4,2024-09-25,CBE,Google Play
It's good but it must add some especial item like statement or transaction list place,5,2024-09-25,CBE,Google Play
This best app,5,2024-09-25,CBE,Google Play
fast and easy,5,2024-09-25,CBE,Google Play
trust to use,5,2024-09-24,CBE,Google Play
It the bast app in mobile money to trasfer to receive payment use it !,5,2024-09-24,CBE,Google Play
It is an interesting app,3,2024-09-24,CBE,Google Play
not working well,1,2024-09-24,CBE,Google Play
oromosikorkreshn,5,2024-09-23,CBE,Google Play
Its eassy to use,5,2024-09-23,CBE,Google Play
"It is very, for more experience please upgrade it",5,2024-09-23,CBE,Google Play
failed to give receipt or confirm payment,2,2024-09-23,CBE,Google Play
"Faster and convertible,,,,,CBE App👍👍",5,2024-09-23,CBE,Google Play
አብዛውን ጊዜ ያስቸግራል,5,2024-09-22,CBE,Google Play
Sulxan nuree muhammad godinaa harargee lixaa anaa buqa dhintuu zone,5,2024-09-21,CBE,Google Play
Abdurahman Abdalkarim,1,2024-09-19,CBE,Google Play
Amazing app,5,2024-09-19,CBE,Google Play
Has not show recent exact information. Some transactions are included and others excluded. Bad experiance. Always I got in truble by thinking the correct balance.,1,2024-09-19,CBE,Google Play
Taju Mohammed Belda,5,2024-09-18,CBE,Google Play
Very bad application not working properly every time,1,2024-09-18,CBE,Google Play
It's safe ever,5,2024-09-18,CBE,Google Play
"It's ask me update then i was going to my branch they updated my mobile banking but still not working!""",1,2024-09-18,CBE,Google Play
Nice mobile banking,5,2024-09-17,CBE,Google Play
It ask KYC for the 3rd time in one moths what wrong with your system. If this thing keep going most of your customers start using other banks including My family and friends.,1,2024-09-17,CBE,Google Play
It's true and is my favorite Banks,5,2024-09-16,CBE,Google Play
It is great app,5,2024-09-16,CBE,Google Play
This service is qulity and very easy to use by any place any time also i could have save my time. Just i can say fantastic.,5,2024-09-16,CBE,Google Play
"How can I trust a bank that doesn't have a cyber crime reporting mechanism. I recently traveled out of the country. After a week I got a text message stating that more than 1000bir withdrawn from my account without my knowledge. When I tried to download the receipt, it doesn't even work. I only know it was transfered to a Wegagen bank account via a POS machine. Please be carefull and take a lesson from me. 😡😡😡",1,2024-09-16,CBE,Google Play
Very nice work,5,2024-09-15,CBE,Google Play
Finance manager,5,2024-09-15,CBE,Google Play
Very good simple and easy app thank you very much Ethiopian commercial Bank 👍👍 🏧,5,2024-09-15,CBE,Google Play
"it is good app . but i had some essue's lately, they app don't show Transaction history properly in order of date of withdrawal . You should fix that in the next Update.",3,2024-09-14,CBE,Google Play
It is great and fast app to transfer money,5,2024-09-14,CBE,Google Play
Best up Ever.,5,2024-09-14,CBE,Google Play
"Error free, user friendly best app🙏",4,2024-09-14,CBE,Google Play
"I really like this app as it is being updated from time to time and includes multiple payment options. In particular, giving a receipt makes it even more preferable. However, when it is refreshed, it does not show the history of credit and deposit in order and, I am of the opinion that it is better if the recent history is fixed respectively according to the transaction date in the future because there is a problem of confusion.",3,2024-09-12,CBE,Google Play
This application is very nice mobile banking agent and various transactions can be used download and use,4,2024-09-12,CBE,Google Play
If there was a lesser rating I'd have given it to this app! What's with all this service charges? With the amount they're charging for everything I'm afraid we'll be paying to even look in their direction.,1,2024-09-12,CBE,Google Play
I hate apps and all management of cbe,1,2024-09-11,CBE,Google Play
The fast and easy to use app there is nothing to deny aboutt that... but it has a serious issue on showing transaction history like if i send or receive money i ll find the transaction history after a day. When the sms message is not working at some days the issue get worse like we dont have an idea how much money we have received. I dont this this issue is hard to fix for you hope you will fix it on the next update....the app deserve 4stars tbh but i just want you to see this seriously thankyou,1,2024-09-11,CBE,Google Play
Updet every time,5,2024-09-11,CBE,Google Play
"When I enter values in the Amount and Remark fields and click the Continue button, I encounter an error. However, the transaction still deducts the specified amount. It is essential to test this error handling functionality.",4,2024-09-11,CBE,Google Play
Tilahun Getachew,5,2024-09-11,CBE,Google Play
backward banking app,2,2024-09-11,CBE,Google Play
"What a trash app! Trash! Trash! Trash! Whenever you want to use the app after once you uninstall it, or receive it from someone else, it will ask you for a new verification. Again, after you clear the cache and data, you will be required to ask a verification code from the nearby bank physically too! What a shame! Never use this app! Your account pass code is unsecure in this app. STOP using this app! I Do!",1,2024-09-10,CBE,Google Play
Satisfactory,5,2024-09-10,CBE,Google Play
Not working out of Ethiopia this week mine is,1,2024-09-10,CBE,Google Play
Easy and safe to use,3,2024-09-10,CBE,Google Play
I was looking for this application and finally succeeded. It's wonderful application to receive and send money with the speed of light. Thank you so much CBE. I wish you all CBE staffs happy new year. May this year be the year of peace and prosperity for all and everyone. HAPPY ETHIOPIAN NEW YEAR!!! #2017 E.C.🐦,5,2024-09-09,CBE,Google Play
this app is very good app,5,2024-09-09,CBE,Google Play
The app only shows 25 transaction. The most frustrating it ever. Other banks gives you months of transactions ans statement. What a joke,1,2024-09-09,CBE,Google Play
"it's not best like abyssinya mobile bank. This not show the transaction and didn't get notification , SMS text.",3,2024-09-09,CBE,Google Play
Easy to use and private.,5,2024-09-09,CBE,Google Play
"please fix the recent transaction page, it's not showing recent transactions",4,2024-09-08,CBE,Google Play
Wow 👌 great 👍,5,2024-09-08,CBE,Google Play
Why can't we transfer funds directly to another's person telebirr wallet,5,2024-09-08,CBE,Google Play
this app is so smart,5,2024-09-08,CBE,Google Play
Our best app,5,2024-09-07,CBE,Google Play
It is a good app overall but you need to improve some features like the recent transactions section which doesn't accurately show recent transactions.,3,2024-09-07,CBE,Google Play
"It need some listed improvements below. 1. Try to desplay at lst one month transaction 2. Try to solve weekend transaction display error 3. ""Failed"" message after few processing",3,2024-09-07,CBE,Google Play
Very easy and interesting,5,2024-09-07,CBE,Google Play
Excellent app,5,2024-09-07,CBE,Google Play
It's the worst! I just transfer from my cbe account in to my tele birr account for urgent case but unfortunately it holds. And there customer service workers told me it will be returned in to my cbe account after 3 or 5 working days if its not credited in to my telebirr account. How's that working? This bank is a pioneer in from the country. It's really annoying this happens for second time. Please amend your network services. Am totally annoyed by cbe.,1,2024-09-07,CBE,Google Play
I loved digital bankink(Internet banking of CBE),5,2024-09-07,CBE,Google Play
Good application to use especially it helps me while I buy and sell goods. Thanks,1,2024-09-07,CBE,Google Play
It is very friendly and easy to use.,5,2024-09-06,CBE,Google Play
Transaction problems 😔,1,2024-09-06,CBE,Google Play
User friendly application.,5,2024-09-06,CBE,Google Play
"I have never such a disgusting app in my life , i swear it doesn't even work properly",1,2024-09-05,CBE,Google Play
Obsaa.Abdallaa,1,2024-09-05,CBE,Google Play
Very good app but why all the theme is just Islamic?,5,2024-09-04,CBE,Google Play
It donsnt show the new amount after there is a deposit,3,2024-09-04,CBE,Google Play
i use this application many time it works perfectly 10Q,5,2024-09-04,CBE,Google Play
"The CBE mobile banking app is a time-saver, but it needs several improvements, like adding fingerprint authentication. It's risky when people see me entering my PIN. Additionally, the fees are unreasonable. You could learn from Tele Birr, which adjusts fees based on the transaction amount. However, the CBEMB app charges a flat 10 birr fee for amounts between 5 and 1000 birr, which I think is unfair.",2,2024-09-04,CBE,Google Play
Nice to meet you my bank,5,2024-09-03,CBE,Google Play
Fast service and reliable it works from everywhere across the globe love it,5,2024-09-03,CBE,Google Play
Very convenient and easy to use,4,2024-09-03,CBE,Google Play
I used to mobile bsnking,5,2024-09-03,CBE,Google Play
It is very comfortable!,5,2024-09-02,CBE,Google Play
It is the best app I like it,4,2024-09-02,CBE,Google Play
Good at all,5,2024-09-02,CBE,Google Play
"The app doesn't have 1. mini statement service In my opinion, I don't have to go to cbe branch to get mini statements and transactions I have done and pay for it.why? 2. Recent transaction The app doesn't store numerous or enough recent transactions, even it doesn't store what stored properly sometimes.",1,2024-09-02,CBE,Google Play
Bulchaa ibsa,5,2024-09-01,CBE,Google Play
It's Great App 💪🏼wow which i like it z most👌🏼 but please add biometric authentication,5,2024-09-01,CBE,Google Play
I can't describe enough how helpful it was. It's best version than ever mobile banking services.,1,2024-09-01,CBE,Google Play
"Thank you, everyone",5,2024-08-31,CBE,Google Play
It says you are debited 20birr but it transfers another 10 birr with it I don't understand if it's under their rules,1,2024-08-29,CBE,Google Play
This is the best transaction app,5,2024-08-29,CBE,Google Play
በጣም ጥሩ ነው እናመሰግናለይ ኑራችን ቀላል ስለዳረገቹልን,5,2024-08-29,CBE,Google Play
It functions to the most part until you need it. The most common flaw is when you send money to another bank account. It shows error but the money is actually gone. I paid twice at least 4 times because of this.,2,2024-08-29,CBE,Google Play
"Best mobile banking application,it makes it easy for any of my financial transactions",5,2024-08-28,CBE,Google Play
This app is update not yet,5,2024-08-28,CBE,Google Play
CBE birr app,5,2024-08-28,CBE,Google Play
መጣም በጣም ተመችቶኛል በተላይ ነፃ ብድር ቢኖረው,5,2024-08-28,CBE,Google Play
It's a best application to exchange our money in a best speed and time saving way,1,2024-08-27,CBE,Google Play
Ibrahim mahamed,5,2024-08-27,CBE,Google Play
Hedduu bareda,5,2024-08-27,CBE,Google Play
How can I link with my CBEbirr wallet.,5,2024-08-27,CBE,Google Play
"Exchange rate is not applicable or not functional,what is the reason ?",5,2024-08-27,CBE,Google Play
I used for more than two years although needs improvements...,5,2024-08-27,CBE,Google Play
"Still needs development on several features.... For example - bank statements available online. The text feature of available balance and debited/credited notifications is very old school and involves too much digital trail. App doesn't always work, could be due to network issues in Ethiopia though. Another major issue is an error message is displayed when transferring from CBE to other banks. Ive almost lost a few thousands doing this once. Always cross check your balances.",1,2024-08-27,CBE,Google Play
Good service at Baburehama branch,5,2024-08-27,CBE,Google Play
First and best Online banking in Ethiopia,5,2024-08-26,CBE,Google Play
Best application! You have to upgrade additional services like help to withdraw card less amount from ATM machine.,5,2024-08-26,CBE,Google Play
It's good app,5,2024-08-26,CBE,Google Play
ስማርት አፕፕስ!!!,5,2024-08-25,CBE,Google Play
It is best easy to use fast and trustworthy,5,2024-08-25,CBE,Google Play
"Some transaction is not going to be processed accordingly. Which going to take 3-5days which is not completely right. since this bank has mass of customers. However, It should be considered as the money can be needed for emergency purposes.",2,2024-08-25,CBE,Google Play
The Best Mobile Banking App In Ethiopia,5,2024-08-25,CBE,Google Play
"This app has several issues based on my experience. Below are the problems that I encountered: 1. The app frequently crashes. 2. It only shows a limited transaction record history (25 transactions). 3. You can't access the transaction records after 8:00 pm and on Sundays. 4. It displays a ""payment failed"" message. It would be greatly appreciated if you could address these issues",1,2024-08-25,CBE,Google Play
Verey excellent,1,2024-08-24,CBE,Google Play
it is not well functional. It always sluggish and poor application.,1,2024-08-24,CBE,Google Play
በጣም ምቹና ቀልጣፋ አፓ ነው,5,2024-08-23,CBE,Google Play
A useless application that doesn't work.,1,2024-08-23,CBE,Google Play
Can not synchronize,1,2024-08-22,CBE,Google Play
"Amazing,fast andvaluable application for 🇪🇹 citizens",5,2024-08-21,CBE,Google Play
It's very suitable app for using,5,2024-08-21,CBE,Google Play
"App needs lots of updates to accomodate more demographic for Ethiopians leaving overseas. - Ability to use user name and password to use the application. People leaving over seas if they lose their phone, they can't have access to the application again unless u got to Ethiopia and activated it on the new phone! That's rediocoulus. - This application seems like it's a transfer application, not a bank application. I should be able to do more things such as viewing bank statements and more....",3,2024-08-21,CBE,Google Play
Some time network problems,5,2024-08-21,CBE,Google Play
Government Bank,1,2024-08-20,CBE,Google Play
It is help full ilike it,5,2024-08-20,CBE,Google Play
Helpful app,5,2024-08-20,CBE,Google Play
Why don't work,5,2024-08-19,CBE,Google Play
Very best app,5,2024-08-19,CBE,Google Play
Absolutely terrible App,1,2024-08-18,CBE,Google Play
From all commercial banks in Ethiopia this app is very easy to use and the fastest one From other banks Mobile banking app.,4,2024-08-18,CBE,Google Play
Recently I have been struggling accessing Cbe app with safaricom network... why???,4,2024-08-18,CBE,Google Play
it's better,5,2024-08-18,CBE,Google Play
It is good application,3,2024-08-17,CBE,Google Play
"No proper transaction is being recorded or presented on your the UI, the main features of the app is not working properly yet they have so many service in the app",1,2024-08-17,CBE,Google Play
በጣም አሪፍ እና ለአጠቃቀም ቀላል ነው,4,2024-08-17,CBE,Google Play
There is no option even to check your transactions. And is not users friendly.,2,2024-08-16,CBE,Google Play
DANTRO BAND,5,2024-08-16,CBE,Google Play
Fuad Abduraman,5,2024-08-15,CBE,Google Play
Thanks to the number of branches. Mobile banking is not very satisfactory.,1,2024-08-14,CBE,Google Play
መቼም ይሻላል 889ከመዛግ በርቱ,5,2024-08-14,CBE,Google Play
it is not good it's like eka eka chewata,1,2024-08-14,CBE,Google Play
Increadable app,5,2024-08-13,CBE,Google Play
I like it this app,5,2024-08-13,CBE,Google Play
You're genuine,1,2024-08-13,CBE,Google Play
It is good and best app,5,2024-08-13,CBE,Google Play
"Good aps 4ever,",5,2024-08-12,CBE,Google Play
To Day not working why,2,2024-08-12,CBE,Google Play
It is good app,4,2024-08-11,CBE,Google Play
ለምንድነው ብር ከተላላክን በኋላ Transaction history የማያሳየን ?,1,2024-08-11,CBE,Google Play
Ooo best app,5,2024-08-11,CBE,Google Play
Very fast and simple transfer app,5,2024-08-11,CBE,Google Play
"The app only work on working hour from 8 am-5pm it dont work at night or early in the morning, why do we need it then...try to fix it.",1,2024-08-10,CBE,Google Play
ITS So easy and fast ✔✔✔✔✔✔✔,5,2024-08-10,CBE,Google Play
"The app is simple, fast, and convenient to use.",4,2024-08-10,CBE,Google Play
Simple and well built,5,2024-08-10,CBE,Google Play
I can't change my pin.😢,4,2024-08-10,CBE,Google Play
My account number All contact,5,2024-08-09,CBE,Google Play
Best up i love it,5,2024-08-09,CBE,Google Play
Very nice and attractive application,5,2024-08-09,CBE,Google Play
It's game changer application,5,2024-08-09,CBE,Google Play
"This has so many bugs and doesn't update transaction logs in time, to make it worse it shows error message when you send money but deducts from account at same time but never lets you know that the transaction was successful. And it has very annoying greeting notification.",2,2024-08-09,CBE,Google Play
So simple to use and Easier than even MB,5,2024-08-09,CBE,Google Play
Best app i really like it,5,2024-08-09,CBE,Google Play
Wow Nice App,5,2024-08-08,CBE,Google Play
Wow absolutely best app,5,2024-08-08,CBE,Google Play
Not wotking properly & shows payment failed but already sent z found . this is so bad for country bank app😂,1,2024-08-08,CBE,Google Play
በጣም አስደሳች ነው ግን transfer to own Tellbire የሚለው ላይ transfer ot other Tellbire የሚል ቢጨመር,5,2024-08-08,CBE,Google Play
Best mobile app ever,5,2024-08-08,CBE,Google Play
very very best,5,2024-08-08,CBE,Google Play
That's is really good 👍 I like CBE,5,2024-08-08,CBE,Google Play
አንደኛ ነው ፈጣን ምቹ ቀላል ሳልነካው አልውልም #1ኛነው,5,2024-08-07,CBE,Google Play
Fahti Kamaal,1,2024-08-07,CBE,Google Play
compaatble cbe,5,2024-08-07,CBE,Google Play
Very poor and very disgusting,1,2024-08-06,CBE,Google Play
Ok Bankii daladalaa Itoophayaa Anii noor mobile banking barbadaa,3,2024-08-06,CBE,Google Play
ለአጠቃቀም ቀላል የሆነ አሪፍ አፕ ነዉ።,5,2024-08-06,CBE,Google Play
Best app for using and time saving,5,2024-08-06,CBE,Google Play
So very important app very useful.,5,2024-08-06,CBE,Google Play
"Nice app but became inactive after being zippad &released ,plse solve such silly problem",5,2024-08-05,CBE,Google Play
"Always says can't synchronize, while I have active internet access",1,2024-08-05,CBE,Google Play
This app is exceptionally fantastic!! Keep updating it!!,5,2024-08-05,CBE,Google Play
It is my choice,5,2024-08-05,CBE,Google Play
Download our app:,5,2024-08-04,CBE,Google Play
my mobile banking account app blocked please open Borana Zone yabello,5,2024-08-03,CBE,Google Play
Good app but it not allowed me to link my ac with walet,4,2024-08-03,CBE,Google Play
This app is smart and simple to use.,5,2024-08-03,CBE,Google Play
Dobuony bandak jock,5,2024-08-03,CBE,Google Play
its very fast and active app,1,2024-08-03,CBE,Google Play
amezing app!!,3,2024-08-03,CBE,Google Play
it was good but it has some error by connection......,5,2024-08-02,CBE,Google Play
Ow 🤞🤞🤞 cbe app mobanking,4,2024-08-02,CBE,Google Play
Very nice application please add additional language commercial bank of Ethiopia back bone of Ethiopian economy,5,2024-08-02,CBE,Google Play
It is really nice application helped me a lot.,5,2024-08-02,CBE,Google Play
I have one year experience.,5,2024-08-01,CBE,Google Play
Easy to use and also fast,5,2024-08-01,CBE,Google Play
"All those service interruptions... , When you update it stops working and to start using an new appliance you need to go to the bank to activate it... uff...",1,2024-08-01,CBE,Google Play
Revolutionized ethiopian banking industry to another level I was amazed how it made contact my family easily,5,2024-08-01,CBE,Google Play
It's not appropriate for Play store,1,2024-08-01,CBE,Google Play
Fast and easy but there is delayance in refreshing,5,2024-08-01,CBE,Google Play
"Not opening the account, very late",2,2024-08-01,CBE,Google Play
Poor app please upgrade it Example add transfering to telebirr agent,1,2024-08-01,CBE,Google Play
Why not access in galaxy s7 edge??,5,2024-07-31,CBE,Google Play
Hamza kamal and,3,2024-07-30,CBE,Google Play
very good app,5,2024-07-30,CBE,Google Play
why dont u referesh ???,5,2024-07-30,CBE,Google Play
Commercial bankof ETheiopia,5,2024-07-29,CBE,Google Play
Nice app and always use.,5,2024-07-29,CBE,Google Play
Great mobile banking app,5,2024-07-29,CBE,Google Play
appu በጣም ቀላል ላጠቃቀም ምቹ ሆኖ አጊቼዋለው እንደአስተያየት ሚስጥር ቁጥር ስናስገባ 4 digit ያለው ቁጥር ነው ምናስገባው በተጨማሪ በአሻራ እና በ ፌስ ስካን በማድረግ ብትጨምሩ,5,2024-07-28,CBE,Google Play
Very nice but network plm,5,2024-07-28,CBE,Google Play
Very very limited service,3,2024-07-28,CBE,Google Play
"Make it like telebirr, internet service fee free",3,2024-07-28,CBE,Google Play
Thank very much,5,2024-07-27,CBE,Google Play
Cbe mobile banking is very active. Thank you!,5,2024-07-27,CBE,Google Play
Subscription,5,2024-07-27,CBE,Google Play
ምርጥ አፕልኬሽን ጊዜንም ገንዘብም የሚቆጥብ,5,2024-07-27,CBE,Google Play
Very simple and fast,5,2024-07-27,CBE,Google Play
Its the bast application in my country,5,2024-07-27,CBE,Google Play
awonderful app,5,2024-07-27,CBE,Google Play
Right choice.,5,2024-07-27,CBE,Google Play
የመተግበሪያው የይለፍ ቃል በተጨማሪ የጣት አሻራ ቢኖረው።,4,2024-07-26,CBE,Google Play
its a disaster really,1,2024-07-26,CBE,Google Play
Xilaun tadel,5,2024-07-25,CBE,Google Play
Good application,5,2024-07-25,CBE,Google Play
Exceptional,5,2024-07-25,CBE,Google Play
It is not fast,1,2024-07-25,CBE,Google Play
Good application and Best for use,5,2024-07-25,CBE,Google Play
I like this app,5,2024-07-24,CBE,Google Play
Nice app considering what is out in the market in Ethiopian banking it can be better regarding no. Of recent transaction to display,5,2024-07-24,CBE,Google Play
No safaricom network,1,2024-07-23,CBE,Google Play
like Commercial Bank Ethiopia,5,2024-07-23,CBE,Google Play
its not working properly boring app ever,1,2024-07-23,CBE,Google Play
Very nice app,5,2024-07-23,CBE,Google Play
በጣም አሪፍ ሁሌ የሚተማመኑበት ባንክ ነው,5,2024-07-22,CBE,Google Play
It's fast and secure,5,2024-07-22,CBE,Google Play
Muluken mekonen abrbe,5,2024-07-22,CBE,Google Play
Jafer Ahmed umer,5,2024-07-22,CBE,Google Play
Very fast and efficient application.,5,2024-07-21,CBE,Google Play
it's good work,5,2024-07-21,CBE,Google Play
Amazing app,5,2024-07-21,CBE,Google Play
I like this app,5,2024-07-21,CBE,Google Play
This is very helpfull app. It workes for me even whil i am abroud. Good job CBE !!!,5,2024-07-21,CBE,Google Play
ገቢ እና ወጪን ይዘላል.. አስተካክሉት,2,2024-07-20,CBE,Google Play
Please protect my security and protect my rewards because some body tries hack me!!,5,2024-07-20,CBE,Google Play
I like this apps,5,2024-07-19,CBE,Google Play
It was verified and important apps but some customer service officer did know how to verifying,5,2024-07-19,CBE,Google Play
"I have not seen anything like it in the Ethiopian banking industry. It is very easy to use, fast, and offers a wide range of services. However, I would like to suggest a future modification: currently, the app only displays transactions for one month. It would be beneficial if it could show transactions for more than one month, including yearly transactions. Please consider this request. Thank you, Commercial Bank of Ethiopia, for this innovative app.",5,2024-07-19,CBE,Google Play
Why app don't work,5,2024-07-19,CBE,Google Play
"This app is very good. But, Sometimes it doesn't work properly by the problem of network.",4,2024-07-19,CBE,Google Play
It's Nice app ever!!!,5,2024-07-19,CBE,Google Play
Bareeda Garuu maaliifi haqaadeema nagahee duraa,5,2024-07-19,CBE,Google Play
I am Delighted to being the member of this leading Bank!,5,2024-07-18,CBE,Google Play
Maliif bakka jalqaba account bananne malee Hojiin egalchiisuun hin dandaamu?,5,2024-07-18,CBE,Google Play
No 1 banking application in Ethiopia,5,2024-07-17,CBE,Google Play
Wenderfull I loved it so much!!!!!,5,2024-07-17,CBE,Google Play
It's good app for me,1,2024-07-16,CBE,Google Play
Good service but need imrove mostly bcause some times no work,4,2024-07-16,CBE,Google Play
ABDISA MOHAMMED I can get 4hf my friend how are you feeling I hope my friend is coming up with you tomorrow at the same place you can get it done before the election results I think we need to we can do it together my friend how are things going for my friend,1,2024-07-15,CBE,Google Play
"Very poor, not connect properly, deduct money with out report",1,2024-07-15,CBE,Google Play
Refek neser,5,2024-07-15,CBE,Google Play
Good service,5,2024-07-15,CBE,Google Play
"Yesterday, system hackers have taken money out of my CBE account due to problems related with the CBE BIRR SMS and internet banking systems.You must further increase security of the system.I am willing to give further details if necessary. System hackers have unlocked the programning of cash transfer, I understood.",1,2024-07-15,CBE,Google Play
amisalesh banica,5,2024-07-15,CBE,Google Play
It good.but there gambler's in using mobile banking I lose 5000birr.,5,2024-07-14,CBE,Google Play
"""get your verification code from your nearest branch"" ia the first amazing dialogue your face, when you try to setup your CBE App. It is a way back system that requires you to go physically. You should have sent a verification codes either via phone number or email address. You better change this analogue system to the digital one! 😀",2,2024-07-13,CBE,Google Play
unable to access my account in the US.,1,2024-07-13,CBE,Google Play
It is easy to use.,5,2024-07-13,CBE,Google Play
Fast service,5,2024-07-13,CBE,Google Play
about inactive solutions want be!!!,1,2024-07-13,CBE,Google Play
አረ ወጪ ገቢዬን በስርአት አሳዪኝ 🙏🙏🙏 ሂሳቦች ብሎ የሚያመጣው የተዘበራረቀ,3,2024-07-12,CBE,Google Play
Its easy and comfortable thanks,5,2024-07-12,CBE,Google Play
Excellent bank,5,2024-07-11,CBE,Google Play
it a great app and it really made ma day,5,2024-07-11,CBE,Google Play
its goid app,5,2024-07-11,CBE,Google Play
Best application for transition,5,2024-07-11,CBE,Google Play
Good experience,5,2024-07-10,CBE,Google Play
Mohamedahmed224mohamed ahmed,5,2024-07-10,CBE,Google Play
I like all service,1,2024-07-10,CBE,Google Play
ከፒን ይልቅ በአሻራ እንዲከፈት ማረግ አለባቹሁ።,1,2024-07-10,CBE,Google Play
Good app compared with other bank app,5,2024-07-10,CBE,Google Play
Proud to be CBE's Customer,5,2024-07-10,CBE,Google Play
Very interesting application and very useful .,5,2024-07-09,CBE,Google Play
Too best to did,5,2024-07-08,CBE,Google Play
"Very good app, but why we don't see the statements?",4,2024-07-08,CBE,Google Play
Letebrhan leteberhan,5,2024-07-07,CBE,Google Play
Good and comfortable,5,2024-07-07,CBE,Google Play
ሃሪፈ አብሌኬሺን ሰለሆነ ይጠቀሙ,5,2024-07-06,CBE,Google Play
Very faster than ussd mode,5,2024-07-06,CBE,Google Play
could not see balance and account to account t not working,3,2024-07-06,CBE,Google Play
A life Time,2,2024-07-06,CBE,Google Play
It is stable and safe.,5,2024-07-06,CBE,Google Play
8838𝑒𝑎 935🄹🅄🆀😃😃😃😃፨፨፨፨ገ😃፨፧፨ቸዟዟዞ😂😂😂 😁😁🅿😀😅😁😁😁😁,2,2024-07-06,CBE,Google Play
I don't agreed what you are doing on my account regarding of commission payment of this apk. bcz I'm paying for transfer to other so why commission pyt is necessary or tell us and we can go to other banks if your users more bigger than you think 🙄 Is it 5birr is balance pls diminish it,1,2024-07-05,CBE,Google Play
this is good app,5,2024-07-05,CBE,Google Play
It is really a great app.,5,2024-07-05,CBE,Google Play
Very stupid service bank,1,2024-07-05,CBE,Google Play
"Splendid, fast and accurate service",5,2024-07-05,CBE,Google Play
the best one❤,5,2024-07-04,CBE,Google Play
Best application,5,2024-07-04,CBE,Google Play
Its very nice app,5,2024-07-04,CBE,Google Play
CBE The Ethiopian Nations Bank.,5,2024-07-04,CBE,Google Play
Perfect & good too work at,5,2024-07-03,CBE,Google Play
Sometimes delayed,3,2024-07-03,CBE,Google Play
Fast and user friendly app,5,2024-07-03,CBE,Google Play
Really great banking app,5,2024-07-02,CBE,Google Play
That is the trusted bank In Ethiopia 🇪🇹,5,2024-07-02,CBE,Google Play
absolute poor.,1,2024-07-02,CBE,Google Play
Very nice app i never seen such flexible,3,2024-07-02,CBE,Google Play
no network for today why,1,2024-07-02,CBE,Google Play
"Poor application. Let me list down if you could update the main features. It say error while the money has already sent. We can't get the transaction record (it has limited date) or somtimes the listed record transactions and the details are not the same while we enter to see further details. So if you can, try to see telebirr application and how much simple it is then try to update frequently.",1,2024-07-02,CBE,Google Play
Easy and fast to use this apps. Only you have to add to transfer others telebirr! Thanks CBE,5,2024-07-01,CBE,Google Play
Easy to use and well functioning with limited Internet access. Fantastic app.,5,2024-07-01,CBE,Google Play
CBE mobail Banking is very good.,5,2024-07-01,CBE,Google Play
It is a good app,4,2024-07-01,CBE,Google Play
It's essentially for an easy life.,3,2024-07-01,CBE,Google Play
It's the best in Ethiopia,5,2024-06-30,CBE,Google Play
Very good app & constant ever,5,2024-06-30,CBE,Google Play
The best one,5,2024-06-30,CBE,Google Play
The screen shot doesn't work.,2,2024-06-30,CBE,Google Play
It is greatly helpful if upgraded to work offline like *889#.,5,2024-06-30,CBE,Google Play
i am tesfalegn,4,2024-06-29,CBE,Google Play
የማያጠቅም ባንክ👎👎👎👎👎👎👎👎👎👎👎👎👎👎👎👎👎👎👎👎👎👎👎👎👎👎,1,2024-06-29,CBE,Google Play
Taliilaa gutaa Dhugoo xiqii,5,2024-06-29,CBE,Google Play
Wow amazing to this app,5,2024-06-28,CBE,Google Play
Its good aplication make it easy my money transfer and make it more secure,5,2024-06-27,CBE,Google Play
"It is best, recommend you guys to use.",5,2024-06-27,CBE,Google Play
Woow its good app for All banking service,5,2024-06-27,CBE,Google Play
Muhammad Kadire Mahamad,5,2024-06-26,CBE,Google Play
I says thanks,1,2024-06-26,CBE,Google Play
Really satisfying app,5,2024-06-26,CBE,Google Play
The Best Mobile Banking App,5,2024-06-26,CBE,Google Play
"The app is very nice to use but why you guys are cutting 10birr for each transaction to telebirr? Please, consider all market segments, there are students and labour workers. We all are not that rich 10birr+ service fee to be cut. CBE please, consider these thing.",3,2024-06-25,CBE,Google Play
Good job. Invest and invent more!,5,2024-06-25,CBE,Google Play
Passport payment,1,2024-06-25,CBE,Google Play
Nice one of and to be able skills in a good time for me and the first half of all time taking,5,2024-06-25,CBE,Google Play
"couldn't view receipt & can not get help, no telephone contacts. etches",2,2024-06-25,CBE,Google Play
It's perfect,5,2024-06-24,CBE,Google Play
I didn't like the topup system writings of phone number part,3,2024-06-24,CBE,Google Play
Nice app !!but not tomuch,4,2024-06-24,CBE,Google Play
More or less it is Good Application.Go Ahead.,5,2024-06-24,CBE,Google Play
Mikias Gitom,5,2024-06-23,CBE,Google Play
ጥሩ ነው ነገር ግን አብዛኛውን ጊዜ Transaction History አይመዘግብም አልፎ አልፎ አንዳንድ ቢያስቀምጥ እንኳ Order/በቅድምተከተል አይቀመጥም በተጨማሪ Message ያልደረም ከሆነ በጠም አስቸጋሪ ከመሆኑም በላይ በስራችን ላይ ጫና እያደረሰብን ነው ከደንበኞች በቀላሉ መገበያየት አስቻጋሪ ነው እና ይህ ይስተካከል እንላለን !!,2,2024-06-23,CBE,Google Play
I dont know when it works and dont but its not working more than working,1,2024-06-22,CBE,Google Play
Cbe mobile app number one,5,2024-06-21,CBE,Google Play
"It nice app,but it's not working using wifi ,if you can try to fix .",5,2024-06-21,CBE,Google Play
Nice application,5,2024-06-21,CBE,Google Play
amazing app,5,2024-06-21,CBE,Google Play
Fast an easy to use,5,2024-06-21,CBE,Google Play
MUMe hasenhusen,5,2024-06-20,CBE,Google Play
እ. ብ. ጥ. ነው,5,2024-06-20,CBE,Google Play
Keep walking with technology,5,2024-06-19,CBE,Google Play
CBE mobile banking now becoming the best.,5,2024-06-19,CBE,Google Play
What a nice app for business man thanks CBE,5,2024-06-18,CBE,Google Play
Very important!,5,2024-06-17,CBE,Google Play
There is a glitch regarding the transaction history. Recent transaction history are browsed almost after a day. Which makes it very inconvenient for the users.,2,2024-06-16,CBE,Google Play
It is user friendly app,5,2024-06-16,CBE,Google Play
Very good application,5,2024-06-15,CBE,Google Play
My password,5,2024-06-15,CBE,Google Play
"One of the poorest app for 2 main reasons 1-works only with internet connection 2-Even with best internet acess, it usally says failed synchronization .",1,2024-06-15,CBE,Google Play
Wow this App 👏 👌,5,2024-06-15,CBE,Google Play
Fast and secure,5,2024-06-14,CBE,Google Play
"Fast, user-friendly, easy-to-use",5,2024-06-14,CBE,Google Play
It's not so much fast,1,2024-06-14,CBE,Google Play
app bayyee si'atafi baredadha,5,2024-06-13,CBE,Google Play
Only smart!!!!,5,2024-06-13,CBE,Google Play
ከሃገር ውጭ ላለው ዜጋ በምን አይነት መልኩ አካውንት ሊከፍት ይችላል,5,2024-06-13,CBE,Google Play
Really very comfortable application!,5,2024-06-13,CBE,Google Play
Great and simple to use.,5,2024-06-12,CBE,Google Play
The worst app,1,2024-06-12,CBE,Google Play
electronics maintenance🤐,5,2024-06-11,CBE,Google Play
It was ok but resently it has become unuseable to say the list. It does not sincronise and I have not been able to make use of it.,1,2024-06-10,CBE,Google Play
"Improve the transaction history it misleading when you don't update the transaction correctly, and make it record the monthly Fee that deducted from our account, at this point the messages are more reliable",3,2024-06-08,CBE,Google Play
This so good! But some time it's not work.!,3,2024-06-08,CBE,Google Play
It's the worst app ever,1,2024-06-08,CBE,Google Play
lelisa sabsibe photo,5,2024-06-07,CBE,Google Play
I S I N J A A L A T A M T O T A,5,2024-06-05,CBE,Google Play
Fast and reliable service,5,2024-06-05,CBE,Google Play
fast and very easy to use.,5,2024-06-05,CBE,Google Play
Fast service,5,2024-06-05,CBE,Google Play
አንጋፋውና የአገሪቱ ዋልታ የኢትዮጵያ ንግድ ባንክ ችግሮቹን እየፈቻ ወደፊት እንደሚገሰግስ ባለሙሉ ቸስፋ ነኝ ክብር ለሚገባው ክብር እንስጥ,5,2024-06-05,CBE,Google Play
Recent transactions are all mixed up Rtgs doesn't show up for confirmation or in texts,1,2024-06-04,CBE,Google Play
Jamsi for make,5,2024-06-03,CBE,Google Play
Nice but please active always.,4,2024-06-03,CBE,Google Play
Nuradin mahamad abdala,4,2024-06-03,CBE,Google Play
Its good i like it,5,2024-06-03,CBE,Google Play
Best apk ever,5,2024-06-01,CBE,Google Play
Poorly functioning,1,2024-06-01,CBE,Google Play
Excellent app,4,2024-06-01,CBE,Google Play
This application is very useful and incredible especially by it's speed.,5,2024-05-31,CBE,Google Play
"it said ""None available""",1,2024-05-31,CBE,Google Play
"it's very good and fast application sometimes there is a little bit of congestion,fix it.",5,2024-05-31,CBE,Google Play
"If It fails, you become the richest person over night. 😊",5,2024-05-30,CBE,Google Play
Best App but it doesn't show me the debited birr and the right balance,5,2024-05-30,CBE,Google Play
Something else to eat it,3,2024-05-30,CBE,Google Play
very good app but the transaction and deposit day some times wrong!,5,2024-05-30,CBE,Google Play
This app is more relable and good to use .,4,2024-05-30,CBE,Google Play
very fast and secured app for my money,5,2024-05-29,CBE,Google Play
Best and easy,5,2024-05-29,CBE,Google Play
Shek Usmail Ahmad,5,2024-05-28,CBE,Google Play
Easy to use and a lot of functionalities! Keep your eyes on two things: 1. The transactions shown in the Recent section are messed up (every time I refresh it it shows different output of order and messed transaction list) 2. What if we can transfer to other Telebirr number Finally the transaction fee for transfers made other than CBE acc is expensive.,4,2024-05-28,CBE,Google Play
ይህ አፕ በጣም አጋዥ ስራን ሚያፋጥን ነው ግን ያለፈውን ሙሉ ታሪክ አያሳይም,5,2024-05-26,CBE,Google Play
the app not fast enough,5,2024-05-26,CBE,Google Play
It make's life simple and easy keep it up!,5,2024-05-25,CBE,Google Play
I wish your help,5,2024-05-25,CBE,Google Play
Bad and bad application,1,2024-05-24,CBE,Google Play
"Yaaa ,a nice app",5,2024-05-24,CBE,Google Play
Daily internal account to account transfer must be amended since its internal transactions,4,2024-05-24,CBE,Google Play
Very Good Service,5,2024-05-24,CBE,Google Play
Andualem akifle,5,2024-05-23,CBE,Google Play
Why is it not working well it is not even showing me the money I have,5,2024-05-23,CBE,Google Play
This app is not working other bank,2,2024-05-22,CBE,Google Play
Samsung A31,1,2024-05-22,CBE,Google Play
Applicationu arf new gn andande yaschegiral ahuninm hizbu benante bedemb eskireka mesrat new plus be meskot yemiseru serategnoch ke lela bank sinetsatser le dembegna kibir yelachewm endefelegut new yemiaerut +telebirr only own telebirr bicha bayhon le leloch yeminilikibet amarach bifeter...Thanks,4,2024-05-22,CBE,Google Play
Excellent app,5,2024-05-21,CBE,Google Play
there is no statement or transaction history its basic thing,5,2024-05-21,CBE,Google Play
very good👍🏾👍🏾👍🏾👍🏾👍🏾👍🏾👍🏾👍🏾👍🏾,5,2024-05-21,CBE,Google Play
Is excellent i ever seen,5,2024-05-21,CBE,Google Play
Best financial app,5,2024-05-20,CBE,Google Play
"Can got 0 ⭐ Please ! this App is completely Scam Becouse I made payment in other bank option in the App but the APP (-) mY BALANCE BUT NO successful notification to get screen shoot, no SMS and no Transaction history and I alerdy lost my mony becous my clint also does not get the mony i sent! I pay but I didn't got mony! stey away frim CBE",1,2024-05-19,CBE,Google Play
"It is nice app, but I couldn't see back transactions, it is restricted for recent transactions only.",3,2024-05-19,CBE,Google Play
I like this application and It's very useful,1,2024-05-19,CBE,Google Play
"The app is functional with some failures, need much work on the user experience.",3,2024-05-19,CBE,Google Play
"I am a business man i use this app long time, but it is very poor there is no filter to search the transactions of one Acc. If want to now how many times i send or receive.",1,2024-05-19,CBE,Google Play
The app doesn't support amharic characters For writing payment reason. It suppose to support writing in amharic(geez) alphabet,2,2024-05-18,CBE,Google Play
It is a good app. It only requires the account holder to use it regularly. It will be better if you make it available every time the user needs it whether he uses it regularly or not. Why is it closed?,5,2024-05-18,CBE,Google Play
"Simple, fast and secure",5,2024-05-17,CBE,Google Play
"It is helpful app which can be used easily but one important thing, when you send or receive a money it does not appear the hour and the minutes. You don't know if it is afternoon or morning. It is better the receipt to have date and time.",4,2024-05-17,CBE,Google Play
I Like the Apps,5,2024-05-17,CBE,Google Play
Very good apps. Thus help other for thier problem.,5,2024-05-17,CBE,Google Play
It's very interesting,4,2024-05-17,CBE,Google Play
Cbe provides a greatest mobile banking service in Ethiopia.,4,2024-05-17,CBE,Google Play
Bast app I know I don't forget this app in my bank account,5,2024-05-16,CBE,Google Play
Best application,5,2024-05-16,CBE,Google Play
Nuguse hanku,5,2024-05-15,CBE,Google Play
Short and Great app,5,2024-05-15,CBE,Google Play
Ilove this app easy use,5,2024-05-15,CBE,Google Play
"Recent service fee change is ridiculous. Plus making transfer to other banks and Telebirr wallet is even crazier. You suppose to be an exemplary institution, but you are doing the opposite.",2,2024-05-14,CBE,Google Play
Hulem yemitemamenibet bank new,5,2024-05-14,CBE,Google Play
Best of best apk,5,2024-05-13,CBE,Google Play
Best App but how can i use more two or more CBE app in one app.,5,2024-05-13,CBE,Google Play
Talented man,5,2024-05-13,CBE,Google Play
This app have no fingerprints unlock and have problem with safaricom topup,1,2024-05-13,CBE,Google Play
"Amazing, very friendly and awesome application. Only one drwaback is that you are not willy to make it active after blocking the mobile banking via 951. I am not still using once blocked. You send me to the branch banks but they don't have enough skill to help.",5,2024-05-12,CBE,Google Play
Good app but it fail to send on time the commission money is unnecessary and also their are some bug like recent transaction page don't show the recent one ...... Try to improve it's back system as a bank system people want it in different situations so it has to work every time as could as possible if you don't get it when you want why we use mobile banking not branch service as I conclusion personally I like the bank because it is CBE but not their digital banking system Thanks,2,2024-05-12,CBE,Google Play
"Amazing App. But sometimes the app won't show the account balance. It says ""no accounts available""",5,2024-05-12,CBE,Google Play
አሪፍ ነው አፑ ግን አዘምኑት ከ ፒን ውጪ የጣት አሻራ ቢኖረው አሪፍ ነው,5,2024-05-12,CBE,Google Play
"Best prgresive app, and good fetures",5,2024-05-12,CBE,Google Play
I am comfortable,5,2024-05-11,CBE,Google Play
It's fantastic app,4,2024-05-11,CBE,Google Play
One of the best bank,5,2024-05-11,CBE,Google Play
"This app is very nice, it eases complicated services. The only thing the developer to modify is the app doesn't show recent credit as soon as the credit seen by text message",5,2024-05-10,CBE,Google Play
Caalaamahammad,5,2024-05-10,CBE,Google Play
Good content but some times sent money but on pending,4,2024-05-10,CBE,Google Play
It is a very weak app it does not even show transaction history. If there are 3 transactions in a day it shows two and does not show the rest.,1,2024-05-09,CBE,Google Play
It is very important apk.,5,2024-05-09,CBE,Google Play
It is amazing app,5,2024-05-09,CBE,Google Play
Itis excellent application i ever seen i Ethiopia! But if biometric is added it more usable ! Thank you!,5,2024-05-09,CBE,Google Play
Mobile banking,5,2024-05-09,CBE,Google Play
Very huge and amazing banking sistem,5,2024-05-08,CBE,Google Play
CBE juneydi alii,5,2024-05-08,CBE,Google Play
When pressing the download screen shot it downloads it two times please fix it,3,2024-05-08,CBE,Google Play
Asitemamagn yebank agar,5,2024-05-08,CBE,Google Play
Try to make simple more and more to fit with the need of customer's And try to make secure even if the customer use the app incorrectly ok thank you,5,2024-05-07,CBE,Google Play
I Was a customor of comricial bank of ethiopia,5,2024-05-07,CBE,Google Play
𝑻𝒉𝒊𝒔 𝒂𝒑𝒑𝒍𝒊𝒄𝒂𝒕𝒊𝒐𝒏 𝒊𝒔 𝒗𝒆𝒓𝒚 𝒈𝒐𝒐𝒅,4,2024-05-07,CBE,Google Play
It's golden,5,2024-05-06,CBE,Google Play
It is very best app,5,2024-05-06,CBE,Google Play
Poor Bank Poor banking system Poor app,1,2024-05-06,CBE,Google Play
Amazing app I ever see in this territory,5,2024-05-05,CBE,Google Play
Very good 😊 but it have errors,3,2024-05-05,CBE,Google Play
Ana taanan 0 turee oso jiraate,1,2024-05-05,CBE,Google Play
Sadam Dafhj,1,2024-05-05,CBE,Google Play
"CBE Mobile banking app is very easy, simple and full of technology. I thank the innovator of this system🙏🙏🙏🙏",5,2024-05-04,CBE,Google Play
how to use?,1,2024-05-04,CBE,Google Play
Ayalew Asefa weledemichel /አያሌው አሰፋ ወ/ሚካኤል,1,2024-05-04,CBE,Google Play
Cbe ye mafia leba yhehinu nachew hidden fee ykortalu transfer lay ye wsha ljoch,1,2024-05-03,CBE,Google Play
አንዳንዴ የቀሪ ሒሳብ ዝርዝር አያሳይም ከዛ ውጪ i love it .😍. !,5,2024-05-03,CBE,Google Play
It is nice app & simple to use it,4,2024-05-03,CBE,Google Play
Good oppotion.,5,2024-05-03,CBE,Google Play
Excellent app thanks CBE,5,2024-05-02,CBE,Google Play
"It is a very nice and easy app to use. There is only one thing i would like you to add. If you could transfer from your account to another person's telebirr account, it only works to your own phone number",5,2024-05-02,CBE,Google Play
Amazing app !!,5,2024-05-02,CBE,Google Play
Nice application but not work properly on iphone,5,2024-05-01,CBE,Google Play
Good and easily application thanks,5,2024-05-01,CBE,Google Play
"Unable to use the app for around a month! (It cames with an error message ""None available"" everytime I try to transfer). What a Worst app!!!",1,2024-05-01,CBE,Google Play
this updated version is ANNOYING!! Doesn't work at all!! 😡👺🤬😾,1,2024-05-01,CBE,Google Play
have no option for transaction export,1,2024-05-01,CBE,Google Play
Great !!! I am happy for this app.,5,2024-05-01,CBE,Google Play
hey cbe. we love to use Commercial Bank of Ethiopia but we can't transfer money to international by using the CBE app by using SWIFT,1,2024-05-01,CBE,Google Play
Not working,1,2024-04-30,CBE,Google Play
"Terrible application. every time when I have transactions, say an error while the transaction is already done, doesn't show the recent updates balances and transaction.",1,2024-04-30,CBE,Google Play
I'm satisfied with this app.❤❤,5,2024-04-30,CBE,Google Play
good service,5,2024-04-30,CBE,Google Play
Google sesetm,5,2024-04-29,CBE,Google Play
Excellent app,5,2024-04-29,CBE,Google Play
Its better app,5,2024-04-29,CBE,Google Play
Great service,5,2024-04-29,CBE,Google Play
"- It is best application , but you have to integret the tele- birr service to any mobile service number by titening the security tunnels rather than own mobile service number only",3,2024-04-29,CBE,Google Play
It's best and easy to use I like how it works,5,2024-04-28,CBE,Google Play
It's easy to use and safe,4,2024-04-28,CBE,Google Play
wow serane yakelale,5,2024-04-27,CBE,Google Play
ንግጽ ባንድ በጣም ጥሩ አስተማማኝ ነው,5,2024-04-27,CBE,Google Play
It is not that hard to list the number of transactions in their order,1,2024-04-27,CBE,Google Play
It's very nice app,3,2024-04-26,CBE,Google Play
Very poor application it doesn't work in all smart phones☺️☺️☺️,1,2024-04-26,CBE,Google Play
Not work properly.,1,2024-04-26,CBE,Google Play
It's the best mobile banking application ever!,4,2024-04-26,CBE,Google Play
To be honest It's a great app,5,2024-04-25,CBE,Google Play
best Ethiopian bank,5,2024-04-25,CBE,Google Play
Really thank for your service,5,2024-04-25,CBE,Google Play
"I like this app very much, commercial bank of Ethiopia became one of the banks that I Can Always Rely on.",5,2024-04-25,CBE,Google Play
Amusing app,5,2024-04-24,CBE,Google Play
Andegna new,3,2024-04-24,CBE,Google Play
I am interested,5,2024-04-24,CBE,Google Play
I am happy using this app,5,2024-04-24,CBE,Google Play
"Bad App and Bad institution It Can not show a transaction list Correctly It shows a very Messed up Transaction position Before Leaving the Country i beg them Please, I am going to leave the country, please make internet banking active for me, but they told me that the application will work anywhere, And Now it did not work after I left the country, it made me unable to move my money.",1,2024-04-23,CBE,Google Play
ቯጨጨየኘቨሀሀ!ሐኘረd,1,2024-04-23,CBE,Google Play
"I am unable to use mobile banking for around a month. It says ""None available"" when I try to transfer or buy airtime.",1,2024-04-22,CBE,Google Play
It don't work The application is Doesn't work,4,2024-04-22,CBE,Google Play
Stupid thief app,1,2024-04-22,CBE,Google Play
It's good app but one thing shoukd be add on history sort by option,5,2024-04-21,CBE,Google Play
Best app except ballance update is slow,4,2024-04-21,CBE,Google Play
good at using CBE to family and friends and consider it as the fastest and trusted Bank,5,2024-04-21,CBE,Google Play
"Worest apk even it doesn't show recent transactions, resending issues. The account will be reduced without showing the money I sent.",1,2024-04-21,CBE,Google Play
best app i hope the transaction list be recorded more than 5 months,5,2024-04-21,CBE,Google Play
Thank you ok,5,2024-04-21,CBE,Google Play
v.good app !,4,2024-04-20,CBE,Google Play
One of the fastest mobile banking app in Ethiopia thank you CBE 🙏,5,2024-04-20,CBE,Google Play
Wow this Mobllie banking transfer app is amazing and easy to access and use for the mobile credit transaction keep going!!!,1,2024-04-20,CBE,Google Play
Its good But if its give as our profile its more interesting,5,2024-04-20,CBE,Google Play
በጣም ምርጥ app እና በጣም ቀልጣፋ system አለው ብዙ ስራዎቼን አቅልሎኛል ጊዜዬን እንድጠቀም የምፈልገውን እቃ ካለሁበት ቦታ ሆኜ እንድገዛ እረድቶኛል,4,2024-04-20,CBE,Google Play
Nice.....it is providing services exceptionally quickly. thanks 👂,4,2024-04-20,CBE,Google Play
Very nice work,3,2024-04-19,CBE,Google Play
"When I tray to open the app it says ""The device is Rooted"" haw can i solve it?",1,2024-04-18,CBE,Google Play
fast and short step app.,5,2024-04-18,CBE,Google Play
Best option,5,2024-04-18,CBE,Google Play
God jab CBE,5,2024-04-17,CBE,Google Play
The bank workers is the wrost ever but the app is best i aporeciate the developers,5,2024-04-16,CBE,Google Play
grow business,5,2024-04-15,CBE,Google Play
"It's very bad. It deserves 0 stars. It doesn't show some transactions,it misplace transactions,it misplace dates,it shows nonsense errors and so more. I just rate it to 2 stars for helping me a lot.",2,2024-04-14,CBE,Google Play
It is good but not fast,1,2024-04-14,CBE,Google Play
"That's good,but it deserves security l.",4,2024-04-14,CBE,Google Play
Nice app I like it too,5,2024-04-14,CBE,Google Play
Am happy for this application,5,2024-04-13,CBE,Google Play
One of the most useless app in the country. Doesn't work almost 99 percent of the time.,1,2024-04-13,CBE,Google Play
It is hard to open,1,2024-04-13,CBE,Google Play
an amazing app fast and secure,5,2024-04-13,CBE,Google Play
Of LLC do my go of,5,2024-04-13,CBE,Google Play
"It is more secure and reliable app, I recommend for every customer",5,2024-04-13,CBE,Google Play
It is a very convenient app to use.,4,2024-04-13,CBE,Google Play
Worriest ever app i have faced,1,2024-04-13,CBE,Google Play
But today it's not working,5,2024-04-13,CBE,Google Play
እንዲህ አይነት ቀላል፣ ያማረ እና ለአጠቃቀም ምቹ መሆኑ እንድንወደው አድርጎናል።,4,2024-04-12,CBE,Google Play
Poor application most times it says error while sending then it actually sent money so u have to double check if its an error or it sent cash. recent transaction don't update as fast sometimes it even misplaces date and bring forth a transaction done a day or 2 back at the top.the only thing remotely good is the UI interface,1,2024-04-12,CBE,Google Play
Thief institution,1,2024-04-11,CBE,Google Play
Shifee diquuallm,5,2024-04-11,CBE,Google Play
"Why are we unable to transfer more than 10,000 to another bank?",4,2024-04-11,CBE,Google Play
Not compatible,1,2024-04-11,CBE,Google Play
My favorite app,5,2024-04-11,CBE,Google Play
it is good app,5,2024-04-11,CBE,Google Play
Fantastic app,2,2024-04-10,CBE,Google Play
Nice service,5,2024-04-10,CBE,Google Play
Diroo Abaraa Fataee,5,2024-04-10,CBE,Google Play
ገንዘብ በላኩኝ ቁጥር 10 ብር ይቆርጣል። Even ከ 10 ብር በታች ልኬ 10 ብር ይቆረጣል። ይህ ደሞ ህጋዊ አሰራር አይመስለኝምና የባንክ አገልግሎትም እንድቀይር እያስገደደኝ ነው። ይሄንን ጎጂ ተግባር ብታቆሙ የተሻለ ነው።,1,2024-04-10,CBE,Google Play
Haqii lgiishiina,5,2024-04-09,CBE,Google Play
"It's good, but not too much",3,2024-04-09,CBE,Google Play
this app really helped me a lot,5,2024-04-09,CBE,Google Play
it's very good app,5,2024-04-08,CBE,Google Play
Very nice app and simple,5,2024-04-08,CBE,Google Play
Mensru behru,5,2024-04-08,CBE,Google Play
Smoth and fast,3,2024-04-07,CBE,Google Play
dange.zeleke,5,2024-04-07,CBE,Google Play
Very nice application. Well updated!!!!,5,2024-04-07,CBE,Google Play
Im very interesting in this app,5,2024-04-06,CBE,Google Play
is My account so please help me Please please,5,2024-04-06,CBE,Google Play
The best experience ever I have seen. Keep it up.,5,2024-04-06,CBE,Google Play
Same what nework problems,5,2024-04-06,CBE,Google Play
Its good but it dosnt show updated statment,3,2024-04-05,CBE,Google Play
"please include transfer to its own telebirr Merchant account for the trader. We cannot transfer money from our CBE account to our telebirr Merchant account, all transfer from our account considered as payment.",4,2024-04-05,CBE,Google Play
Excellent easy to interact swift time saving. I really enjoy using this app didn't really expect it to be so W⁰ºo0W,5,2024-04-05,CBE,Google Play
Not active as needed,1,2024-04-05,CBE,Google Play
Include Fayda National ID payment,5,2024-04-04,CBE,Google Play
It is easy and simple to use it.,5,2024-04-04,CBE,Google Play
Excellence and facilitant spp,5,2024-04-04,CBE,Google Play
CBE is the best bank in the country,5,2024-04-03,CBE,Google Play
I am happy with the application.,5,2024-04-03,CBE,Google Play
One of the best apps,5,2024-04-03,CBE,Google Play
Recently it is not performing well after the system modification works,4,2024-04-02,CBE,Google Play
Umar tamama,1,2024-04-01,CBE,Google Play
"If you make 2 transfers with the same amount, it will ask to verify, but no option to do so.",3,2024-04-01,CBE,Google Play
CBE is the best money transaction app ever that I have seen in Ethiopia,5,2024-04-01,CBE,Google Play
"Easy to use ,clear and pricise, fast confortable for all customers. Kip it up cbe",5,2024-03-31,CBE,Google Play
ምንም ነገር እየሰራልን አይደለም ችግራችሁ ከመሰለፍ ገላገለን ብለን ሳንጨርስ ሊሰራልን አልቻለም እባካችሁን ሲስተማችሁን አስተካክሉልን,3,2024-03-31,CBE,Google Play
"This app is smart app for me. For making it more the best, I suggest that it is good if the transactions list were up to 2 or 3 months or even more.",5,2024-03-30,CBE,Google Play
This app is very halpful,5,2024-03-30,CBE,Google Play
Very good 👍,4,2024-03-30,CBE,Google Play
I'm excited you,5,2024-03-30,CBE,Google Play
Birr selala bederegn nw,4,2024-03-30,CBE,Google Play
"Always says INACTIVE, sometimes doesn't sync, other times says go to the nearest branch and when I go they take forever. How come I am not allowed to see all transactions?Mobile banking is for saving time and efficiency. Non is takingplace. Why should I be forced to use my account everyday? I should be able to use it whenever.",1,2024-03-30,CBE,Google Play
👉it can not download the receipt when we transferred what is the reason? please we need the receipt so that come on to solution!,1,2024-03-30,CBE,Google Play
Fast and secure,5,2024-03-30,CBE,Google Play
Wow easy and fast platform,5,2024-03-29,CBE,Google Play
Very very good,5,2024-03-29,CBE,Google Play
INDIVIGUALL TELEBIRR ACCOUNT IS NOT AVAILAVLE WHY,2,2024-03-28,CBE,Google Play
"Nice app. But i know woman who got robbed her phone and they tranfered all money that she got because they got her password from her phone. Please do not save the password localy in the phone. Make a post request to validate the password or use oauth methods. That is much safer you can look at apps like paypal,payooneer ...",3,2024-03-26,CBE,Google Play
Useless hackable bank!,1,2024-03-26,CBE,Google Play
it doesn't generate financial statements. it is good to allow us to generate our transaction in PDF file,2,2024-03-26,CBE,Google Play
Very nice app thanks for the create,5,2024-03-26,CBE,Google Play
Totally dissatisfied,1,2024-03-25,CBE,Google Play
Please help me to use cbe android on this device.,5,2024-03-25,CBE,Google Play
"The password should be stronger, including letters, numbers, and special characters.",1,2024-03-24,CBE,Google Play
Easy way to use,5,2024-03-23,CBE,Google Play
"1- Always mixes up sequence of transaction history and also takea very long to update those 2- doesnt generate the reciept page when you transfer to other banks, mostly displays an error image. 3- struggles to work in places with 2G connection. Generally its a good app since the USSD is a nightmare we will be ok with this.",2,2024-03-23,CBE,Google Play
"𝚙𝚎𝚘𝚙𝚕𝚎 𝚌𝚊𝚗 𝚎𝚊𝚜𝚕𝚢 𝚊𝚌𝚝𝚒𝚟𝚊𝚝𝚎 𝚝𝚑𝚎𝚒𝚛 𝚌𝚞𝚛𝚛𝚎𝚗𝚌𝚒𝚎𝚜,𝚊𝚗𝚍 𝚖𝚘𝚜𝚝 𝚘𝚏 𝚝𝚑𝚎 𝚜𝚢𝚜𝚝𝚎𝚖𝚜 𝚜𝚖𝚘𝚘𝚝𝚑𝚕𝚢 𝚒𝚗𝚝𝚎𝚛 𝚊𝚌𝚝 𝚋𝚢 𝚊𝚌𝚌𝚘𝚞𝚗𝚝𝚜 𝚝𝚑𝚊𝚝 𝚏𝚘𝚠𝚗𝚍 𝚒𝚗 𝚝𝚑𝚎 𝚍𝚎𝚟𝚒𝚌𝚎 𝚊𝚜 𝚌𝚞𝚜𝚝𝚘𝚖𝚎𝚛𝚜 𝚗𝚎𝚎𝚍𝚎𝚍.",5,2024-03-22,CBE,Google Play
Very nice app,5,2024-03-22,CBE,Google Play
Good to have this app on my phone.,5,2024-03-21,CBE,Google Play
The best app,5,2024-03-20,CBE,Google Play
Open mobile banking,5,2024-03-20,CBE,Google Play
It stacked and not opened,1,2024-03-20,CBE,Google Play
Betam michu kelal nw,5,2024-03-20,CBE,Google Play
Need better Work on system,5,2024-03-20,CBE,Google Play
It's a very interesting app to have a safe money transaction. Appreciate it,4,2024-03-19,CBE,Google Play
it is so use full!!,5,2024-03-18,CBE,Google Play
This app is verry interesting app ever almost add free and when comparing with other compitant banks app this app more great it work on less data best RTOS👌👌👌,5,2024-03-18,CBE,Google Play
Best solution for easy life !,4,2024-03-18,CBE,Google Play
Dowelled frome Google appe stor,4,2024-03-18,CBE,Google Play
Nice app i like it,5,2024-03-18,CBE,Google Play
It doesn't work smoothly,1,2024-03-18,CBE,Google Play
This good app,5,2024-03-17,CBE,Google Play
easy and excellent app,5,2024-03-17,CBE,Google Play
Beter than all others I have account with commercial bank of Ethiopia this chance is a higher profile gift to up grading the livelihood of the poor ones as well as the government revenue,4,2024-03-17,CBE,Google Play
The security is very weak and cyber attacks will always happen. Adjust the security,1,2024-03-16,CBE,Google Play
Amazing apps are Ethiopian bank,5,2024-03-16,CBE,Google Play
Betam harif app new,5,2024-03-16,CBE,Google Play
Amazing system,5,2024-03-16,CBE,Google Play
Commercial bank of Ethiopia experiances their best service to the customer handling and excellent offer they give and relialble bank that best describes them,5,2024-03-16,CBE,Google Play
always network error why ....,1,2024-03-16,CBE,Google Play
Always crush its stupid app,1,2024-03-16,CBE,Google Play
Add pagination instead of loading all txns at once. Simple,4,2024-03-16,CBE,Google Play
It is a very good facility,5,2024-03-15,CBE,Google Play
"I'm having trouble with the application, I can't see my balance or send money using the application. This is very disappointing as I have been experiencing this for a while.",1,2024-03-15,CBE,Google Play
Yohanes and zefan,1,2024-03-15,CBE,Google Play
Gorgeous app i really like this app.,5,2024-03-15,CBE,Google Play
Good app and easy to use,5,2024-03-15,CBE,Google Play
Better and easy to use it,5,2024-03-15,CBE,Google Play
"This is my first time to use this app. You have done great work. I Appreciate your effort ,do more to make this app more effective.",5,2024-03-15,CBE,Google Play
እጅግ በጣም ያማረ የኮመርሺያል አስተላላፊ መተግበርያ ሁኖ አግኝቸዋለሁ። እናመሠግናለን,5,2024-03-14,CBE,Google Play
It's Well !!,3,2024-03-14,CBE,Google Play
This app is a good app,5,2024-03-14,CBE,Google Play
Actually I do not used it yet.,5,2024-03-14,CBE,Google Play
"It is not working, informs its synced but, when you request for transaction he doesnt process it",1,2024-03-14,CBE,Google Play
"It's full of crashing features, can't sync real time need 3,4 touching doesn't work many times. In fact it's not working now I'm afraid if I uninstalled it I will be forced to go to the branch to activate it again so here I'm stuck with the app unable to access my money",1,2024-03-14,CBE,Google Play
I like very much,5,2024-03-13,CBE,Google Play
"After the recent update, the app crashs on its own and is glitchy",1,2024-03-13,CBE,Google Play
Abdurezak Abdljalil Side,5,2024-03-12,CBE,Google Play
The best service cbe ever gave us,5,2024-03-12,CBE,Google Play
This app have not working please more approve it.,5,2024-03-12,CBE,Google Play
my phone is camon 20 pro but it can't install on phone it is so bored 😴😴😴,1,2024-03-12,CBE,Google Play
We're going to stop using not only this apk additional to stop all CBE services. bcz of when to use the apk it doesn't work properly/ doesn't sync /.... + started from last 2 months they're cut 5 birr without our permission for commission. + Cut 10 birr from us when transfer to telebirr... Uuuu CBE'jobs,1,2024-03-12,CBE,Google Play
Accountant and computer senice,5,2024-03-12,CBE,Google Play
It's too smooth and easy to use version😎,5,2024-03-12,CBE,Google Play
Exceptional,5,2024-03-11,CBE,Google Play
Best and easy to use but the limitations is the when someone want to send birr from cbe to tele birr the transfer fee is higher and this is not correct,2,2024-03-11,CBE,Google Play
Best for save time,5,2024-03-11,CBE,Google Play
Very disgusted,1,2024-03-11,CBE,Google Play
The new version get worse I can't even check my balance let alone doing other stuff.,2,2024-03-11,CBE,Google Play
"It's fast,very good App...",5,2024-03-11,CBE,Google Play
Better than the previous version. The update is good 👍,5,2024-03-11,CBE,Google Play
C. Cc x. M x x. S sx. ## xc c c b_.4.m. C c. Exx xn2 Dodds s 7. 33f N.gn Cd 7 y n bbe4. Mrn4,5,2024-03-11,CBE,Google Play
Very good app,5,2024-03-10,CBE,Google Play
Add statement request through email and others.,3,2024-03-10,CBE,Google Play
Got worse after the update. Now it doesn't do anything after logging in.,1,2024-03-09,CBE,Google Play
It simply isn't working. Example: I can't access my account statement in order to find out how much I sent to Mr X or Y over the last six months or so. Nor is your FAQ section helpful. I suggest that you review the efficacy of your app.,1,2024-03-09,CBE,Google Play
Applicationiin kun akka ati barbaaddetti hin hoojjatu maali rakkoon isaa,5,2024-03-09,CBE,Google Play
❤️❤️❤️❤️❤️❤️❤️💯💯💯💯💯💯💯,5,2024-03-09,CBE,Google Play
No customer service help and it's in general doesn't fill out the global app's estandard. It was felt.,1,2024-03-09,CBE,Google Play
በጣም አስቸጋሪ ሁኔታ ውስጥ ገብተናል በንግድ ባንክ የተለያዩ አማራጮች ብንጠቀምም የፍጥነት ሁኔታው አሁንም ሊሻሻል አልቻለም!,4,2024-03-09,CBE,Google Play
"The application get stacked the whole day ( March 9, 2024); it is a big head ache on daily work",1,2024-03-09,CBE,Google Play
The seystem is not good an commmercial bank it so poor and it not good.at all,1,2024-03-09,CBE,Google Play
I can't transfer to telebirr and takes time to scan,1,2024-03-09,CBE,Google Play
nice application to tract the money I have on commercial bank ethiopia,5,2024-03-09,CBE,Google Play
new paiment must raisec,5,2024-03-09,CBE,Google Play
You deserve less than 1 star,1,2024-03-09,CBE,Google Play
"Nice but sometimes, all little....",5,2024-03-09,CBE,Google Play
Doesn't work when a lot of people are using CBE services and usually on weekends. Customer service not helpful or doesn't even respond.,1,2024-03-09,CBE,Google Play
Easy to use,5,2024-03-09,CBE,Google Play
"Sometimes it work , and sometimes it doesn't fix that up",1,2024-03-09,CBE,Google Play
It is easy to use and good applicarion .thanks to cbe,5,2024-03-09,CBE,Google Play
የሞተ አፕ ተበላሽቷል,1,2024-03-09,CBE,Google Play
"Sometimes it brings a contradicting notifications. First I saw an internet poll form. After I filled it, another message comes that advises users not fill any forms sent or bank did not send such documents. Sometimes the app gets stack without any prior notices. It happened quite numerical times with me. Otherwise great app. I think a followup maintenance and improvements needed",3,2024-03-09,CBE,Google Play
Worst app ever,1,2024-03-09,CBE,Google Play
"1.Very unstable, continuously crashes. 2.There is an incredible amount of balance and transaction synchronization errors. 3.Have tries to make a transfer of 60k since yesterday still not able to due to errors popups with no message to explain error. For a bank, that is quite embarrassing and dangerous.",1,2024-03-09,CBE,Google Play
በሽተኛ አፕ ነው ሲፍለግ አይሰራም,1,2024-03-09,CBE,Google Play
It's nice app,5,2024-03-09,CBE,Google Play
Always have network issue Even my network work fine,2,2024-03-09,CBE,Google Play
This app worse 😭,1,2024-03-09,CBE,Google Play
Brachewen enkuan mawetat atchlum,1,2024-03-09,CBE,Google Play
most of the time its not working,2,2024-03-09,CBE,Google Play
It's the best app but it doesn't respond quickly,3,2024-03-09,CBE,Google Play
Optional It doesn't work for me. What i can do?,5,2024-03-09,CBE,Google Play
App Kun baay'ee bareedadha! Natti tole jira!,5,2024-03-09,CBE,Google Play
It is very good. I enjoy using it.,5,2024-03-08,CBE,Google Play
Very smart financial apps,5,2024-03-08,CBE,Google Play
The best app.,3,2024-03-08,CBE,Google Play
This is not working without Ethiopia Not downloaded,5,2024-03-08,CBE,Google Play
Is wired appp,1,2024-03-08,CBE,Google Play
Modern Digital Application,5,2024-03-08,CBE,Google Play
Paving the way for simple life.,5,2024-03-07,CBE,Google Play
"very poor, it doesn't load while searching for extended time",1,2024-03-07,CBE,Google Play
Excellent App and easy to use.,4,2024-03-07,CBE,Google Play
Best ever banking app,5,2024-03-06,CBE,Google Play
"The app got dumber in the last update. Poorly organized, redundant item across different categories. I wrote this review with my phone barred from calls because I couldn't settle my bill from your old ""utilities"" or the newly added ""utility"" tab.",1,2024-03-06,CBE,Google Play
The app has good flexibility for day to day activities and stuff but it takes unessential amount of money for no valid reason which is very disappointing,3,2024-03-06,CBE,Google Play
Hamzaa tobba,5,2024-03-05,CBE,Google Play
Good app and smooth services.,5,2024-03-05,CBE,Google Play
Full transaction statment,2,2024-03-05,CBE,Google Play
"Easy to use, and effective!",5,2024-03-05,CBE,Google Play
"The worst app ever made! I transfered money to abyssinia bank account, deducted the money from my cbe account but never made it through to my abyssinia account! I hate this app and bank! Idk why they are making me wait a whole week to return my money! Even there call center 951 doesn't work! Shame!",1,2024-03-05,CBE,Google Play
very nice app,5,2024-03-04,CBE,Google Play
"Very nice, but requires paid network.",3,2024-03-04,CBE,Google Play
Adding fingerprint access would greatly improve the experience.,4,2024-03-04,CBE,Google Play
i tried to transfer 20k to other bank the transaction failed but it deducted from my balance and the other day i tried to transfer 15k to telebirr then it failed again also deducted from balance i dont even know how to trust it after now,1,2024-03-03,CBE,Google Play
Our commercial,5,2024-03-03,CBE,Google Play
Really good app to transfer money and receive,2,2024-03-03,CBE,Google Play
"It is nice, but sometimes it doesn't sync fast",5,2024-03-03,CBE,Google Play
Easy Fast and siitable,5,2024-03-03,CBE,Google Play
"CBE banks are deducting 5 birr from customers' accounts every month without authorization, and their customer service is subpar. Therefore, I will rate them 1 star.",1,2024-03-03,CBE,Google Play
It is nice to save time,5,2024-03-02,CBE,Google Play
Not working,1,2024-03-02,CBE,Google Play
effective and efficient app.,5,2024-03-02,CBE,Google Play
If we can get a chance to win,5,2024-03-02,CBE,Google Play
Sometimes the app doesn't not working,4,2024-03-02,CBE,Google Play
"It is great Mobile banking app ever, for Uncolonized state. [Mama Ethiopia].",5,2024-03-02,CBE,Google Play
"Please add new future more and more ,no update is available for it still and I cannot access statement means this future is not available... Am waiting please",5,2024-03-02,CBE,Google Play
I really appreciate your M B perfectly on top of the century,5,2024-03-01,CBE,Google Play
I am really appreciate this app,5,2024-03-01,CBE,Google Play
Perfect app,5,2024-03-01,CBE,Google Play
This app is good but the only difficulty with the app is it needs high speed network which makes it challenging to access it in some places,3,2024-03-01,CBE,Google Play
Thanks for commercial bank of Ethiopia,5,2024-03-01,CBE,Google Play
It is good and Okay thanks,5,2024-02-29,CBE,Google Play
Why the latest update didn't work on Wifi very well?,5,2024-02-29,CBE,Google Play
The most important banking application.,5,2024-02-29,CBE,Google Play
One of a kind,5,2024-02-29,CBE,Google Play
Easy and fast 👌,5,2024-02-28,CBE,Google Play
Best app to my needs. keep up the good job,5,2024-02-28,CBE,Google Play
It has a problem of synchronization. Please fix it.,1,2024-02-28,CBE,Google Play
have network issue its just rotate,3,2024-02-28,CBE,Google Play
Very useful application which really helps me to use even while I was outside of the country. Thanks.,5,2024-02-28,CBE,Google Play
i believe that the updated mobile application will answer many of the users question and it is recommended that iphone users use the one downloaded from the app store rather than the one downloaded from the play store.,5,2024-02-27,CBE,Google Play
All are wel and i have one quastion where arr merjed account,5,2024-02-27,CBE,Google Play
Very Good service,5,2024-02-27,CBE,Google Play
👏👏👏👏👏👍👍👍👍👍👍,5,2024-02-27,CBE,Google Play
Whats wrong the app following the new update? I can't even see my balance now. I used old app for more than three years from Europe and every thing was perfect. Now you it looks like the app is not stable. Thank you for spoiling it.,5,2024-02-27,CBE,Google Play
"Wow cbe keep up the good work, the interface is very attractive,the processing speed is good(needs to put some effort),canceling or aborting any proceeding task seems impossible(of course the payment process should not be interrupted...i do agree)...all in all, I'm hoping this will be resolved soon by the updates...",4,2024-02-27,CBE,Google Play
Please add an option transfer to other tellebirr wallet,5,2024-02-27,CBE,Google Play
Saffisaan baay'ee fooyyee qaba,5,2024-02-27,CBE,Google Play
Good app but no chance for money withdrawal option for cardless,4,2024-02-27,CBE,Google Play
Excellent app which transfers money to another immediately with out waiting that is amazing keep it up....,5,2024-02-27,CBE,Google Play
"Very weak and slow to sync and show the balance, pls improve it",1,2024-02-27,CBE,Google Play
Very very much tanks CBE birr,5,2024-02-27,CBE,Google Play
waw its grate app,4,2024-02-26,CBE,Google Play
It's great. በጣም ቀላል ፣ምቹ ፣አስተማማኝ ፣ቀልጣፋ አገልግሎት ። ባሉበት ቦታ ሆነው የሚገለገልበት ባንክ ። መስተካከል ያለበት :- sort by date transaction list and print monthly statement,5,2024-02-26,CBE,Google Play
Nice business 😜,3,2024-02-26,CBE,Google Play
Very nice app,5,2024-02-26,CBE,Google Play
Nice one app,5,2024-02-26,CBE,Google Play
🤑🤑🤑 very good,5,2024-02-26,CBE,Google Play
Best Application Thanks so much commercial Bank of Ethiopia,5,2024-02-26,CBE,Google Play
It's good and perfect app,1,2024-02-26,CBE,Google Play
Nice app ever,5,2024-02-26,CBE,Google Play
It would be nice to have an offline option.,3,2024-02-26,CBE,Google Play
what abaot my mobile banking code? I'm forgetting my password,5,2024-02-25,CBE,Google Play
Smart cbe noor,5,2024-02-25,CBE,Google Play
Transaction report not showing properly,1,2024-02-25,CBE,Google Play
መዘመን የማይችል ድንክ ባንክ። በቃ ሁሉንም ነገር እጅግ በተንዛዛ አካሔድ ለመስራት የሚፈልግ፣ ከቢዝነስ ይልቅ ፖለቲካ ያጠቃው Backward ! Even ጥቃቅን ችግሮችን ለማስተካከል ብዙ ጊዜን የሚያቃጥል ባንክ ፤ Online ማስተካከያዎች የሌሉት እና ህንፃ ብቻ...!,1,2024-02-25,CBE,Google Play
I really don't like it 😕,1,2024-02-25,CBE,Google Play
Wana nachu serayen akelelachu yemechachu,5,2024-02-25,CBE,Google Play
It simple to use but sometimes doesn't work,3,2024-02-25,CBE,Google Play
what a great app is,5,2024-02-24,CBE,Google Play
Mubail banking,5,2024-02-24,CBE,Google Play
Thanks allot I brishye this app,4,2024-02-24,CBE,Google Play
It is great app,3,2024-02-24,CBE,Google Play
aad ayuu udadaalayaa bangigu laakin lacagaha khidmada ah hadaayo macaamiisha,5,2024-02-24,CBE,Google Play
Cool keep going,5,2024-02-24,CBE,Google Play
Good service all 3rd gneration,5,2024-02-24,CBE,Google Play
Good service,5,2024-02-24,CBE,Google Play
هلا احصن برانامج,5,2024-02-24,CBE,Google Play
Good app for me,5,2024-02-24,CBE,Google Play
Commercial Ba...,5,2024-02-24,CBE,Google Play
"When you try to search for a help (chat, hotline, email, phone) you see the bottom ""Help"" which redirectes you to !!!Donations to various charity organisations. Please dear CBE IT department , when user searches for help it is to get assistance not to give money. What you named help other banks call ""Charity"" ""Donate"" etc. And yes users need HELP. Not everyone has opportunity to run 5 times per day to the branch and try to find why the money he transferred is disappeared.",1,2024-02-24,CBE,Google Play
Fast and good app🙏,3,2024-02-24,CBE,Google Play
Maashaa Allah waan gaariidha.,5,2024-02-24,CBE,Google Play
Application replay,5,2024-02-24,CBE,Google Play
አፑ እኔ ስልክ ላይ አልከፍት ወይም ኢንስቴል አላደርግ አለኝ፡፡ምን ላርገው,1,2024-02-23,CBE,Google Play
I love sis app yeppp,5,2024-02-23,CBE,Google Play
Very simple and friendly,5,2024-02-23,CBE,Google Play
It is busy more time why is it?,3,2024-02-23,CBE,Google Play
Nice the new update fix some bugs,5,2024-02-23,CBE,Google Play
Very good takes,5,2024-02-23,CBE,Google Play
Very Very good news,5,2024-02-23,CBE,Google Play
Highest Neonatal Bank Don't like Only Contacts,5,2024-02-23,CBE,Google Play
it's great & useful app,4,2024-02-23,CBE,Google Play
Banking with CBE anywhere anytime.,5,2024-02-23,CBE,Google Play
Very fast and manageable,4,2024-02-23,CBE,Google Play
mobile banking,5,2024-02-23,CBE,Google Play
ከዚ የበለጠ መዘመን አለባችሁ እንደ ቀደምትነታችሁ,5,2024-02-23,CBE,Google Play
It doesn't update quickly and display balances please improve so we can rely on the online payments.,2,2024-02-23,CBE,Google Play
Nice app keep it up,3,2024-02-23,CBE,Google Play
This app is helpfull but the only problem i am facing is I lost all my previous transaction and list of contacts(acc numbers those were saved in the app) when i updated the latest one. And how can i restor it pls,4,2024-02-23,CBE,Google Play
It is simple to use but network problems sometimes face,5,2024-02-23,CBE,Google Play
The best app !!,5,2024-02-23,CBE,Google Play
The Best app of banking sector,5,2024-02-23,CBE,Google Play
Transaction respondes with non available message,1,2024-02-23,CBE,Google Play
"Please, still now, I am not accepting codes for activation of my account. help",5,2024-02-22,CBE,Google Play
The app is so good,5,2024-02-22,CBE,Google Play
Unable to connect server eyale nw eskahun alkefetem,3,2024-02-22,CBE,Google Play
Fast and easy to use if there is no network problem,5,2024-02-22,CBE,Google Play
"It's good but, sometimes it says none Avelable",5,2024-02-22,CBE,Google Play
Good app for usurers,5,2024-02-21,CBE,Google Play
"It's good,but sometimes it's not work.",5,2024-02-21,CBE,Google Play
"Good, but we expect more from you... (Please add fingerprint) like cbebirr",3,2024-02-21,CBE,Google Play
Good but sometimes it has network glitch,3,2024-02-21,CBE,Google Play
It's progress very well Thanks,5,2024-02-21,CBE,Google Play
need more work.,3,2024-02-20,CBE,Google Play
Horrible !!!,1,2024-02-20,CBE,Google Play
Jibrili jamal musaa,3,2024-02-20,CBE,Google Play
The best mobile app.,5,2024-02-20,CBE,Google Play
This app is very bad.it not work so fast,1,2024-02-20,CBE,Google Play
"It is the most irritating banking app ever you should update it, it is very irritating tbh.",1,2024-02-20,CBE,Google Play
I like this App!,5,2024-02-20,CBE,Google Play
It was good but now I can't get the same access,5,2024-02-20,CBE,Google Play
Very best apps,5,2024-02-19,CBE,Google Play
"This is quite good than before, and well updated, specifically reciept after transaction is well organized. But still, the statement is limited. Work on this how to link with our email to control transactions.",3,2024-02-19,CBE,Google Play
Good keep it up,5,2024-02-19,CBE,Google Play
All transactions history has to be shown .,3,2024-02-19,CBE,Google Play
Gadisa Dino Abdi CBE MOBIEL BANKING,5,2024-02-19,CBE,Google Play
good application,5,2024-02-19,CBE,Google Play
የመስመር ቁጥሬ የተረሳ ስለሆነ አስታውሰኝ,5,2024-02-19,CBE,Google Play
Muhammed sani seid,5,2024-02-19,CBE,Google Play
Woow i like it,5,2024-02-19,CBE,Google Play
"It is my great and urget issue ,ie there must be personal account lock by using mobile app due to some times staffs and other bodies are accesseing by pertending customer signature .hence Personal post no debit have to be applicabe inorder to protect customer account from any suspected actions takes place",1,2024-02-18,CBE,Google Play
Why my app speed quality is low,3,2024-02-18,CBE,Google Play
it's very good app,4,2024-02-18,CBE,Google Play
"This app is very simple, fast and easy",5,2024-02-18,CBE,Google Play
Not working very well,1,2024-02-18,CBE,Google Play
Not that much,3,2024-02-17,CBE,Google Play
Very good app.,5,2024-02-17,CBE,Google Play
፦፦፧፨፧፦፧፧፧፨፧፧፦፧፦፧፦፤,4,2024-02-17,CBE,Google Play
fantastic app,5,2024-02-17,CBE,Google Play
"App kana hedduun jaalladhe,warri kana hojjettan galata guddaa nu biraa qabdu.",5,2024-02-16,CBE,Google Play
The APP is very fast that is good,4,2024-02-16,CBE,Google Play
"1. Still no biometric sign in option 2. Annoying welcome notification 3. Not able to share payment receipts just from the app 4. Different interface from one mobile device to the other one. 5. In general, the app requires overhaul to cope with other mobile banking services of banks.",1,2024-02-16,CBE,Google Play
It's good but i can't send money for other tell birr account i don't like this ....,4,2024-02-16,CBE,Google Play
It's a quiet good and smoothly accessible app which allows users to transfer and deposit but it would have been very great if there was a chance for topping up or Adding balance to your account.,3,2024-02-16,CBE,Google Play
"Best app. Easy to use, free from virus, and interesting features contained.",5,2024-02-16,CBE,Google Play
Nice app but the transaction history is not accurate and it doesn't sync at times.,3,2024-02-15,CBE,Google Play
Very active app. Good Technology !,5,2024-02-15,CBE,Google Play
This app is one of the best mobile banking in 🇪🇹,5,2024-02-15,CBE,Google Play
Keepup Very Good!,5,2024-02-15,CBE,Google Play
the latest update was best❤❤,5,2024-02-15,CBE,Google Play
👍good Job's,5,2024-02-15,CBE,Google Play
Fast and easy,5,2024-02-15,CBE,Google Play
Best exp....,5,2024-02-15,CBE,Google Play
it's really frustrating 😕 it works on it's own terms 😒,1,2024-02-15,CBE,Google Play
It is good.,5,2024-02-15,CBE,Google Play
its fast & good app so 10q,3,2024-02-15,CBE,Google Play
"Good ,easy and reliable",5,2024-02-15,CBE,Google Play
It is easy and fast app,4,2024-02-14,CBE,Google Play
The New realese is just WOW every feature is very importat and mostly the verification was an important feature. Thank you CBE APP Developer team👍,4,2024-02-14,CBE,Google Play
Best app Galaatooma appiin kun bareedadha,5,2024-02-14,CBE,Google Play
Everything is good. Specially its simplicity. But it is better if there were transaction feature for more than one account in separate,4,2024-02-14,CBE,Google Play
This version is annoying . all the accounts i have been transfered are removed . No suggustion :-( :-( :-(,1,2024-02-14,CBE,Google Play
Nice application,5,2024-02-14,CBE,Google Play
Good application it's useful to make life easy,5,2024-02-14,CBE,Google Play
Excellent service,5,2024-02-14,CBE,Google Play
"It's been long time since i stepped on a door of a bank. I send, receive a mony, pay my utilities and do all the finantial stuffs. I loved it!! But I think the security should be more. stronger. Like making the code 6 degits. Thank You!",4,2024-02-14,CBE,Google Play
"Trasaction Reports are not full, the list only shows the last 10 transactions, I need to see every transaction I made , and make a contact us page on your app too, other than that it's a good app",3,2024-02-14,CBE,Google Play
i said Wow for this app,5,2024-02-14,CBE,Google Play
Best of all mobile bank,5,2024-02-14,CBE,Google Play
Well done really . especially what you done recently is amazing.,5,2024-02-14,CBE,Google Play
This application is so easy and Comfortable to use I love it !!!!,5,2024-02-14,CBE,Google Play
Best performance was seen recently.,5,2024-02-14,CBE,Google Play
wow!!! so much nice app!!!,5,2024-02-14,CBE,Google Play
Easy to use. Love it.,5,2024-02-13,CBE,Google Play
Very problematic... doesn't work when needed,2,2024-02-13,CBE,Google Play
Best financial apk,5,2024-02-13,CBE,Google Play
i need a way to register online without going to branch n you have to provide that service.... your services are something like you are still living in the 20th century.,1,2024-02-13,CBE,Google Play
It is very used application,5,2024-02-13,CBE,Google Play
Too many bugs e.g the sync never works I have to go frequently to get fixes,2,2024-02-13,CBE,Google Play
Nice and easy to use,4,2024-02-13,CBE,Google Play
It is perfect!,5,2024-02-13,CBE,Google Play
You are doing good .,5,2024-02-13,CBE,Google Play
This app doesn't run on rooted devices 😥,4,2024-02-13,CBE,Google Play
Please fix the error popping up after a successful transfer to other bank. It appears as if the transfer is not successful.,4,2024-02-13,CBE,Google Play
Very good App,5,2024-02-13,CBE,Google Play
Not good enough,1,2024-02-13,CBE,Google Play
I like and satisfy by using commercial bank of Ethiopia thanks,5,2024-02-13,CBE,Google Play
Could you please add a finger print option,5,2024-02-13,CBE,Google Play
That's so wonderful and secure,3,2024-02-13,CBE,Google Play
filannoo bareeda,1,2024-02-13,CBE,Google Play
It would be best design if you guys include the fingerprint option,5,2024-02-13,CBE,Google Play
"The latest update is creating a lot of problems. For instance, I had to reopen the app like 10 times to fix the ""NetWork error"" issue.",3,2024-02-13,CBE,Google Play
"The new update is horrible. Unreliable. I can't send money nor check my balance. Set your priorities straight, CBE",1,2024-02-13,CBE,Google Play
Best banking system,5,2024-02-13,CBE,Google Play
አሁን ያለው ጥሩ ሆኖ እያለ፣ ያለ ATM ካርድ ATM Machine መጠቀም የሚያስችል ቢሆን የበለጠ ተመራጭ ያደርጋል።,4,2024-02-13,CBE,Google Play
boaring app,1,2024-02-13,CBE,Google Play
The new updated version crush several times it need to be fixed asap,4,2024-02-13,CBE,Google Play
Good modification,5,2024-02-13,CBE,Google Play
It's nice app but some times it's not tell us the right balance specially on Saturday and Sunday,3,2024-02-13,CBE,Google Play
"Its fast, easy to use and interactive app!",5,2024-02-13,CBE,Google Play
The best one,5,2024-02-12,CBE,Google Play
Best of best app I love it,5,2024-02-12,CBE,Google Play
The new version is amazing,5,2024-02-12,CBE,Google Play
Wow ahun temechegn beteley degmo deresegn view maletachn atm mazezachn nice cbe,5,2024-02-12,CBE,Google Play
"It's very good app and It's best than any banks app. but the only problem I got is the financial status display is limited, it's shows very few transactions",3,2024-02-12,CBE,Google Play
I really appreciate CBE app's move toward excellence. The receipt option included in CBE app's is very nice.,5,2024-02-12,CBE,Google Play
The Updated version of the app is awesome. Really Enjoyable to got sealed Receipts with barcode.🙏🙏,5,2024-02-12,CBE,Google Play
It has limitation yet improve,3,2024-02-12,CBE,Google Play
It just keeps getting worse. You no longer have the frequently sent accounts log which was the best feature of this app.,3,2024-02-12,CBE,Google Play
Worst update ever 👎 👎,1,2024-02-12,CBE,Google Play
Still you roll a same problem with the new updates. When we do mobile transfer after we write short Reason and finish it says Error by writing the amount to transfer and your commission. It do the same thing again and again. Finally the person who receive the money got three times...there is no such thing in other private banks. Only the giant Commercial Bank of Ethiopia have this problem always. Why why why ? Is it difficult for you to get solutions ?,1,2024-02-12,CBE,Google Play
Gadisa aduna,4,2024-02-12,CBE,Google Play
Dear CBE Team Please include the international card balance details in the CBE app.,5,2024-02-12,CBE,Google Play
Commercial bank of Ethiopia is Our best best bank alwayes found where we go. I love my bank.,5,2024-02-12,CBE,Google Play
Urgent fix the app is not working,1,2024-02-12,CBE,Google Play
So 👍😎cooling,5,2024-02-12,CBE,Google Play
Tinsae Samuel,5,2024-02-12,CBE,Google Play
Maybe the only nun crushing banking app in ET??,4,2024-02-12,CBE,Google Play
The worest apps specially when you in emergecy. Really annoig app sorry to say this but I have too.,1,2024-02-11,CBE,Google Play
What's new in the latest update? Is it an in-app notification that cannot be opened?,3,2024-02-11,CBE,Google Play
Good of good,5,2024-02-11,CBE,Google Play
Good update 👍👍 Scanning Qr code for receipt and receive money via qr code is good. But please make the CBEBirr app work easly like this it's not working on android version under 8.,5,2024-02-11,CBE,Google Play
what the app!!! i really really like this app. the best thing CBE done.,5,2024-02-11,CBE,Google Play
I like it this version,5,2024-02-11,CBE,Google Play
Excellent Application that's easy for use.,5,2024-02-11,CBE,Google Play
Too fast also make transaction easily and secure but i have question in visa replacement and new,5,2024-02-11,CBE,Google Play
This app make me easy my life,5,2024-02-11,CBE,Google Play
Best Banking system,5,2024-02-11,CBE,Google Play
Excellent!!,5,2024-02-11,CBE,Google Play
I am X employee after retirement I use the bank's digital service. What I experienced on employees assigned their knowledge to handle responsible tasks but thinking not knowing what will underestimate their post but they pretend to take risk where they will fail to handle and reveal inefficient operation. Anyhow the fact to learn modern technology effecting need to dare risks with strict follow system developed with good performance and personality.,5,2024-02-11,CBE,Google Play
Amazing service,5,2024-02-11,CBE,Google Play
Still developing,1,2024-02-11,CBE,Google Play
"Continuous updates of the app makes it easy, fast, and secure to use. I feel safe and secured to use this app. Thanks CBE🙏",5,2024-02-11,CBE,Google Play
It gives fast service!,1,2024-02-11,CBE,Google Play
Better and good technology,5,2024-02-11,CBE,Google Play
5 Star bank good,5,2024-02-11,CBE,Google Play
Proportional,4,2024-02-11,CBE,Google Play
The new updated version is very satisfaying,5,2024-02-11,CBE,Google Play
"After updating the latest version, the app is no longer able to synchronize. Urgent fixation needed.",1,2024-02-11,CBE,Google Play
"After I installed the app, when I tried to send money before, it would bring me the people I sent, but now this thing is gone, so why is the suggestion left? Other than that, it is a great application that is easy to use and accessible",3,2024-02-11,CBE,Google Play
Improved performance with the new version.,5,2024-02-11,CBE,Google Play
Updating isn't working,2,2024-02-11,CBE,Google Play
Fayis Ateyib Asmani,4,2024-02-11,CBE,Google Play
This app is help as more and more,5,2024-02-11,CBE,Google Play
Helpful application,5,2024-02-11,CBE,Google Play
Not working,1,2024-02-11,CBE,Google Play
After the new update it is not working at all it doesnot sync and all form of transfer is not working,1,2024-02-11,CBE,Google Play
Preferable and No #1 mobile banking appn!!just wow... 🙏,4,2024-02-11,CBE,Google Play
The weirdest bank ever. Weird customer service weird network.....,1,2024-02-11,CBE,Google Play
Yeroo tokkoo tokkoo app kuni hin hojatu rakkoo qaba.,1,2024-02-11,CBE,Google Play
I'm good man,5,2024-02-11,CBE,Google Play
This app makes me upset. When they update the app they are updating bug not the functionality of the system.,1,2024-02-11,CBE,Google Play
በጣም ቀፋፊ እና አስጠሊታ ባንክ እና app ነው። ሰው urgent ችግር ቢገጥመው እንዴት ሊሆን ነው ቆይ?,1,2024-02-11,CBE,Google Play
"Network error becha nw milw,wede branch mehede alben endatlu becha??",2,2024-02-11,CBE,Google Play
Why is the app malfunctioning after the update??? It was just fine before the update...🤔🤔🤔🤔🤔🤔🤔🤔🤔🤔,1,2024-02-11,CBE,Google Play
The app stops working,1,2024-02-11,CBE,Google Play
Excellent app,5,2024-02-11,CBE,Google Play
Since I updated the app its not working,2,2024-02-11,CBE,Google Play
This version is not working well the old version works with out any problem. Please make adjustment in thjs version.,1,2024-02-11,CBE,Google Play
"To transfer 10br to telebirr you charge 10br, not just for 10 birr, the same for 1 birr too. what a rubbish",1,2024-02-11,CBE,Google Play
"It says ""Network error!"" after update @feb 11, 24",3,2024-02-11,CBE,Google Play
Commercial 🏦 ofEthiopia,1,2024-02-10,CBE,Google Play
Every fill is a chance to rize,5,2024-02-10,CBE,Google Play
The leading bank,5,2024-02-10,CBE,Google Play
Quick transaction and no delays Sometimes ithasa glitch butost of the time great. And the glitch is out side working hours it said transaction failure while your balance is reduced So if you haven't noticed you repeat the same process and your balance gets reduced every time.,4,2024-02-10,CBE,Google Play
CBE is an example of poor service quality.,1,2024-02-09,CBE,Google Play
it is more useful we are free from matter due to availability of this app,5,2024-02-09,CBE,Google Play
Wow Its amazing,5,2024-02-09,CBE,Google Play
Bast of one,5,2024-02-09,CBE,Google Play
Always there is a problem on your mobile banking service why don't you update your system,1,2024-02-09,CBE,Google Play
Smart app I love it 👍,5,2024-02-09,CBE,Google Play
Very god active app i liked it,4,2024-02-08,CBE,Google Play
ምድረ ገፋፊ በ እያንዳንዱ transfer ብር የሚግጡ ሌቦች,1,2024-02-08,CBE,Google Play
The balance history presents absurdly. Make it either from recent to old or from old to present. It is messed up and vague.,1,2024-02-08,CBE,Google Play
Why mb app not download,5,2024-02-08,CBE,Google Play
Easy and safe app,5,2024-02-07,CBE,Google Play
ከእሁድ ውጪ በጣም ጥሩ ነው።እሁድ እሁድ ግን ከባንኩ ሰራተኞች እኩል አይሰራም። ይሁን እሱንስ ማን አየበት😂,4,2024-02-07,CBE,Google Play
Nice app except sometimes the sync is not working!,4,2024-02-07,CBE,Google Play
የተረገመ app አይሰራም Guys ወይ ንግድ ባንክ 😓,1,2024-02-07,CBE,Google Play
I dont think so,3,2024-02-07,CBE,Google Play
"Bad, it's not working for me since one week",1,2024-02-07,CBE,Google Play
Easy and goood app,5,2024-02-06,CBE,Google Play
Very poor app ?! What the heck happened in this app ???😭😭,1,2024-02-06,CBE,Google Play
It is not working properly ....!!!!,1,2024-02-06,CBE,Google Play
It's best👍. But it stops while changing simcard.,5,2024-02-06,CBE,Google Play
good app thank u,5,2024-02-06,CBE,Google Play
good app and very inspiring,5,2024-02-06,CBE,Google Play
it is good but sometime not working,5,2024-02-06,CBE,Google Play
My 1st choce,5,2024-02-06,CBE,Google Play
Verification code,5,2024-02-05,CBE,Google Play
It is so bad to fast buy,1,2024-02-05,CBE,Google Play
U'r good but sometimes your network was unstable,5,2024-02-05,CBE,Google Play
Sahilu.mihirete,5,2024-02-05,CBE,Google Play
"Nice app but when i forget my password to reset it must be uninstall the existing and add the new one ,so this not good",5,2024-02-05,CBE,Google Play
"The biggest bank in Ethiopia, still couldn't figure out a simple bank statement and transaction history. ዝፍዝፍ ሁላ",1,2024-02-04,CBE,Google Play
It is great,5,2024-02-04,CBE,Google Play
Need learn more,2,2024-02-04,CBE,Google Play
Stupid mind always creat bad app!!,1,2024-02-04,CBE,Google Play
Simplify business interesting app,5,2024-02-04,CBE,Google Play
Arif app new,4,2024-02-04,CBE,Google Play
Ariff new But its need More comparability,5,2024-02-03,CBE,Google Play
Makes everything easy!,5,2024-02-03,CBE,Google Play
It make my life easy,5,2024-02-03,CBE,Google Play
"Needs urgent fix, account balance os not showing and says none available when trying to send money.Your customer service line is also non functional, they pick up the phone and say nothing.It is unacceptable from such a huge bank.We deserve better after you tax us for sending our own money through your platform.",1,2024-02-03,CBE,Google Play
"This app history is not showing ordered form of transactions, and also after a sending transaction is made, sms is not being sent",1,2024-02-03,CBE,Google Play
"It's so convenient, so much improved, you get a message right after you send it.",5,2024-02-03,CBE,Google Play
I'm CBE costumer for more than ten years And mobile banking almost three years I have to say CBE is the leading app so far,5,2024-02-03,CBE,Google Play
Very good app,5,2024-02-02,CBE,Google Play
Too difficult to sign in.,4,2024-02-02,CBE,Google Play
Easy and fast,5,2024-02-02,CBE,Google Play
the best banking app,5,2024-02-02,CBE,Google Play
100 % Awesome love it,5,2024-02-02,CBE,Google Play
የከፍተኛ ከተማአመት,5,2024-02-02,CBE,Google Play
Very poor app. I had to make 8 transfers of the same amount as the app did confirm success of the first or second or third etc. transfers. I had to pay etb 13 birr 8 times each for service charge.,1,2024-02-02,CBE,Google Play
Good service,5,2024-02-02,CBE,Google Play
The best bank!!!,5,2024-02-02,CBE,Google Play
666🇦🇱🇦🇱🇦🇱🇦🇱,4,2024-02-02,CBE,Google Play
Excellent app.,4,2024-02-02,CBE,Google Play
Interesting,5,2024-02-02,CBE,Google Play
It has very good function.the challenge with it is : it asks a varification key every time you install even for same device.,3,2024-02-01,CBE,Google Play
fast and simple,5,2024-01-31,CBE,Google Play
Easy and simple.,5,2024-01-31,CBE,Google Play
Excelent app,5,2024-01-31,CBE,Google Play
"It's not working, it doesn't display my balance and it doesn't send or recieve any money",1,2024-01-31,CBE,Google Play
It is nice app,5,2024-01-31,CBE,Google Play
አፑ ምንም አይነት አፕዴት አልቀበል ብሎኝ የተወሰነ ምርጫዎች የሉትም። ለምሳሌ own telebirr....* የሚለው ምርጫ ባዶ ነው,1,2024-01-31,CBE,Google Play
"Dark mode ❌, why? 🧐",2,2024-01-30,CBE,Google Play
Am very satisfied by your apply,5,2024-01-30,CBE,Google Play
Especially important,1,2024-01-29,CBE,Google Play
I like it thanks,4,2024-01-29,CBE,Google Play
"It is good app for me ,easy to use i prefare it.",5,2024-01-29,CBE,Google Play
Abreham tsgaye,3,2024-01-29,CBE,Google Play
It takes 10 birr when you send monet to telebirr. No matter how much the amont is.,1,2024-01-29,CBE,Google Play
Very nice app.....tnx cbe,1,2024-01-29,CBE,Google Play
"A spectacular app, cutting-edge technology, thanks for your service.",5,2024-01-29,CBE,Google Play
It perfect and good app for me,5,2024-01-28,CBE,Google Play
The best online service anywhere in the world working very fast Zero problem thanks CBE!!,5,2024-01-27,CBE,Google Play
Is the best,5,2024-01-27,CBE,Google Play
It's nice and favorable,5,2024-01-27,CBE,Google Play
Shall we stop using the mobile banking app.what is your intention with putting 10 birr charge on every transaction. How can u manage on charging 10 birr on 5 birr transaction it's not fair. Upgrade your inconsiderate system.,1,2024-01-27,CBE,Google Play
"It is a good app. But it is better to add the following features in the next version, 1) Add ATM withdrawal option 2) Password reset option 4) Finger print option 3) E-receipt",4,2024-01-26,CBE,Google Play
Best application that make community life easy,5,2024-01-26,CBE,Google Play
Why this app was miss some transuctions,5,2024-01-26,CBE,Google Play
Yes it is what I need Thnks,5,2024-01-25,CBE,Google Play
For the last two weeks the app is not working. Please address the issue as quickly as possible. Urgent action is needed!!,1,2024-01-25,CBE,Google Play
በጣም ፈጣን ነው የበለጠ አሻሽሉት,5,2024-01-25,CBE,Google Play
🤑🤑🤑🤑🤑🤑🤑🤑🤑🤑🤑🤑🤑🤑🤑🤑🤑🤑🤑🤑🤑🤢🤢🤢🤢🤢🤢🤑🤑🤑🤑🤑🤑🤑🤑🤑🤑🤑🤑🤑🤑🤑🤑🤑🤑,5,2024-01-25,CBE,Google Play
Very good and simple for use,3,2024-01-25,CBE,Google Play
"The app is broken, I can't see my balance or use any of the services ,when I try to transfer or do any thing else, error message ""none available ""appears. Please fix this problem.",1,2024-01-24,CBE,Google Play
"The app that I use didn't transfer money to my telebirr account. There's no where to be found ""Transfer to Telebirr"". Only transfer to Telebirr agent is available and it require short code. It turns to be boring app ever.",1,2024-01-24,CBE,Google Play
İs app is so hassle for use,1,2024-01-24,CBE,Google Play
"The new version is useless it doesn't work at all, very disappointing.",1,2024-01-24,CBE,Google Play
Its not working,1,2024-01-24,CBE,Google Play
Fast and reliable app .,5,2024-01-23,CBE,Google Play
Good but do more on it,4,2024-01-23,CBE,Google Play
I'm so happy in these Apps,5,2024-01-22,CBE,Google Play
It's good app.,5,2024-01-20,CBE,Google Play
It is easy to use and simplify everything,4,2024-01-20,CBE,Google Play
Please check this application best,5,2024-01-19,CBE,Google Play
Can't sync any more. I think it needs some updates,1,2024-01-19,CBE,Google Play
waw very nice app,5,2024-01-19,CBE,Google Play
Not Best app,1,2024-01-19,CBE,Google Play
it stops raining why?,1,2024-01-19,CBE,Google Play
M-pesa lay genzab leke 100 ber belabegn,5,2024-01-18,CBE,Google Play
"1. It is good, flexible, simple and easy. But it can't serve offiline and didn't compliment with the ussd *889# 2. Checking Account balance is off and hidden under transfer.",4,2024-01-16,CBE,Google Play
It says non available always disappointing,1,2024-01-16,CBE,Google Play
Tha best one,1,2024-01-16,CBE,Google Play
This Application is super fast and Amazing performance. Thanks CBE,5,2024-01-15,CBE,Google Play
Wonderful mobile Banking application,5,2024-01-15,CBE,Google Play
Most of the things work just fine. But the transaction history doesn't work properly/right.,2,2024-01-15,CBE,Google Play
Pharmacy professional,1,2024-01-15,CBE,Google Play
"If Zero and negative rating is allowed the TCB bank's this application and *889# & +951 deserves -100. I am calling the bank TCB b/s they shouldn't allowed to use Ethiopia for Trash bank). ""None Available"" for all service b/s of their management uncalculated, illogical & greedious decision of service charges which wasn't stayed morethan 5 days. Why should I go to Addis Ababa just I opened my account in Addis I while I am living in Dire in the current era where all things are digitally connected?",1,2024-01-14,CBE,Google Play
Very stable and easy to use it's way better than any other bank apps,4,2024-01-14,CBE,Google Play
Very good app,5,2024-01-14,CBE,Google Play
Why verification online or sms?,1,2024-01-13,CBE,Google Play
It is fast and secure.,5,2024-01-12,CBE,Google Play
Daldalaa 🇪🇹,5,2024-01-12,CBE,Google Play
Exceptional one,5,2024-01-12,CBE,Google Play
"I haven't been seen on it any problems before but here i faced some obstacles to enter to my account it says me ""no account available"" so help me and solve this problem.",4,2024-01-11,CBE,Google Play
"Always eventough I have enough balance I cant make bill payment saying insuffcient balance. I always have to ask other for adding me more extra money. If it is your marketing stategy to make people deposite more, thats not a strategy....its theft ለዛውም የማይረባ ብር ለመለቃቀም ብላችሁ",1,2024-01-11,CBE,Google Play
I can not use the app after I reinstall it while I am abroad. It requested me to get security key from nearedt CBE branch. There is no CBE branch overseas. Due to this reason I can not acess my acount using the app!!! CBE should resolve this for diaspora customers.,3,2024-01-11,CBE,Google Play
"It was better if it showed at least the last 20 transactions, and one good thing is you can search people from history by their name.",3,2024-01-11,CBE,Google Play
the worst app and bank in Ethiopia ever. Yoy have to come to their branch to start your mobile banking and have way too high transaction fee and hidden cost for every transaction.,1,2024-01-11,CBE,Google Play
Thank to God,5,2024-01-10,CBE,Google Play
I love this application it is easy to use and fast . i recomed that it may use with out network if it is possible,5,2024-01-10,CBE,Google Play
Its good app,5,2024-01-09,CBE,Google Play
Not working,1,2024-01-09,CBE,Google Play
እጅግ ፈጣን እጅግ ቀላል,5,2024-01-08,CBE,Google Play
Why it says critical update repeatdly and when I updated asks similar question,2,2024-01-08,CBE,Google Play
Not user-friendly.,1,2024-01-08,CBE,Google Play
Good application,5,2024-01-07,CBE,Google Play
The most comfortable app... fast booom 🥰🥰,5,2024-01-07,CBE,Google Play
Kelifa jemal,5,2024-01-06,CBE,Google Play
my rooted send me,5,2024-01-06,CBE,Google Play
Best app ever.,5,2024-01-06,CBE,Google Play
No way to give negative feedback. toughen up!,5,2024-01-06,CBE,Google Play
For late some times but more is good work,2,2024-01-06,CBE,Google Play
Thanks for your help,5,2024-01-06,CBE,Google Play
Gena salgeba new verification miteyikegn keyet endametaw new??,1,2024-01-06,CBE,Google Play
It should be more secure if some one knows my pin which is very short 4 digit number can be cheated its worisome to use it,1,2024-01-06,CBE,Google Play
I found this app so useful. I'm a 17 years old and I used CBE for almost 2 and half years now I got this app so I don't go to any branch instead I use this app.,5,2024-01-06,CBE,Google Play
Mobile banking is very important.,5,2024-01-06,CBE,Google Play
Not working my application 20 days olmost I'm not in ethiophia now 😢,1,2024-01-06,CBE,Google Play
"Woow nice app. I think the new update is very nice because after i update it, It didnt ask me to go to branch for authorization.",5,2024-01-05,CBE,Google Play
This app is not worthy to be trusted with handling large amount of money. Becareful with this kind of badly developed app.,2,2024-01-05,CBE,Google Play
So easy. Faster!,4,2024-01-05,CBE,Google Play
wow it's amazing platform for sure. Speedy and fast transaction that everyone enjoy to it.,5,2024-01-05,CBE,Google Play
"I have no words to appreciate, thanks. It simplifies our daily life.",5,2024-01-04,CBE,Google Play
Worst app in the world 🌎,1,2024-01-03,CBE,Google Play
ሙሠማ ኸሊል 100,1,2024-01-03,CBE,Google Play
If you want change your phone device or if your app suddenly deleted you must go to Bank branch and pay CBE mobile banking activation payment again and again. this is not appropriate. additionally customer service at branch is disgusting,1,2024-01-03,CBE,Google Play
Totally no response when calling on 951.,2,2024-01-03,CBE,Google Play
Absolutely garbage,1,2024-01-03,CBE,Google Play
It's very hubs new,5,2024-01-03,CBE,Google Play
"What is this ""none available"" nonsense? The Mobile banking doesn't work either. I even went to a nearby bank to get it fixed but they don't even know what to do. This is so frustrating.",1,2024-01-03,CBE,Google Play
INTERNET BANKING methba,5,2024-01-02,CBE,Google Play
More secured application,5,2024-01-02,CBE,Google Play
The app didn't function,1,2024-01-02,CBE,Google Play
nice app for me to use,5,2024-01-02,CBE,Google Play
App is don't show balance,1,2024-01-01,CBE,Google Play
why can't sync all day while there is Internet pls fix it ASAP,1,2024-01-01,CBE,Google Play
Best service,5,2023-12-31,CBE,Google Play
Pleas give me loan,5,2023-12-31,CBE,Google Play
Fast and user friendly,5,2023-12-31,CBE,Google Play
Very help full,5,2023-12-31,CBE,Google Play
The home page is bad,3,2023-12-30,CBE,Google Play
It has every solution for every Ethiopians,5,2023-12-30,CBE,Google Play
I love it it is perfect I am proud of my bank,5,2023-12-30,CBE,Google Play
I like the app it's simple and transparent,5,2023-12-30,CBE,Google Play
"It is light, excellent app.",4,2023-12-30,CBE,Google Play
wonderful app,5,2023-12-29,CBE,Google Play
Amazing ande best app,5,2023-12-29,CBE,Google Play
It is the worst of all mobile banking apps,1,2023-12-29,CBE,Google Play
The most stupidly incredible bank i didn't known how a system get so stupid,1,2023-12-29,CBE,Google Play
Horrible app ever,1,2023-12-29,CBE,Google Play
The app is absolutely amazing with seamless functionalities. I never face any hurdles while using it. It deserves 5 stars!,5,2023-12-28,CBE,Google Play
It is very good up and it is to transfer money and pay for other things,3,2023-12-28,CBE,Google Play
take To Use Option,5,2023-12-28,CBE,Google Play
I'm always using the Apps safely.Thanks.,5,2023-12-27,CBE,Google Play
The app close automatically when trying to request ATM replacement,3,2023-12-27,CBE,Google Play
Unrealeble in many ways; double payment more than 5 times; frequent interruptions; and don't produce receipt more often. CBE - pls come up with a better version as we move more and more to e-payement.,3,2023-12-27,CBE,Google Play
"The update made on the app. each time is good .but the recently added ""standing instruction ""menu doesnt contain a reverse/deletion mechanism if one wants to stop it.",3,2023-12-27,CBE,Google Play
"Please stop taking 5 birr from each transaction we made it is very unfair and Ethswitch has to be legally stopped this action ... Very shameful,",1,2023-12-27,CBE,Google Play
"Amazing platform, reliable and convincing mobile banking",5,2023-12-27,CBE,Google Play
Excellent app,5,2023-12-26,CBE,Google Play
Very interesting,5,2023-12-26,CBE,Google Play
"I have been using this app for one year.It Is an amazing application,I have never been used such like app in my life.It is very interactive ,compatiable with any android phones,easy to be used by any one irrespective of any level of education and very realiable to realized digital banking system all over the globe.I Wish all banking sectors will update their mobile banking system based on this app. CBE is My bank and I Proud of it Shumet Mamo Sassie",5,2023-12-26,CBE,Google Play
"URGENT FIX REQUIRED!!! The app does not work anymore! Account balance is not displayed. Trying to use any service on the app shows error ""None available"". What is the point of an internet/mobile banking app if you cannot carry out banking services from your fingertips? I also don't want to reinstall because CBE activation code can only be recieved in the bank, which sounds very ridiculous. These days, banks send OTP to email, so customers can manage their account anywhere in the world.",1,2023-12-26,CBE,Google Play
"Excellent. But, the service charge is insane 😭",5,2023-12-26,CBE,Google Play
From these week App is not functional,5,2023-12-26,CBE,Google Play
Overall good but there are times when it does not sync,3,2023-12-25,CBE,Google Play
It is a nice app,5,2023-12-24,CBE,Google Play
Why is problem non available,2,2023-12-24,CBE,Google Play
Thanks for all,5,2023-12-23,CBE,Google Play
How can to add two account,5,2023-12-23,CBE,Google Play
USSD *889# ሆደን አቁስሎት ነበር ይህን አፕ ካስከፈትኩ ወድህ 889 ሞክሬው አላውቅም። ይሄ በጣም አሪፍ ነው።,5,2023-12-23,CBE,Google Play
It's very especial app but it may have security problem b/c if I change sim card it work,5,2023-12-23,CBE,Google Play
I am first-time to use this app.,5,2023-12-23,CBE,Google Play
"I like it, it is easy to use!",5,2023-12-23,CBE,Google Play
አፑን በጫንኩ በሳምቱ አቆመ ወደ ባንኩ ብመላለስም ለ3 ጊዜ ፎርም ሙላ ከማለት ውጭ መፍትሄ የለም።,1,2023-12-22,CBE,Google Play
First of all may almighty God bless the leader and mother of Africa Ethiopia and the people as well. Congratulations to ECB for sharing very interested and helpful application and more early to use Thanks,5,2023-12-22,CBE,Google Play
unbelivable good start,5,2023-12-22,CBE,Google Play
The best way to get rid of my life thank you so much ❤️,5,2023-12-22,CBE,Google Play
Good service,5,2023-12-22,CBE,Google Play
Excellent apps,1,2023-12-21,CBE,Google Play
I dont know why but the app is sudenly stop woking please update it,1,2023-12-20,CBE,Google Play
this application helps us in the fastest way and we can save our time and it is very good because it gives us complete quick response.,5,2023-12-20,CBE,Google Play
@PremiumBot,5,2023-12-19,CBE,Google Play
Aslame&dtamo,5,2023-12-19,CBE,Google Play
I found this app helpful and interesting.,5,2023-12-19,CBE,Google Play
It is fast and secure.,5,2023-12-19,CBE,Google Play
Abdi Tesjade,5,2023-12-18,CBE,Google Play
"I Wana to update this app ,because when I try to open it ,it's close up immediately",2,2023-12-18,CBE,Google Play
ease to acces,4,2023-12-18,CBE,Google Play
Love this app,5,2023-12-16,CBE,Google Play
"Extremely frustrating, correct balance is never displayed.",1,2023-12-16,CBE,Google Play
"The CBE Mobile Banking App has truly exceeded my expectations. It offers a seamless and reliable banking experience right at my fingertips. From checking my account balance to transferring funds, the app performs flawlessly every time. It's impressive.",5,2023-12-16,CBE,Google Play
best and simple service,5,2023-12-15,CBE,Google Play
This app is amazing but it stopped working so can you fix the problem,2,2023-12-14,CBE,Google Play
It's cool but I'm not satisfied,1,2023-12-14,CBE,Google Play
Best app.. with no complications.,5,2023-12-14,CBE,Google Play
"I have started using these apps since 2020, and I have experienced a suitable way to do digital money exchange and a simple way of transferring cash.",5,2023-12-14,CBE,Google Play
"It's simple, fast, easy to use and very pleasant. For me, it is a pleasant application of my bank that I always trust.",5,2023-12-14,CBE,Google Play
"Won't update my account balance, severely out of sync. When I checked at the ATM it was a completely different number. General cbe problem, but the transactions take 10 days to post from a POS transaction. Makes t extremely difficult to use.",1,2023-12-14,CBE,Google Play
Can we see our past transaction record more than recent on this app ??? Please it should have this option .If so tell me how if not please update thIs app soon to accommodate this to obtain as this bank deserves more and more capacity and update every day even every minutes as it represents the golden brand ETHIOPIAN!!!,1,2023-12-14,CBE,Google Play
Its not update balance immediately,4,2023-12-13,CBE,Google Play
Best app ever,5,2023-12-13,CBE,Google Play
ሂወትን ቀለል የሚያረግ ለኔ ሁሉም ነገሬ ነው cbe,5,2023-12-13,CBE,Google Play
"It's very nice app, the connection is good as well. But It only allow water bill payment for addis abeba why is that",4,2023-12-13,CBE,Google Play
It's good but not very good,5,2023-12-13,CBE,Google Play
Wow good work 🤝,4,2023-12-13,CBE,Google Play
It's very important for me,5,2023-12-12,CBE,Google Play
"No words to explain abt this app, it's amazing",5,2023-12-12,CBE,Google Play
Very good app,5,2023-12-12,CBE,Google Play
The transaction no orders,1,2023-12-12,CBE,Google Play
my fav app in the history,5,2023-12-11,CBE,Google Play
"It's a beautiful app. But especially when transferring from one account to another, if a receipt is prepared stating the name of the sender and the name of the recipient and the amount of the money. Also, if people make a mistake when making a transfer, it would be nice to have a system where the mistake can be reversed.",5,2023-12-11,CBE,Google Play
It's very good app but sometimes the network is very poor,5,2023-12-11,CBE,Google Play
Yes we Love this prowsser,3,2023-12-11,CBE,Google Play
It is fantastic,5,2023-12-11,CBE,Google Play
it's great app when ever!,5,2023-12-10,CBE,Google Play
it is not working well,1,2023-12-10,CBE,Google Play
Good app continou!,1,2023-12-10,CBE,Google Play
Poor. Sent my money several time also when refresh i can see it statments and it deduct from my acount.,1,2023-12-10,CBE,Google Play
Very nice and well designed! 🙏,5,2023-12-09,CBE,Google Play
It is not working when I transfer money to another my bank account. So I wish this all functions be avail. Thanks.,5,2023-12-09,CBE,Google Play
Worst application,1,2023-12-08,CBE,Google Play
"Why it cannot generate key for customers by itself? The main reason the bank suggested this application is to reduce crowded customers from cbe bank branches. The hell your IT department is doing? Why they cannot improve this problem? I don't want to go to Branch bank, they don't know nothing about this application. They're so dumbest person I ever seen. Please try make it simple and very useful application. Don't paint bad color on the legacy of this bank.",1,2023-12-08,CBE,Google Play
help me to get the money.n may,2,2023-12-08,CBE,Google Play
Good applications its very very,5,2023-12-08,CBE,Google Play
"I can't downloaded the recipts which is very important one's, please fix it",2,2023-12-08,CBE,Google Play
This is the best mobile banking app i had ever seen in ethiopia.,5,2023-12-07,CBE,Google Play
ከንግድ ባንክ ወደ ቴሌብር 1000 ብር ላኩኝ ከዛ 10 ብር ተቆረጠብኝ። ይሄ እኮ ዘረፋ ነው።,1,2023-12-07,CBE,Google Play
Nuriye ali yimam,5,2023-12-07,CBE,Google Play
Difficult to get transaction statement and receipt of single transaction.,2,2023-12-06,CBE,Google Play
I like it's,5,2023-12-06,CBE,Google Play
"በጣም ምርጥ አፕ ነው። ግን በአፑ ውስጥ የተወሰነ ያልተሟሉ ጉድለቶች አሉበት ከነዚህም መሀከል ""የማብራት ሀይል ክፍያ መክፈያ ቦታ ላገኝ አልቸልኩበት እንጂ",5,2023-12-06,CBE,Google Play
"Don't use CBE! They start to debated a customer balance without their allow, bad bank!",1,2023-12-05,CBE,Google Play
I really love this app,5,2023-12-05,CBE,Google Play
It is not active for banking,2,2023-12-05,CBE,Google Play
Easy and familiar app,5,2023-12-05,CBE,Google Play
It is very funny and useless app. They developed the app either with lack of necessary technological knowledge or purposely to manipulate their customers. A huge shame for such kinda influential company.👎👎,1,2023-12-05,CBE,Google Play
Good app! Really helped me a lot!,5,2023-12-05,CBE,Google Play
Amazing app it's simple to use,5,2023-12-04,CBE,Google Play
Commission paid 5 birr that alot even if I didn't do any transactions they still cut 5 birr soon I will run out money because of this o regret using this. I'm student I don't make money they have to consider what they doing not just that after first time using it they will take/cut 50 birr for fee that unreasonable. DONT USE THIS APP !!!!!!!!!!!!!!!!!!!!!!!!!!!!!!!!!!!!!!!!!!!!!!!!!!!!!!!!!!!!!!!!!!!!!!!!!!!!!!!!!! I HAVE SCREENSHOT FOR EVIDENCE DONT REPLY ME THIS IS accusations,1,2023-12-03,CBE,Google Play
"I used it for the past 2 years. I live outside of Ethiopia, so it was very convenient to deposit or transfer money to and from my account. However, recently i kept getting ""None available"" message and not even able to see my balance or pull out people previous account information. So i uninstall and installed it, now it is asking me a key code whice you normally get it from ur bank. As i said,I live outside of Ethio, so unable to use this app anymore.",2,2023-12-03,CBE,Google Play
Excellent app,5,2023-12-03,CBE,Google Play
It works for me very well. Thanks!,5,2023-12-03,CBE,Google Play
Very useful but after update it's not working properly also transaction history don't display Cleary so pls fix these two things,3,2023-12-03,CBE,Google Play
Nigidi.banki,5,2023-12-03,CBE,Google Play
"Why is this not working on Sunday, specifically now. I'm disappointed about this. This is not expected from a large organization like CBE😡😡",1,2023-12-03,CBE,Google Play
The best mobile banking app!!!,5,2023-12-02,CBE,Google Play
Mubarkenasradne,5,2023-12-02,CBE,Google Play
10Q for Developers. Is nice app!!,5,2023-12-02,CBE,Google Play
Powerful app,4,2023-12-02,CBE,Google Play
It is good but modify it in away that shows 15 days statement,4,2023-12-02,CBE,Google Play
ጥሩነውለግዜውብቻእንዳይሆንእንጂ,3,2023-12-01,CBE,Google Play
It is broken after the last update!!!,2,2023-12-01,CBE,Google Play
not responsive most of the time.,2,2023-12-01,CBE,Google Play
I love this App. It is important and helpful on every day activities. Thank you,5,2023-12-01,CBE,Google Play
It the best one 💯,5,2023-12-01,CBE,Google Play
Thanks for your service,5,2023-12-01,CBE,Google Play
To.much bug multiple crash you can't even see your statements,1,2023-12-01,CBE,Google Play
I need help,5,2023-11-30,CBE,Google Play
Good service,5,2023-11-29,CBE,Google Play
Nice service CBE Bank,5,2023-11-29,CBE,Google Play
Is very weird app really,1,2023-11-29,CBE,Google Play
It is best app,5,2023-11-29,CBE,Google Play
Update for iPhone,5,2023-11-29,CBE,Google Play
Excellent app,5,2023-11-29,CBE,Google Play
በጣም ሀሪፍ እና ምቹ ነው ግን Recenet transaction አያሳይም .. ከድርጅት ጋር ለምንሰራ ሰዎች ደረሰኝ ያስፈልገናል ። ቶሎ መፍትሔ ቢያገኝ እና ቢስተካከል ጥሩ ነው,3,2023-11-26,CBE,Google Play
"The previous version was better.if our wifi is weak this app is not working even by vpn.Learn from other banks,how to make simple and easy",2,2023-11-26,CBE,Google Play
Well fine Well developed Fast,5,2023-11-26,CBE,Google Play
Only limited transaction are shown.. the time of the transaction is not shown.,1,2023-11-26,CBE,Google Play
"This app as much as good it was, it fails you in the middle of critical time . With the good reputation this bank has this app should've been something us customers should reply on. But I am very disappointed.",1,2023-11-26,CBE,Google Play
Fails bu tcharges. Bad App,3,2023-11-25,CBE,Google Play
absolutely magnificent app!!!,5,2023-11-25,CBE,Google Play
Kechalachu atawrdut wey aysera mnm tkm yelewmm,1,2023-11-25,CBE,Google Play
Wow amazing app for all!❤️,5,2023-11-25,CBE,Google Play
It's very well to use,5,2023-11-24,CBE,Google Play
"Good job, try your best. You can do anything you need.",5,2023-11-24,CBE,Google Play
Its good app,5,2023-11-24,CBE,Google Play
Worst bank worst app,1,2023-11-24,CBE,Google Play
Its the best app,5,2023-11-24,CBE,Google Play
Best app i have seen.,5,2023-11-24,CBE,Google Play
Very good but same time deos'n work properly,5,2023-11-23,CBE,Google Play
Nice and easy application.,5,2023-11-23,CBE,Google Play
Shame to see one of the biggest bank in east africa. Have this app 1 .you try to send money.. it will fail on the way you try again and your money have been sent Twice. Then you have to ask the Receiver to send the money back to you. 2. Try to refresh to see your recent transaction and it will show old transaction. Clearly they don't care . You can get your statement easily via telebirr. But cbe you have to go to branch and beg sometimes Bribe the managers to get your own bank statement . Shame,1,2023-11-23,CBE,Google Play
Its nice app because of it includes mult payment methods in their. Thanks CBE,5,2023-11-21,CBE,Google Play
Great application. But when it opened after Minimization it doesn't ask for pin. I mean it directly opens which is not safe. Anyone who has the phone can transfer or do other activities. please Update the app in to new level.,3,2023-11-21,CBE,Google Play
Appreciated,5,2023-11-21,CBE,Google Play
I am interested with this app.,5,2023-11-21,CBE,Google Play
"Great app, but the only problem, i encounter with it is that branches are not willing to open it for you, every branch will try to send you else where",5,2023-11-21,CBE,Google Play
Noting working app,1,2023-11-21,CBE,Google Play
Please include full Bank statement access through this app,2,2023-11-20,CBE,Google Play
Best to be Best as your Age of Surveillance Old.,3,2023-11-20,CBE,Google Play
Very Very good appa I am really,5,2023-11-19,CBE,Google Play
"I like the other one except for one reason, but it would be cool if the account message is saved quickly",5,2023-11-19,CBE,Google Play
Best mobile banking app ever,4,2023-11-19,CBE,Google Play
"The app was working properly, but in the last two days, it showed not available while I am in a good network area with both wifi or data. Please fix it. With regards",3,2023-11-19,CBE,Google Play
Some times facing delayed cynching,4,2023-11-19,CBE,Google Play
Wow it's bast,5,2023-11-19,CBE,Google Play
Very interesting app.,5,2023-11-18,CBE,Google Play
"Good but currently not update, the status",4,2023-11-18,CBE,Google Play
Amazing application,5,2023-11-18,CBE,Google Play
በጣም አስፈላጊ እና ምርጥ አፕ ነው የኢትዮጵያ ንግድ ባንክ ሁሌም የሚተማመኑበት ባንክ,5,2023-11-17,CBE,Google Play
It is the best,5,2023-11-17,CBE,Google Play
The app doesn't let you have the pdf form receipt.,1,2023-11-17,CBE,Google Play
How to conected In my phone application previous used,5,2023-11-16,CBE,Google Play
"Its so flexible, easy and fast. More perfect if adding another acc. is possible Or interchangeabily within different account for those who use multiple acc.",4,2023-11-16,CBE,Google Play
It is light to use,5,2023-11-16,CBE,Google Play
"This app taking 10 birr for every transaction, This is not fair,🤬",1,2023-11-16,CBE,Google Play
በጣም ተመችቶኛል። እድሜ የዛሬ 15 አመት በኢትዮጵያ እንደጀመር ሀሰብ በማፍለቅ እንዲጀመር ላደረጉት የዛኔ የኢንሳ ባለሙያ ለአሁኑ ጠቅላይ ሚኒስተራችን ክቡር አብይ አህመድ የከበረ አድናቆት አለኝ።,5,2023-11-15,CBE,Google Play
Why I go to the nearest bank to be activated! It must be fully automated like telebirr and Mpessa!,1,2023-11-15,CBE,Google Play
Will ask her about the election of acaunt,5,2023-11-15,CBE,Google Play
"Fsntastic,convenient and fast",5,2023-11-15,CBE,Google Play
Good up to use esealy,5,2023-11-15,CBE,Google Play
It is really the best one I love it Thank you,5,2023-11-15,CBE,Google Play
no service how?,5,2023-11-15,CBE,Google Play
worst app I didn't even see my latest statement 😒,1,2023-11-14,CBE,Google Play
Naifoo adbata,5,2023-11-14,CBE,Google Play
it's nice think u,5,2023-11-14,CBE,Google Play
Good 👍 👍 👍 👍 application,5,2023-11-14,CBE,Google Play
Exchange rate to day,1,2023-11-14,CBE,Google Play
"It getting worst everyday, it actually doesn't work this days.",1,2023-11-14,CBE,Google Play
GOOD NOT BAD SOME TIMS NATWORK PROBLEM,3,2023-11-14,CBE,Google Play
Keep it up!!,5,2023-11-14,CBE,Google Play
I can't update the app on my mobile,3,2023-11-14,CBE,Google Play
We need double Applications commercial bank of Ethiopia one place,5,2023-11-14,CBE,Google Play
Good for everything,5,2023-11-14,CBE,Google Play
Wondeful app,4,2023-11-14,CBE,Google Play
i assume for user this apps are well.,3,2023-11-14,CBE,Google Play
This app is very great and it is healping in a very great manner.,5,2023-11-13,CBE,Google Play
Wow i don't have word to experience,5,2023-11-13,CBE,Google Play
በቀልጣፋ አገልግሎት የሚያረካ,5,2023-11-13,CBE,Google Play
"The previous varsion of this application is good, yet recently it required verification code that unable to get online. So, is it realy fair to go to branc of bank to fill it? please improve such problem. Untill that i will going to uninstall this application. Good bye!!",1,2023-11-13,CBE,Google Play
This online application good my life support all of us to get,5,2023-11-13,CBE,Google Play
App bareeda haala salpaan taheen fayiidaa nuuf kennaa jira garuu mallaaqa yeroo gara baankii biraa erginuu hammi murachuutti jirtan xiqqo nibaayitee silaa xiqqo gadi buustan gaariidha je'een yaada isinis mallaqa keenyaan waan fayyadamaa jirtaniif.,4,2023-11-12,CBE,Google Play
This app is not weerk,5,2023-11-12,CBE,Google Play
Best Banking app of the time!,5,2023-11-12,CBE,Google Play
"It's nice app, if u can add biometric security futute",5,2023-11-11,CBE,Google Play
"I am extremely disappointed with this App. Every time I try to change my PIN, I receive an error message saying ""unable to connect to server."" Additionally, my transaction processes always fail. As a well-known company, I expected better service from CBE.",1,2023-11-11,CBE,Google Play
Excellent app,5,2023-11-10,CBE,Google Play
Mn alabat transaction fee keknsachulng bemilw nw,5,2023-11-10,CBE,Google Play
good app have more opotion,5,2023-11-10,CBE,Google Play
twhey the service expires they do not notify you they just stop the service.,1,2023-11-10,CBE,Google Play
wonderful app,5,2023-11-10,CBE,Google Play
Slow service,1,2023-11-09,CBE,Google Play
It's easy to be used loveable app👍,5,2023-11-09,CBE,Google Play
Amazing app👌,4,2023-11-09,CBE,Google Play
"I like all about this app, but ,it is better if we can use two factor authentication",5,2023-11-09,CBE,Google Play
Why someone has to go to branch for verification and activation? I can't help my self unless i am in ethiopia.,2,2023-11-08,CBE,Google Play
"It's very good i like it,",5,2023-11-08,CBE,Google Play
Best app since I was using it,1,2023-11-08,CBE,Google Play
"Please help me,this apps do with mobile data",5,2023-11-08,CBE,Google Play
best servis app,5,2023-11-07,CBE,Google Play
Best mobile Bank,5,2023-11-07,CBE,Google Play
They are giving good services❤,5,2023-11-06,CBE,Google Play
Keep it up...i love it,5,2023-11-06,CBE,Google Play
Good app i like it,5,2023-11-05,CBE,Google Play
Its fantastics app but some time the transaction be very slow,4,2023-11-05,CBE,Google Play
The app is not opening.,5,2023-11-05,CBE,Google Play
It's fast and flexible,5,2023-11-04,CBE,Google Play
good morning,5,2023-11-04,CBE,Google Play
Is the best,5,2023-11-04,CBE,Google Play
It delays some times..,5,2023-11-03,CBE,Google Play
Thanks CBE i love this apps,5,2023-11-03,CBE,Google Play
Excellent service,5,2023-11-03,CBE,Google Play
CONGRATULATIONS!!!! YOU GOT ⭐,5,2023-11-03,CBE,Google Play
I love the app 🤩,4,2023-11-03,CBE,Google Play
Best app that constitutes all in one.,5,2023-11-03,CBE,Google Play
Perfect App!,5,2023-11-03,CBE,Google Play
This app is amazing,5,2023-11-03,CBE,Google Play
This is a good app that lead everyone to enjoy and feel access easily,5,2023-11-03,CBE,Google Play
Tajuddinyassin,5,2023-11-02,CBE,Google Play
It has speed than the others,5,2023-11-01,CBE,Google Play
It is simple app,5,2023-11-01,CBE,Google Play
this application is very good very one useful service is available from yosuu what you want very nice thank you,5,2023-11-01,CBE,Google Play
Improvements needed on areas: 1- to enable creating multiple accounts within the same CBE app 2- to have an access to multiple accounts with one ID number 3- maximise transaction pages for better references 4- increase security options from sms to email address,3,2023-11-01,CBE,Google Play
"አፕሊኬሽኑ ተጠቃሚ ስለሆነ በጣም ወድጄዋለሁ ወዳጃዊ እና ግብይቶችን በጣም ቀላል ያደርገዋል, በተለይም ለንግድ ጉዳዮች. ግን፣ በእነዚህ ጥቂት ቀናት ፊት ለፊት ገጥሞኝ ነበር። እሱን ለመክፈት ችግሮች ። ለማራገፍ እና ለማደስ ሞከርኩ። መተግበሪያውን ይጫኑ እና በአቅራቢያው ባለው cbe ያረጋግጡ መሃል. ግን አሁንም ሁሉንም ተግባራት መጠቀም አልተሳካም. ይላል። 'ምንም አይገኝም' ማንኛውም ጥቆማ እባክዎ!",5,2023-11-01,CBE,Google Play
The Security is too short,5,2023-10-31,CBE,Google Play
Nice application,5,2023-10-31,CBE,Google Play
"Great app, but it lacks a lot of features....",3,2023-10-31,CBE,Google Play
It's good app and upgrade day to day thanks i given five star okay ❤️,5,2023-10-30,CBE,Google Play
Perfect appp,5,2023-10-30,CBE,Google Play
It is a wonderful application.i think the best mobile banking among others.,5,2023-10-30,CBE,Google Play
Nice app new pls dear make it perfect 🥰,5,2023-10-29,CBE,Google Play
Going to bank to get verification code won't solve security issue it's just annoying.,1,2023-10-29,CBE,Google Play
"The app is helpfull. But it has issues on weekends, sunday. It not syncing updates and complete transaction.",3,2023-10-29,CBE,Google Play
Thank you for your service,1,2023-10-28,CBE,Google Play
But currently stopped working,4,2023-10-28,CBE,Google Play
This app doesn't provides additional and latest features such as Banking service including standing order and ATM registration whatsoever.,1,2023-10-28,CBE,Google Play
It's not working,1,2023-10-28,CBE,Google Play
Des yemil sikay,5,2023-10-27,CBE,Google Play
Not working after last update please fix the problem,1,2023-10-27,CBE,Google Play
Iam so happy,5,2023-10-27,CBE,Google Play
"Recently it is not working, can you fix it. Don't make your customer frasturatwd",1,2023-10-27,CBE,Google Play
Fix it unsatisfied with the system,2,2023-10-26,CBE,Google Play
Except sometime break down it is good relatively and commission fee should be free to spread digitalization,5,2023-10-26,CBE,Google Play
"I'm actually forced to review this app again, it used to work fine on any network but after the last update it doesn't work on a wifi network, what if i don't have a data on my sim card and i needed an urgent transaction be made, it really makes me angry that you guys would update it to this dictatorship, please fix this",3,2023-10-26,CBE,Google Play
It's the best app comper another local banks 🙏🙏Tnks cbe developers,5,2023-10-25,CBE,Google Play
Better than the other Bank's application,5,2023-10-25,CBE,Google Play
Very poor app i have ever seen Cbe needs to work on improving this app. Atleast refresh needs to work,1,2023-10-25,CBE,Google Play
It used tobe good before you make a system upgrade but now it is one of the worst mobile apps I use,1,2023-10-25,CBE,Google Play
I'm satisfied with this application,5,2023-10-24,CBE,Google Play
connection proble,3,2023-10-24,CBE,Google Play
I like this app because it makes everything possible,5,2023-10-24,CBE,Google Play
Best and user friendly app,5,2023-10-23,CBE,Google Play
The app Is very good but the amharic language option doesn't work properly like you select amharic option and go to transfer sub option it automaticaly changes to engilsh .so it's good if you work on it.thanks!!!,4,2023-10-23,CBE,Google Play
አፓችሁ እንደኔ ይቀረዋል እንደ ቴሌ ብር ማድረግ አለባችሁ ካሽ በ ኢቲኤም ያለ ካርድ ማውጫ ጨምሩበት ሌሎች ያላቸው ጥሩ ነገሮችን ኮርጁ በዳታ ያለ ብር ዳታ በማብራት ብቻ ያለ ሳንቲም እንዲሰራ ቀል አርጉት,3,2023-10-23,CBE,Google Play
Not dependable recently,1,2023-10-23,CBE,Google Play
Good fleeng,4,2023-10-23,CBE,Google Play
Best application for ever,5,2023-10-22,CBE,Google Play
Not active always,3,2023-10-21,CBE,Google Play
This application is a best,5,2023-10-21,CBE,Google Play
Very good and developed by our customers,5,2023-10-20,CBE,Google Play
በጣም ቆንጆ አፕ ነው። mini statement በpdf ማውጣት እንዲችል ብታደርጉ?,5,2023-10-20,CBE,Google Play
Nothing is working after update,1,2023-10-20,CBE,Google Play
It is so good,5,2023-10-20,CBE,Google Play
cbe birr tranfer yelewm yene leyla update yaltederege selk lay ale mn malet nw,1,2023-10-19,CBE,Google Play
It looks good,5,2023-10-18,CBE,Google Play
"It doesn't work when I turn it on with data, it only works with wifi so it's really bothering me.",2,2023-10-18,CBE,Google Play
Very great app.,5,2023-10-18,CBE,Google Play
Trashy app😒😒😒,1,2023-10-18,CBE,Google Play
"amazing app, hello everyone what i recommend you is use this app and save your time",5,2023-10-18,CBE,Google Play
It's amazing really,5,2023-10-18,CBE,Google Play
Good app but needs to add or update mini and long statements of account movement like EBIR APP,4,2023-10-17,CBE,Google Play
Fast transaction really,5,2023-10-17,CBE,Google Play
"There is a difference in the options for instance i haven't banking, like standing order how can i develop?",5,2023-10-17,CBE,Google Play
I like it !🥰,5,2023-10-17,CBE,Google Play
Tadesebekele,5,2023-10-17,CBE,Google Play
Very easy to use!,5,2023-10-17,CBE,Google Play
The most Excellent one from all apps of Commercial banks in Ethiopia !!!,5,2023-10-17,CBE,Google Play
Thanks for service 🙏 and helping people's,5,2023-10-16,CBE,Google Play
I cannot comment whenever your system got stopped and your app is not good enough,1,2023-10-16,CBE,Google Play
Non avaliable how to work cbe mobile banking,4,2023-10-16,CBE,Google Play
Good services,5,2023-10-16,CBE,Google Play
It is very good to send recieve m9ney transfer,5,2023-10-16,CBE,Google Play
Betam connection eyaschegeren nw,1,2023-10-16,CBE,Google Play
Hard app to rely on for business transactions. As it shows error message while the money is transferred resulting in sending money multiple times. Plus transaction details gets updated after days of the actual transaction.,2,2023-10-16,CBE,Google Play
Good application and helpful,5,2023-10-15,CBE,Google Play
This application is excellent useful for people especially for me,5,2023-10-15,CBE,Google Play
Network error,1,2023-10-15,CBE,Google Play
Not consistent,3,2023-10-15,CBE,Google Play
Good keep it up,5,2023-10-15,CBE,Google Play
God experience I had in the CBE utilization and benefits for the last 10 years.,5,2023-10-15,CBE,Google Play
This is the only bank that charges money for transferring from cbe to cbe acount i hope that u reconsider this idea plz,3,2023-10-15,CBE,Google Play
It is easy to use I prefer,5,2023-10-15,CBE,Google Play
"This a very fine application I have ever used-fast , and perfect always active . Tks",5,2023-10-15,CBE,Google Play
Most of the time it doesn't work.,1,2023-10-15,CBE,Google Play
The App was working fine until the last update Now nothing is working I can't view my balance transfer money send money to my Owen telebirr account view my transaction details the app has become useless please fix it.,1,2023-10-15,CBE,Google Play
እናመሰግናለን ድካማችንን በእጥፍ ቀንሳችሁታል ይበል ይበጅ ይቀጥሉበት ወደፊት ከዚህም በበለጥ ቴክኖሎጂ እንጠብቃችኋል በርቱልን!!!!,5,2023-10-14,CBE,Google Play
"Great app and you should add a way to transfer from beneficiaries, to prevent manual typing.",4,2023-10-14,CBE,Google Play
ያበደ አፕ ነው ግን አንዳንዴ ቶሎ አይገባም ያልገባ መስሎን ስንደግመው ሁለቴ ይቆርጥብናል ቢስተካከል,5,2023-10-14,CBE,Google Play
Waww very good app I like it!!,5,2023-10-14,CBE,Google Play
"grate application, simple and fast. just 2 comments. 1, on recently transaction list please make the very recent first. it lists randomly. 2, put a copy icon next to account number so that we can copy instantly.",5,2023-10-14,CBE,Google Play
Very nice application,5,2023-10-13,CBE,Google Play
I couldn't see my balance from mobile banking. It doesn't show any thing how can I fix it? please,1,2023-10-13,CBE,Google Play
Saddamjohargmail.come,4,2023-10-12,CBE,Google Play
"Nothing is working after the last update. Please fix it. With the previous version, when transfering money, it shows error message while the transfer is already made. It is causing unnecessary double transfers.",3,2023-10-12,CBE,Google Play
Best ever app wow,5,2023-10-12,CBE,Google Play
Its not functional with my device whats wrong?,1,2023-10-12,CBE,Google Play
I am prayed too,5,2023-10-10,CBE,Google Play
"it shows only very recent transactions I have made only, which is very disappointing!",1,2023-10-10,CBE,Google Play
easy and fast 10q,5,2023-10-09,CBE,Google Play
Very very Good,5,2023-10-09,CBE,Google Play
Wander full,5,2023-10-09,CBE,Google Play
connection not good,4,2023-10-09,CBE,Google Play
Really Best Mobile Bank,5,2023-10-08,CBE,Google Play
"The best app,I loved it.",5,2023-10-08,CBE,Google Play
It's really nice 👍,5,2023-10-07,CBE,Google Play
The best app,5,2023-10-07,CBE,Google Play
Good to pay,5,2023-10-06,CBE,Google Play
Tax & treasury accountant,5,2023-10-06,CBE,Google Play
Some what good app,3,2023-10-06,CBE,Google Play
update ይደረግ መጀመሪያ የተሞሉ እና አሁን የሚሞሉ Mobile banking ልዩነት አላቸው ይህ ቢስተካከል ጥሩ ነው በተረፈ👍,5,2023-10-06,CBE,Google Play
"It's the best beginning, as CBE is back-bone of our economy, it needs more accessibility with security. So, it will be better when biometric screening system installed to this app to advance the security.",4,2023-10-05,CBE,Google Play
Why not support stong psaawod,5,2023-10-05,CBE,Google Play
it's a great app but if you can add more authentication methods like finger print and face id it will be very nice.,5,2023-10-05,CBE,Google Play
It says none avaliable and stopped,1,2023-10-04,CBE,Google Play
Best of all time,5,2023-10-04,CBE,Google Play
Its very nice app,5,2023-10-03,CBE,Google Play
ለአጠቃቀም እጅግ በጣም ቀላል ተደርጎ ስለ ተዘጋጀ ከልብ እያመሰገንኩኝ የምስጢር ቁጥሩ(password ) ከ ጣትአሻራ(fingerprint) ጋር የተያያዘ ተደርጎ ቢሰራ የተሸለ ይሆናል,5,2023-10-03,CBE,Google Play
It is disappointing that You can not set it up yourself unless you visit a branch.,1,2023-10-02,CBE,Google Play
"Wherever you are, CBE is there for you! Excellent job, keep it up!",5,2023-10-01,CBE,Google Play
Nice app &simple to use but still it needs some improvement,5,2023-09-30,CBE,Google Play
Nice application Good job for commercial bank of ethiopia,5,2023-09-30,CBE,Google Play
"It's a fast and responsive app. But for those of us who want detailed transaction info, and statement going back a long time, it's lacking.",4,2023-09-30,CBE,Google Play
"It is good app ,except that it only shows recent transactions.It need further improvements to include such features & other genuine prevention on security breach.",5,2023-09-29,CBE,Google Play
"After I update latest app I can't use any feature on it. I can't see my amount, I can't transfer and all services are not working",2,2023-09-29,CBE,Google Play
Because miserable,1,2023-09-29,CBE,Google Play
This application is very important very smart,5,2023-09-29,CBE,Google Play
My Favorite Bank❤,5,2023-09-28,CBE,Google Play
It's very nice app,4,2023-09-27,CBE,Google Play
Commercial Bank of,2,2023-09-26,CBE,Google Play
I like this application very,5,2023-09-26,CBE,Google Play
Usefull app,5,2023-09-26,CBE,Google Play
How To use again,1,2023-09-26,CBE,Google Play
"Eventhough its a good app in many things,the main problem I faced from this app:It does not have an option or afeature that gives u achance to transfer money from the account to another telebirr wallet as other banks do.rather it says:transfer to your own telebirr wallet..why only to own telebirr wallet?",1,2023-09-26,CBE,Google Play
Haalan garii,5,2023-09-24,CBE,Google Play
This is a good app,4,2023-09-24,CBE,Google Play
It is good but you can upgrade more,4,2023-09-24,CBE,Google Play
"It used to be awosome but since yesterday I can't use the app. It will accept my password and say ""syce finished"" but it does not allow me to access any service.",5,2023-09-23,CBE,Google Play
What an awful app... Doesn't tell you it charges you for transferring money to another bank.. useless... Hard to use and glitches. Barely works,1,2023-09-22,CBE,Google Play
Commercial ba,5,2023-09-22,CBE,Google Play
Easy but lagging all the time,3,2023-09-22,CBE,Google Play
Very good application. I can see my balance and many more. Thanks,5,2023-09-22,CBE,Google Play
I like this app it's very convenient to use.,4,2023-09-21,CBE,Google Play
V. Good app.,5,2023-09-21,CBE,Google Play
I can't see my bank activity for different months when I open the app. Only most recent,2,2023-09-21,CBE,Google Play
"I don't have any word to describe this cbe app i really love it,just it's important thank u",5,2023-09-21,CBE,Google Play
"Really I like this app because it makes me a user to get service easily, moreover it saves the time for customers. Thank you CBE!.",5,2023-09-20,CBE,Google Play
Awesome update,5,2023-09-20,CBE,Google Play
Some time it works good and Some time it doesn't work at all,1,2023-09-20,CBE,Google Play
What a helpful and latest app!,5,2023-09-19,CBE,Google Play
After the latest update the app and the USSD code stops functioning please release a new update to fix the issue,1,2023-09-19,CBE,Google Play
ቫሪፋይ ለማድረግ የግድ ወደ ቅርንጫ መሄድ ብዙ አስላጊ አይደለም ግን የተሻለ ደህንነት አለው የምትሉትን ሲስተም ብትጠቀሙ እና ሰውን ከእንግልት ብታድኑ እላለሁ በተረፈ አሪፍ ነው,4,2023-09-18,CBE,Google Play
Time consuming,5,2023-09-18,CBE,Google Play
"This app is good, but sometimes, it doesn't show you the bank statement very well",5,2023-09-17,CBE,Google Play
I can't show me even my account,1,2023-09-16,CBE,Google Play
Intersting and real app,5,2023-09-16,CBE,Google Play
This app is more easyer and faster than other bank app. Am always satisfied wiht the app.,5,2023-09-16,CBE,Google Play
"Accounts only displays the first 14 transactions; it would be preferable if we could see all transactions, especially if we could search by transaction number.",4,2023-09-16,CBE,Google Play
Best Experiancess.,5,2023-09-16,CBE,Google Play
Great App Tnxs CBE,5,2023-09-15,CBE,Google Play
Very nice app,5,2023-09-15,CBE,Google Play
Can you guys please add the mini bank statement please please please,5,2023-09-15,CBE,Google Play
Verygood service.,5,2023-09-15,CBE,Google Play
"Download it And used it , it's Used full app",5,2023-09-14,CBE,Google Play
Does not work i can not update,1,2023-09-13,CBE,Google Play
"After the update the app is not functioning , we expected to make physical involvement to decrease but not,work on that to make the system reliable.",1,2023-09-13,CBE,Google Play
አጋዥ ፣ፈጣን ነው።,5,2023-09-13,CBE,Google Play
Most of the time response time using msg is to slow many of wrongly transfer more than ones. I wish it is instant.,4,2023-09-13,CBE,Google Play
Good way to pay,4,2023-09-11,CBE,Google Play
Gaaridha Kanarra fooyyessaa,5,2023-09-11,CBE,Google Play
It is good useful app thank you,5,2023-09-11,CBE,Google Play
Cbe mobile banking ussd didn't work fast if you need an emergency in nomads you didn't send any one even if you need to send in your home(urbun) with using ussd is so equal,1,2023-09-11,CBE,Google Play
"I really love this app,it is amazing. It is more flexible than any other banks app. The only and main problem that I encountered with this app is,if it is uninstalled from this devices, I have to go to the bank and mostly the specific barank the account is opened to reconfigur again. This is very unpractical in most cases,since people are traveling and very busy in their day to day activities. Kindly consider to change this option.",5,2023-09-11,CBE,Google Play
Every time the network doesn't work the network is no good Network need Improvement.,1,2023-09-11,CBE,Google Play
Its best app but not fastest and more time this not functional For me,5,2023-09-11,CBE,Google Play
Very important,5,2023-09-10,CBE,Google Play
በጣም ጥሩ app new,5,2023-09-10,CBE,Google Play
This app is the best,5,2023-09-10,CBE,Google Play
ቶሎ ቶሎ ገንዘብ በናወታበትም ለመላክ በጣም ጥሩ ነው,5,2023-09-10,CBE,Google Play
This application works effectively!,5,2023-09-09,CBE,Google Play
It's very incredible application good job,5,2023-09-09,CBE,Google Play
Just wish it has a dark mode.,4,2023-09-09,CBE,Google Play
"best, simple, efficient ...... 👏👏👏👏👏👏",5,2023-09-09,CBE,Google Play
The last update was useless,1,2023-09-09,CBE,Google Play
The most horrible app,1,2023-09-09,CBE,Google Play
This App make's my life easier. thank you!!!,5,2023-09-09,CBE,Google Play
The best app,5,2023-09-09,CBE,Google Play
Best app ever!,5,2023-09-09,CBE,Google Play
App. With a good performance,4,2023-09-09,CBE,Google Play
Easy and fast,5,2023-09-08,CBE,Google Play
please Show us more transaction history,2,2023-09-08,CBE,Google Play
Best ever app I love it,5,2023-09-08,CBE,Google Play
It doesn't show your bank information anymore.,2,2023-09-08,CBE,Google Play
N0t avelebil,5,2023-09-08,CBE,Google Play
It is so easy to use nice app,5,2023-09-07,CBE,Google Play
It doesn't work on my phone it says your device is rooted you can't use it Please tell me What should i do,1,2023-09-07,CBE,Google Play
Please roll back the update. Everything stops working after recent update,1,2023-09-07,CBE,Google Play
"Better mobile banking app than other local banks, it pay a lot of utilities",5,2023-09-07,CBE,Google Play
I like this app,5,2023-09-07,CBE,Google Play
It is perfect it helps me more ......,5,2023-09-07,CBE,Google Play
Its fine between Cbe to cbe and telebirr.,4,2023-09-06,CBE,Google Play
App Betam tiru new neger gin lemin hisab meteyekiya yelewum,5,2023-09-06,CBE,Google Play
"Since Yesterday New Update, It doesn't show my amount and doesn't task anything at all ! I hope to fix this issues sooner than later!",1,2023-09-06,CBE,Google Play
Its good digital fainanc,5,2023-09-06,CBE,Google Play
ALWAYS GOOD,4,2023-09-06,CBE,Google Play
excellent app,5,2023-09-06,CBE,Google Play
It is most popular app in our company,5,2023-09-06,CBE,Google Play
Its wonderful app but there something to be correct CBEbirr and other CBE apps need to be integrated in one app.,5,2023-09-06,CBE,Google Play
"Easy, fast and friendly.",5,2023-09-06,CBE,Google Play
Ver bad app.የአገልግሎት ጊዜ ሳያበቃ መስራት አቆመብኝ.,1,2023-09-06,CBE,Google Play
Print it on apps,5,2023-09-05,CBE,Google Play
The application used to work just fine a few month's before however recently it is not wornking properly and dosen't show any recent transaction.,3,2023-09-05,CBE,Google Play
The new update has a gleach and is none responsive.,1,2023-09-05,CBE,Google Play
The best app of CBE which i prefer,5,2023-09-05,CBE,Google Play
It's amazing application,5,2023-09-05,CBE,Google Play
Good Experience,4,2023-09-05,CBE,Google Play
I will use this app,5,2023-09-05,CBE,Google Play
Very useful.,5,2023-09-05,CBE,Google Play
Easy and secured,5,2023-09-05,CBE,Google Play
"As CBE is the main commercial bank in the country, we expect more on the development of the app regarding login security . Finger print login option should include on the next update release. Because most people have smart phones on this day.",3,2023-09-05,CBE,Google Play
I like this version,5,2023-09-04,CBE,Google Play
CBE mobile banking is unique which is I always prefer every where !!,5,2023-09-04,CBE,Google Play
not bad except illogicality of persenel.,2,2023-09-04,CBE,Google Play
"In fact, it's a good app to make our daily life easier! However, I have encountered several times issues with this app. 1. It's not always working with network error, even though the network is good on my phone. 2. It happened to me several times that when I transfer money to someone's account, I doubled the transfer! Or in another word, my money sent two times. If I wanted to send 10,000, I found that sent 20,000 because of the APP error. I hope this will be fixed soon.",1,2023-09-04,CBE,Google Play
Good and excellent service application,5,2023-09-04,CBE,Google Play
Best service and better than other bank.,5,2023-09-03,CBE,Google Play
This app is a good app. The best mobile banking app. It is easy and convenient to use. So I gave it 5 stars.,5,2023-09-03,CBE,Google Play
I can't access my recent transaction history,1,2023-09-02,CBE,Google Play
በጣም አሪፍ አፕ ነው!!😘😘,5,2023-09-02,CBE,Google Play
The worst app to ever exist,1,2023-09-01,CBE,Google Play
At the biggning the app was normal and very handy. Now It's so slow and i can't even load my transactions properly. Not only the app all your customer services are declining so it's better to correct what you have done wrong. Thanks!,1,2023-09-01,CBE,Google Play
Mahamd muussaa uruu wadaay Asabot,5,2023-09-01,CBE,Google Play
Very good App,5,2023-08-31,CBE,Google Play
The network,4,2023-08-31,CBE,Google Play
required.trasfer many,2,2023-08-30,CBE,Google Play
"Easy and fast, timable",5,2023-08-30,CBE,Google Play
Best Appi forever ♾️,5,2023-08-29,CBE,Google Play
Thank you batam innamasagginalen,5,2023-08-29,CBE,Google Play
Very interested in,5,2023-08-29,CBE,Google Play
Excellent application appreciated!!!!,5,2023-08-28,CBE,Google Play
I like it and that is exceptional,4,2023-08-28,CBE,Google Play
Very very slow app i have no idea,3,2023-08-28,CBE,Google Play
Tanks it's very good and useful,5,2023-08-27,CBE,Google Play
"When your app is convenient for us blind people, why are the bank employees advising us that we can't do it? Please do some conscious work and at least help your employees not to be under the machine.",5,2023-08-27,CBE,Google Play
An able to use it since January. Thanks,1,2023-08-27,CBE,Google Play
"The worst Banking app in Ethiopia, I'm transferring money twice what's the fuxk? Even you will not get back the double payment if you tell the bank",1,2023-08-27,CBE,Google Play
The fact that i have to go to bank and fill out a form everytime i need to login on a new device is crazy,1,2023-08-26,CBE,Google Play
Beautiful app,5,2023-08-25,CBE,Google Play
CBE we always relay on it,5,2023-08-24,CBE,Google Play
Very nice app,5,2023-08-24,CBE,Google Play
It cannot activated online without going branch.,2,2023-08-24,CBE,Google Play
I'm very happy I get this service,5,2023-08-24,CBE,Google Play
I like this app,5,2023-08-23,CBE,Google Play
Don't work properly!,1,2023-08-23,CBE,Google Play
Cbe is the worest bank in Ethiopia..period!,1,2023-08-23,CBE,Google Play
"Others services remain good.But Some Futures, like finance is not found in this app.so what might be the reason?",5,2023-08-23,CBE,Google Play
The best mobile app in Ethiopia,5,2023-08-23,CBE,Google Play
It's the simplest way money transaction,5,2023-08-23,CBE,Google Play
Góod and easy app,3,2023-08-23,CBE,Google Play
Thank you for this app,5,2023-08-23,CBE,Google Play
Effective services app,1,2023-08-21,CBE,Google Play
Unable to update,2,2023-08-20,CBE,Google Play
Good in all,5,2023-08-18,CBE,Google Play
It is very simple app to use&fast,5,2023-08-18,CBE,Google Play
It is the amazing app,5,2023-08-16,CBE,Google Play
Nice app ever,4,2023-08-15,CBE,Google Play
Amazing app,5,2023-08-15,CBE,Google Play
The best app,5,2023-08-14,CBE,Google Play
I excuted an order just once but this app has doubled it on it's own on my last order.With that I had to pay extra 100OETB unnecessarily. A bit of annoying 🙄,1,2023-08-14,CBE,Google Play
"ለCBE developing crue ማስተላለፍ የምፈልገው መልክት app'አችሁ ጥሩ ሆኖ ሳለ ለምንድነው ሁሉንም አገልግሎት በአንድ app merge የማታረጉት. እዚጋ cbe birr ale ሌላ ደሞ አዲሱ CBE merchant app አለ ነዳጅ app አለ እያለ ሌላም 7+ app በCBE ስር አለ... አሁን ሰው cbe birr መጠቀም ቢፈልግ ግዴታ ወደ cbe birr ብር አስገብቶ ወይም ወደ merchant app አስገብቶ ምናምን ነው...ይሄ ሁላ ቀርቶ የናንተ best የሆነ app አላችሁ CBE Mobile banking app..Which is one of the best app in Ethiopia...It's easy, the UI is very nice...ግን ገንዘቡ ከአንዱ ወደ አንዱ ከማስተላለፍ ሁሉንም አገልግሎቶች ወደ አንድ merge ተደረገው ብናይ ወደ mobile banking app ጥሩ ነው::",4,2023-08-13,CBE,Google Play
የሲስተም ችግር በብዛት ይታያል። Its becoming unreliable payment system,3,2023-08-12,CBE,Google Play
Very good app and user friendly,4,2023-08-12,CBE,Google Play
this app is very good,5,2023-08-11,CBE,Google Play
"With each update the app is getting slower and slower, specially when requesting transaction history. And I wish the logging process could be done easily. When someone changes a phone, it makes it mandatory to consult the branch and that makes it not to be self assisted. Hope you could fix it. Please add an option of transferring to other TeleBirr numbers other than the ""Own telebirr"" option. It id very limiting now a days",4,2023-08-11,CBE,Google Play
Unfunctional,1,2023-08-10,CBE,Google Play
Why cant i see my bank statements.or past tramsactions beyond a few.,3,2023-08-10,CBE,Google Play
Ok im using ? Thise app how can i get online payment?,5,2023-08-09,CBE,Google Play
It is very easy to use rather than the ussd,5,2023-08-08,CBE,Google Play
Exceptional app for Ethiopia,5,2023-08-08,CBE,Google Play
It's very nice,5,2023-08-08,CBE,Google Play
Thus app is so easy and very importance to us,5,2023-08-08,CBE,Google Play
Water bill only on Addis ababa,4,2023-08-08,CBE,Google Play
It's very nice,5,2023-08-07,CBE,Google Play
Thanks very much,5,2023-08-07,CBE,Google Play
"I like the app because it is fast for transaction. But still you have to work on it like user full name, bank statement pdf pin at the end of the app. You have to add that features on it. Thank you.",3,2023-08-06,CBE,Google Play
100% Made My Life Easier,5,2023-08-06,CBE,Google Play
It's the best app fast and clear service good job,4,2023-08-06,CBE,Google Play
hulem yemntemamenbet bank 😆😂😂,1,2023-08-05,CBE,Google Play
Very easy to use and fast,5,2023-08-05,CBE,Google Play
"I've been using this app for quite some time now and recently I've been seeing some unusual bugs, like saying error repository report, not syncing when I transfer to another account but then when I try it again, sent complete but has sent to that account twice... deducted twice...this needs to fixed ASAP...",2,2023-08-03,CBE,Google Play
One of best bank applcation in ethiopia so far,5,2023-08-03,CBE,Google Play
The best all times,5,2023-08-02,CBE,Google Play
really it's good app🥰🥰🥰,5,2023-08-02,CBE,Google Play
The app never opens in Android,1,2023-08-02,CBE,Google Play
Fantastic system but frontline staff need customer service training.,4,2023-08-02,CBE,Google Play
"Although it is a great, quick, and simple tool to use for a variety of financial transaction purposes, an upgrade of biometrics and a six-digit pin code option should be introduced for increased security. More importantly, it would be great if it could provide an online cash receipt voucher for printout.",4,2023-08-01,CBE,Google Play
Very good .,5,2023-08-01,CBE,Google Play
I am proud 👏,5,2023-07-30,CBE,Google Play
ዋው ምርጥ አፕ ነው❤️❤️❤️,5,2023-07-29,CBE,Google Play
The application for transaction any where and time important however on process transaction intruption after some minut deducted the amount so happened double payment . So please improved ! To transact reliable show correctly on time of transaction.,2,2023-07-29,CBE,Google Play
ጊዜና ኑሮን የሚያቀል ሁሉንም በስልኬ ላይ ወድጄዋለው ።,5,2023-07-29,CBE,Google Play
Worst app ever🤮🤮,1,2023-07-28,CBE,Google Play
I like it CBE app but the login pass code is doesn't give u comfort cause it's weak n it's only 4 digits,4,2023-07-26,CBE,Google Play
The UI is stone aged,1,2023-07-26,CBE,Google Play
"I feel good, it is time and energy saving and also the first platform to digitalization of the financial issue. I want to remanid the developers to make more accessible and add more feature to it!",5,2023-07-26,CBE,Google Play
It was so amazing,5,2023-07-26,CBE,Google Play
Fingerprint lock not working,1,2023-07-26,CBE,Google Play
Not working,1,2023-07-25,CBE,Google Play
Desirable to transfer money properly,5,2023-07-24,CBE,Google Play
Add biometric,5,2023-07-24,CBE,Google Play
It's relief,5,2023-07-24,CBE,Google Play
"It is a very basic app. Banks nowadays offer many services through their app. I suggest you add the abilty to get statements, the ability to freeze the card if stolen or when traveling. The abilty to use the card while traveling. I have noticed that if Ieave Ethiopia it is not possible to pay my bills back home. So in general the app is very helpful and eased the burden of carrying money arroubd in Ethiopia, please improve it further.",4,2023-07-24,CBE,Google Play
Its good app,3,2023-07-24,CBE,Google Play
Arif now silke,5,2023-07-23,CBE,Google Play
"I have one complain, why it require verification code every time when i change my phone or reinstalled the app, as you know that code i can get it only from the branch. I know that it demanded for security reason but this method could be changed by otp sms text then i enter my own PIN and log in. couldn't you send us otp (One time password)? For instance like Dashen Bank. i waste my time and money to get verification code. You seriously think about it.",1,2023-07-23,CBE,Google Play
Solomon ayele jima,1,2023-07-22,CBE,Google Play
This app is helpful and interesting but if you add printing Receipts it become more interesting thank you in advance.,5,2023-07-22,CBE,Google Play
Very use full,5,2023-07-22,CBE,Google Play
Just BAD. please improve it.,1,2023-07-22,CBE,Google Play
Good Good service,5,2023-07-21,CBE,Google Play
It is bad and the app made my phone to behave bad,1,2023-07-21,CBE,Google Play
"Please include a mechanism to sort out a statement for a transaction with a single person or enterprise, on ur cbe birr or mobile banking",3,2023-07-21,CBE,Google Play
I couldn't install the app it stuck you gotta fix it,1,2023-07-20,CBE,Google Play
"Relatively good app, but we need electronic receipt or advice in PDF format to be printed for every transaction or payment we made (AWSA, EEU,IMMIGRATION FOR PASSPORT, ...) think about it.",5,2023-07-20,CBE,Google Play
"Am happy to use this app, because it's very nice to use .",1,2023-07-20,CBE,Google Play
No Hawassa water bill payment,5,2023-07-20,CBE,Google Play
በጣም አሪፍ አፕሊኬሽን ነው መስተካከል ያለበት ነገር ገንዘብ ለማስተላለፍ ተጨማሪ ማረጋገጫ እስቴፕ ቢኖረው ፤ ምክንያቱም በኔትወርክ ምክንያት አልተላከም ብሎ እንደገና ስትሞክር በኃላ ግን ሁለት ጊዜ መላኩን ይነግርሃል !!! ከዚያ የፈሠሠ ውሃ አይታፈስም ይላል ያገሬ ሠው ።,4,2023-07-19,CBE,Google Play
"Best of all banks, easy to use app",5,2023-07-16,CBE,Google Play
The worst app I have ever seen I hate it.,1,2023-07-15,CBE,Google Play
"You guys really need to improve the app. I know there are lots of users, more than any other bank. But still look at telebirr. There is an issue of receiving text when money is deposited. Buying airline ticket is a Hussle. The app in its current state doesn't represent the giant CBE!!",1,2023-07-14,CBE,Google Play
It just disturbs if you left it open. Bad user experience,2,2023-07-11,CBE,Google Play
Short and precise app.,5,2023-07-08,CBE,Google Play
It is a great app what i always prefer.but there are some shortcomings like all account wide statements are not seen and the receipt should contain the banks legal stamp after we completw the transactions. Continue.....!,4,2023-07-07,CBE,Google Play
Very excellent,5,2023-07-06,CBE,Google Play
One of a kind app! Just wow!!,5,2023-07-06,CBE,Google Play
It does its job well,5,2023-07-06,CBE,Google Play
BalanceDear Customer your Account 1********8778 has been debited with ETB 6000. Your Current Balance is ETB 14800000.1. Thank you for Banking with CBE!,5,2023-07-04,CBE,Google Play
It is azgizm app,5,2023-07-04,CBE,Google Play
Excellent application,5,2023-07-03,CBE,Google Play
The app was like very wonderful and easy to use but currently some problem is faced me which is after login does not show me account balance and account number.how can i solve this problem??,5,2023-07-03,CBE,Google Play
"It's not consistent. Now you can use , tomorrow you can't. Until then you don't know when's goin to be fixed 😕",3,2023-07-03,CBE,Google Play
It simply expires with in short period of time. And also it optionally sends multiple times.,3,2023-07-03,CBE,Google Play
When ever I wanted to transfer an amount or use some other service it keeps saying non available I tried to update it still the same,1,2023-07-01,CBE,Google Play
It's easy for the customer,4,2023-07-01,CBE,Google Play
"The app stop to show me the balance, but it synchronized while refreshing in contrary all of the services are not available . No online care available , amazing millions of customer waiting physical contact for routine solution .",1,2023-07-01,CBE,Google Play
"0 star if possible, this bank is one of the most dumbest and most crowded banks I have ever seen. Plus, it is taking more than a month just to confirm the validity of the National ID I provided to open my account, so my account is still frozen for more than a month prior to it's creation and I can't use it. Never ever think about creating account using this bank. Anything that belongs to Ethiopian Government is in its poorest quality. Use modern banks like Awash bank or Abyssinia bank instead.",1,2023-06-30,CBE,Google Play
Pleas update this app is not working,2,2023-06-30,CBE,Google Play
Difficult to transfer,2,2023-06-29,CBE,Google Play
"Except for the transaction sometimes not reaching destination,it is a good app",4,2023-06-29,CBE,Google Play
Great!! a simple yet amazingly performant app!,5,2023-06-27,CBE,Google Play
Jest good 👍,5,2023-06-27,CBE,Google Play
It is Very easy to use.,5,2023-06-24,CBE,Google Play
በዚህ መተግበሪያ መጠቀም ከጀመርኩ ቆይቻለሁ። አጠቃቀሙ ቀላልና ቀልጣፋ ነው።,5,2023-06-18,CBE,Google Play
"No update available doesn't,'t show balance, no transfer available useless and a waste of time",1,2023-06-17,CBE,Google Play
Great Mobile Banking Apps from great bank💞💞💞💞💞💞💞💞,5,2023-06-16,CBE,Google Play
It does not show recent transactions changes quickly,1,2023-06-15,CBE,Google Play
It is not working. The previous was better.,1,2023-06-15,CBE,Google Play
Evil system,1,2023-06-15,CBE,Google Play
Makes everything easy,5,2023-06-14,CBE,Google Play
It's really but the pin code is short please update to lon pin or password & fingerprint Please update to new version and put the long password,5,2023-06-13,CBE,Google Play
At List we need to cheack our transction back to one year,5,2023-06-10,CBE,Google Play
not functional,1,2023-06-10,CBE,Google Play
this app is user friendly much easier and more interactive...I just like it.,5,2023-06-10,CBE,Google Play
I hope this bank have excellent Mobile app but please do on service...,4,2023-06-09,CBE,Google Play
በጣም የምወደው ባንክ,5,2023-06-08,CBE,Google Play
It makes my payment issue easy,5,2023-06-07,CBE,Google Play
Wonderful App. Thank you👏,5,2023-06-06,CBE,Google Play
"The app is so nice, but credit & debit must be in service requirements.",4,2023-06-06,CBE,Google Play
Excellent apps and very friendly,5,2023-06-06,CBE,Google Play
"I like the application very much because it is user friendly and makes transactions easiest, especially for business matters. But, these few days I faced difficulties of opening it. I tried to uninstall and re install the app, and re verified at the nearest cbe center. But still failed to use all the functions. It says 'none available'. Any suggestions please!",3,2023-06-05,CBE,Google Play
Best app for CBE in Ethiopia.,5,2023-06-05,CBE,Google Play
It is best and fast,5,2023-06-05,CBE,Google Play
Very nice app.,5,2023-06-05,CBE,Google Play
It is preferred app,5,2023-06-03,CBE,Google Play
"Eventhough,this's the biggest bank in Ethiopia there is a deep problem on it's application. NO NETWORK everytime 😔",2,2023-06-01,CBE,Google Play
"this app has bugs all over it!! you cant see your balance,transfer money inaddition shows error msg ""none available"". fix this!!",2,2023-05-31,CBE,Google Play
"The app is not working, it repeatedly show notify ""can't sync""",1,2023-05-29,CBE,Google Play
"The app is always buggy, you've to fix: 1. Transfer history. 2. The double(duplicate) transfer issue which everyone faces, were it gives our error and I've to transfer for a second time thinking it didn't work and both transferred transfers go through.",3,2023-05-29,CBE,Google Play
Amazing app,5,2023-05-29,CBE,Google Play
It is amazing app,5,2023-05-27,CBE,Google Play
"This app is not working now. I installed it, but it is not opening.",5,2023-05-27,CBE,Google Play
Such a fantastic app,5,2023-05-27,CBE,Google Play
Open my mobile banking us,5,2023-05-26,CBE,Google Play
Why is the Beneficiary menu removed in this update? I'm using S9+ and running android 10...,3,2023-05-26,CBE,Google Play
I like your Apps CBE but sometimes I face a problem like transaction mistake.,3,2023-05-25,CBE,Google Play
"Why doesn't it show your previous bank balances alongside the transactions! It should show previous balances too! Only shows recent transaction, it must show old transactions as well! It would be great if you could print your bank statement from the app",1,2023-05-25,CBE,Google Play
Easy to use and convenient,5,2023-05-25,CBE,Google Play
"I have been using this app. for long period of time but after my phone's motherboard was damaged and replaced it with a new one. it says ""your device is rooted"" whenever I have installed the app. again want to use it again as before. what shall I do?",4,2023-05-23,CBE,Google Play
"It is a great app so far specially the speed is good. But it is important to know who send you money, so you should also show the sender's name if the receiver is in the sender's beneficiary list, because it shows the nick name of the receiver not the sender's name. Thank you.",5,2023-05-23,CBE,Google Play
Seems very Good,3,2023-05-20,CBE,Google Play
Appkan waan ku haystaa si fiican buu noo caawiyaa badanaa,5,2023-05-19,CBE,Google Play
Good improvement👍 number one app with in the bank industry.,5,2023-05-18,CBE,Google Play
"Very excellent application Portable,easy and fast",5,2023-05-18,CBE,Google Play
best safe app,5,2023-05-18,CBE,Google Play
Kamaal Adam,5,2023-05-17,CBE,Google Play
Good application,5,2023-05-17,CBE,Google Play
Nice application,4,2023-05-16,CBE,Google Play
How can I use this app?,5,2023-05-16,CBE,Google Play
It's good I like this app semtime sistem problem,4,2023-05-15,CBE,Google Play
Very poor app from a huge bank.,2,2023-05-13,CBE,Google Play
Good mobile banking app,4,2023-05-13,CBE,Google Play
The latest update makes the system crash.,1,2023-05-13,CBE,Google Play
I believe this app is fantastic,3,2023-05-12,CBE,Google Play
Problem solving,5,2023-05-12,CBE,Google Play
Thank you app google manager its very useful!!! Thank you!!,2,2023-05-10,CBE,Google Play
It's good but a bit late and stack a lot,5,2023-05-10,CBE,Google Play
"For yesterday onward the app is not working for me, it only say None available?! I don't know the meaning of that????",1,2023-05-10,CBE,Google Play
I really Like it,5,2023-05-09,CBE,Google Play
Abubeker negn,2,2023-05-07,CBE,Google Play
Very exceptional.. 👍👍👍,5,2023-05-06,CBE,Google Play
"Good but needs improvement. It should retain my settings. For example, I turned off the cbe- Noor option, but everytime I open the app, it defaults back to the previous setting.",4,2023-05-06,CBE,Google Play
Very poor application,5,2023-05-06,CBE,Google Play
COMERCIAL banks good,5,2023-05-05,CBE,Google Play
"This app, Provides speedless service. We must compete in a competitive world. It improves your service.",1,2023-05-04,CBE,Google Play
it is app so perfect,1,2023-05-04,CBE,Google Play
Just awesome 👍,5,2023-05-04,CBE,Google Play
Its very good app,5,2023-05-04,CBE,Google Play
"For me, It helped me a lot!",5,2023-05-04,CBE,Google Play
"It is a user friendly and helpful app. It has greatly helped my day to day activities. However, it requires improvement on the weekly transaction limitations and it sometimes crashes.",4,2023-05-02,CBE,Google Play
After updating the app the transaction only lasted for only a week and it's not very useful when reviewing your oldest debits.,1,2023-05-02,CBE,Google Play
The latest update is full of bug until that it was great.,2,2023-05-01,CBE,Google Play
"It was good to work but It doesn't open for me, although i went twice the bank they have not found any solution.",2,2023-04-30,CBE,Google Play
Application is very important for us thanks,5,2023-04-30,CBE,Google Play
"It is better, but active the transifer of money to own CBE account.",5,2023-04-29,CBE,Google Play
Well-done everyone who participate in the creation of this lovely financial app since it gives most important service for daily activity,5,2023-04-28,CBE,Google Play
So helpful!,3,2023-04-28,CBE,Google Play
Its marvelous app,5,2023-04-27,CBE,Google Play
Bad experience,1,2023-04-27,CBE,Google Play
Doesn't link with nedaj app,1,2023-04-26,CBE,Google Play
super application and fast transfer easy your money really I appreciated and injured for is services,5,2023-04-25,CBE,Google Play
Very useful supportive app in our day to day a activities or business,1,2023-04-25,CBE,Google Play
Network dependent,3,2023-04-25,CBE,Google Play
I've experienced the best and simple mobile banking I ever had. The latest version is good 👍,5,2023-04-23,CBE,Google Play
አፑ በጣም ምርጥ ነው*** ስጠቀምበት ነበር ከፋሲካ በዓል ቀደም ብሎ ከነበሩት ቀናት ጀምሮ ግን ልጠቀምበት አልቻልኩም። ከእናንተ ነው ወይስ ከባንኩ ሲስተም ፈጣን እርማት ይደረግ።,3,2023-04-21,CBE,Google Play
It is easier to send money to friends and families,5,2023-04-21,CBE,Google Play
I love it tank's,5,2023-04-20,CBE,Google Play
This app is best and safe secure,4,2023-04-20,CBE,Google Play
This app is good for daily transction systems,3,2023-04-20,CBE,Google Play
It have some bugs get stuck time to time but very easy to use I like it,3,2023-04-20,CBE,Google Play
Not working,1,2023-04-20,CBE,Google Play
After few month stop working. If you don't know why update? Keep it as usual old version.,1,2023-04-18,CBE,Google Play
This app is very useful because it is easy to use for everything.,5,2023-04-17,CBE,Google Play
Make updated,1,2023-04-17,CBE,Google Play
The last update was good for sharing and downloading but it worsens for the history option. You have to fix it for at least 1-month history view.,4,2023-04-16,CBE,Google Play
Good app thanks,5,2023-04-14,CBE,Google Play
It's good but recently it's not showing My Recent Transactions so do something about it,3,2023-04-14,CBE,Google Play
"The app is not working, it doesn't show your balance, or you can not make any payments",2,2023-04-14,CBE,Google Play
It's good and easy but it has no security features like finger print or pin code for payment and log in. Not safe app,2,2023-04-14,CBE,Google Play
An easy and very fast transactions compared to dailing *889#. I like this app.,4,2023-04-14,CBE,Google Play
it is best of best application !!,5,2023-04-13,CBE,Google Play
Please try to work on this app. It is not user-friendly and high-end. And say this while comparing with others both within and out of the country. Please try to include more features and functionality,1,2023-04-11,CBE,Google Play
Th app is great. But you can't make the same amount of payment with the same reason more that once. It will show an error but sometimes it transfer with the error. It should be fixed on the next update.,4,2023-04-11,CBE,Google Play
its a good aplication,5,2023-04-11,CBE,Google Play
"It's a wonderful application, I like it",5,2023-04-11,CBE,Google Play
ሁሌም የምተማመንበት ባንክ,5,2023-04-09,CBE,Google Play
"Til now it's going perfect for me! according to the available services in Ethiopia right now. But today I couldn't access my account, hope it's just temporary, will wait until midnight",5,2023-04-08,CBE,Google Play
Update sidereg lemn recent transaction yetefal,3,2023-04-08,CBE,Google Play
"Please improve your system of registration. Even after you took actvation code from branch the process is too difficult to register. Why not response?? 1.Is that adding sufaricom airtime was good improvement. You may did thàt for your bussiness. Coz safari have their own apps to sell airtime. If you want to improve, Màke It to connect with account whith out need of going branch. 2. Even make it digital Mobile banking, mean paper less banking(Authorize customer to get account number at his home",1,2023-04-08,CBE,Google Play
ወይ እናንተ፣ ተሻሽሏል ብዬ update አድርጌ ተባላው። ምንድነው የናንተ ነገር? appun upgrade እንደ ማድረግ downgrade ታደርጉታላቹህ። አቦ ምታስተካክሉት ከሆነ አስተካክሉት። transaction detail እንደ መጀመርያው ብዙ እንዲያሳይ ኣድርጉት።,1,2023-04-07,CBE,Google Play
Easy to use and user ፍሬንድልይ,5,2023-04-07,CBE,Google Play
I wonder this up if it gives the mini statement with narrative details,5,2023-04-07,CBE,Google Play
Very challenging to operate taking long time and sending error message. Unfriendly every time!,1,2023-04-07,CBE,Google Play
Money transfer from account number to Bank account number,1,2023-04-06,CBE,Google Play
User friendly,4,2023-04-06,CBE,Google Play
4: experice,5,2023-04-06,CBE,Google Play
Poor application,1,2023-04-06,CBE,Google Play
Says failed even if transaction completed... twice error,3,2023-04-06,CBE,Google Play
Fast and Easy to use.,5,2023-04-06,CBE,Google Play
I am happy with the app & Satisfied !,5,2023-04-05,CBE,Google Play
I am so happy banking with CBE.,5,2023-04-05,CBE,Google Play
"Amazing application, better than in person service.keep it up! Please include more option.",5,2023-04-05,CBE,Google Play
This app saves my time.,4,2023-04-05,CBE,Google Play
I like this app doing great 🤙,4,2023-04-05,CBE,Google Play
Not all services are available like transfer to mobile numbers,2,2023-04-04,CBE,Google Play
ወደ ቴሌብር ያስተላለፍኩት ብር ሳይደርስ ሒሳቤን ቆርጦት ቀረ። 24 ሰዓት አልፎትም የለም። ምላሽ ካጣሁ CBE NOOR app መጠቀም አቆማለሁ,4,2023-04-04,CBE,Google Play
Easy to manipulate. Fast and even working with low speed internet connection.,5,2023-04-04,CBE,Google Play
"The app was updated 7 days ago. Since then it doesn't show the balance and seems like it is trying to update but the update never show a result even if after the green indicator shows sync finished and all the links for the different transaction say ""none available"".",1,2023-04-03,CBE,Google Play
Nice app i really like it,5,2023-04-03,CBE,Google Play
👏 amazing ap,5,2023-04-03,CBE,Google Play
"The app says it failed to transfer the money but it transferred money, so there is a high chance of transferring money twice.",2,2023-04-02,CBE,Google Play
To say frankly this is amazing App Thanks CBE,5,2023-04-02,CBE,Google Play
Not perfectly,2,2023-04-01,CBE,Google Play
It is very nice app.,5,2023-03-31,CBE,Google Play
So far so good.,4,2023-03-31,CBE,Google Play
I have been using this app for 3 years and it was great. But now it has big problem. I can't pay bills or transfer money. Please fix it!,5,2023-03-31,CBE,Google Play
Doesn't work after update,1,2023-03-31,CBE,Google Play
Why is this app not showing money transfer to other people?,1,2023-03-31,CBE,Google Play
oo my good reach to my gool,5,2023-03-31,CBE,Google Play
The most convenient banking app in Ethiopia. The password management system is top class.,5,2023-03-30,CBE,Google Play
Not bad app beter than Banke of Abssinya,1,2023-03-30,CBE,Google Play
WOW the app solves big problems,5,2023-03-29,CBE,Google Play
አብዛኞቹ ነገሮች ነፍ ግዜ ከሞከርን በውሀላ ነው የሚሰሪው በአካል መከራ በ App መከራ ውይ ውይ,1,2023-03-29,CBE,Google Play
Nice app so far....,5,2023-03-28,CBE,Google Play
I want to yoin yourbank,5,2023-03-27,CBE,Google Play
"Many thanks for z team, specially for IT team, you are the first. Stay safe",4,2023-03-27,CBE,Google Play
ምርጥ App ነው።,4,2023-03-27,CBE,Google Play
"I have been using this wonderful app. It is easy to use and user-friendly and perfect user experience app. I just have one suggestion, if you cloud add more info like who(person or company) deposited, and deposit discrimination if any in the recent transaction section of the app. The rest is perfect.",5,2023-03-26,CBE,Google Play
Good to save time,5,2023-03-26,CBE,Google Play
Best of best app at all Cbe always relays on,5,2023-03-25,CBE,Google Play
Please Add the fingerprint Biometric System.,5,2023-03-25,CBE,Google Play
Other bank option isnt work,1,2023-03-25,CBE,Google Play
Dood systems all people,5,2023-03-25,CBE,Google Play
"The recent update has a bug. ""Transfer to other bank option"" will force close the app. Please fix it.",1,2023-03-24,CBE,Google Play
We need update How to updated the app,3,2023-03-23,CBE,Google Play
"Now that I could change b/n accounts easily, I'm much satisfied with this app; and I upgrade my rating to 5 star. However, I wish the app would enable to produce report a history of at least 3 months.",5,2023-03-23,CBE,Google Play
It's not working on Samsung note9,1,2023-03-23,CBE,Google Play
"The reason I give you one star it's because you always need verification key in bank branch this issue is not good at all,it's better to work like other bank like united bank awash bank they not required authorization by bank branch only app give you verification key not by bank branch",1,2023-03-23,CBE,Google Play
Very useful app Help Me to pay my tuition fees in my house Thanks,5,2023-03-23,CBE,Google Play
"I've been using this app for over a year. It's user friendly, but my problem with it is that it only tells me any transaction I've made through this app after a day or two. It doesn't show right away so I need you to fix it ASAP please.",4,2023-03-22,CBE,Google Play
Really it's very good solution to peoples and i am using this application everyday as well as it's important to my business in the activities. More of the application is used for my firemds and my parents as usual as significant. My objectives were so vast i wish the app Will functional every in my life activities and more of saving my time amd easy to use every were. Whenever i was going to working my day today activities if i wants to transfer the money from my own account to others is good..,5,2023-03-22,CBE,Google Play
Old version is better on showing old transaction list than this one,2,2023-03-22,CBE,Google Play
Please don't make us force update the app it log us out and we need to go in person to the branch to use the app that is hard for people like us who travele a lot from country,1,2023-03-21,CBE,Google Play
Please! in the next update add tele birr transfer to other.,5,2023-03-21,CBE,Google Play
Good job kep it up,1,2023-03-20,CBE,Google Play
I use this up it was very convenient and fast to transfer and receive money,5,2023-03-20,CBE,Google Play
baaye gaari dha,4,2023-03-20,CBE,Google Play
Where can i get verfication code,3,2023-03-20,CBE,Google Play
I have been using this app for long period of time & I'm very happy. because I'm also use other banks app and nothing can compare this. I know so many people using this app too & we all happier by using this app especially it gives us very helpful recently data for long period of time which is the money we sent and received with very clear info. And its reduced the time which we spend by printing statement on branches. But on this version this future shortened by limited recently data. Whyyy???,2,2023-03-19,CBE,Google Play
it is good app to use. unless the exchange rate section has confused rate specially Suddanesse dinar (SDD) implies high buy rate and low sell rate.,4,2023-03-18,CBE,Google Play
ለተቀነሰው ገንዘብ ወዲያውኑ ኖቲፋይ ባለማድረጉ የተጠቃሚ ጌዜ እያባከነ ይገኛልና ብታስተካክሉ።,1,2023-03-18,CBE,Google Play
Nice application. Thanks,5,2023-03-17,CBE,Google Play
"Still the best mobile banking app out here beautiful ui very functional , i wish u used the nfc capability of most devices and also smt intesrting with the new rolled out atm cards that has nfc chips in them it would be smt very new tap and pay through ur atm card to a device . All in all i love it",5,2023-03-17,CBE,Google Play
Absolutely The Best Mobile banking i ever seen thank you CBE !!!,5,2023-03-16,CBE,Google Play
Perfect App if the following will improved: ==》Sometimes why delay to send text for receiver or sender? ==》Need full statement request option menu at home page ==》Please include Cash Withdrawal mechanism option in your next version,5,2023-03-15,CBE,Google Play
Simple and Easy app,5,2023-03-15,CBE,Google Play
"The good thing is its simplicity to undertake the basic functions. Updates with improvements and fixes should have been released by now. Please fix. 5 years after last review… Issues with beneficiary are fixed. However, still unable to track transactions much less to download in appropriate formats. This feature got diminished in the latest update. Please improve and fix.",3,2023-03-15,CBE,Google Play
Not working @ all! 😡😡😡 Older version was much more better!,1,2023-03-15,CBE,Google Play
"Now after the last update has been launched, the app is being somewhat complex. The orders of the transaction is not working correctly. Please have a review on it.",1,2023-03-14,CBE,Google Play
It's not working at abroad for me. It was good in home country. I don't why the reason is! please advice me any one who has an experience.,1,2023-03-14,CBE,Google Play
"Simple, reliable. And updates regularly. Impressive.",4,2023-03-14,CBE,Google Play
"Dear CBE Team, The updated version of CbE application is very interesting and has an additional features which is very nice but still the app doesn't have an option of transferring money into another Telebirr service number rather than own Telebirr account...so please add this feature.",4,2023-03-12,CBE,Google Play
Still now i can't even see my current balance..? It has been a while... is it just me or somebody else's problem too..?,2,2023-03-12,CBE,Google Play
Transactions history is not being fully shown fix it,2,2023-03-12,CBE,Google Play
"the best app, than you so much ,becouse of this app Things so easy",5,2023-03-11,CBE,Google Play
It so good App,5,2023-03-11,CBE,Google Play
Almost Impossible to use it aboard.,1,2023-03-11,CBE,Google Play
Good and easy,5,2023-03-11,CBE,Google Play
It's fantastic apps,5,2023-03-11,CBE,Google Play
"For those who have only one phone but have two bank accounts, it is not possible to administer both accounts in one phone. Please, make your program to allow two accounts in one phone.",4,2023-03-11,CBE,Google Play
"The app is good. However, whenever you changed your phone it requires authorization ID, approaching a branch is mandatory. The password reset option should be available to the user by adding other security details like user name, biometrics, account number, etc.",3,2023-03-10,CBE,Google Play
When ever I change my phone or something happened why would I have to go to the office to get the code this app this not amazing I didn't like it this is big problem u have to change this if I have to go to the bank every time I change phone or anything happened it bad app in this time in this technology.,1,2023-03-10,CBE,Google Play
It's a good update but the system doesn't work a lot of time,3,2023-03-10,CBE,Google Play
The recent updated version shows a very short period transactions. Thus it has to be improved and in this regard the previous version was better.,3,2023-03-09,CBE,Google Play
በጣም አሪፍ Application ነው።,5,2023-03-09,CBE,Google Play
In the next update if it is possible if there is a confirmation requested to confirm the payment again the pin requested before transferring(like telbirr),4,2023-03-09,CBE,Google Play
This version is so slow,1,2023-03-09,CBE,Google Play
Since the last two weeks I could not see balance. It becomes busy and difficult to check remaining amount.,2,2023-03-09,CBE,Google Play
"The most recent update is so impressive that Stops stucking,Speedy transaction.Thanks and keep updating.",4,2023-03-09,CBE,Google Play
Always rely on,5,2023-03-08,CBE,Google Play
Recent transactions history was loading properly and used to preview older histories too but not anymore and that sucks! So work on transactions history well!,1,2023-03-08,CBE,Google Play
The worst app and bank.,1,2023-03-08,CBE,Google Play
A very cool app👍🏽👍🏽👍🏽,5,2023-03-08,CBE,Google Play
Excellent app but not CBE,5,2023-03-06,CBE,Google Play
sakas sakad,5,2023-03-06,CBE,Google Play
"Easy to use,and time saver.",5,2023-03-06,CBE,Google Play
Khaatimaa bareeddu nuuf kannee Qabrii teenya Caffee jannataa nuuf Godhee nuhaa gamma chiisu Rabbiin,5,2023-03-05,CBE,Google Play
This app is awesome 👍,5,2023-03-05,CBE,Google Play
"It is a very simple and convenient application, if exporting or downloading option included more preferable",3,2023-03-05,CBE,Google Play
It very nice connection So it is better to releases for us,5,2023-03-04,CBE,Google Play
Super exhausting😴,1,2023-03-04,CBE,Google Play
This application is a step for our country. But we need to upgrade and modify it. It Continously get stucks and gives error.,5,2023-03-04,CBE,Google Play
That is good bank but there is something wrong 😕,2,2023-03-04,CBE,Google Play
Wow its ezi to Accse,5,2023-03-04,CBE,Google Play
Better than the other CBE system to send money.,5,2023-03-03,CBE,Google Play
I wish the app informs who transferred money when it sends deposits credited to my account as Dashen Bank does.,4,2023-03-03,CBE,Google Play
Not akspriyans,5,2023-03-03,CBE,Google Play
Easy to use and confidential,5,2023-03-02,CBE,Google Play
1 Ahmad jihaad,5,2023-03-01,CBE,Google Play
Easy to use !,5,2023-02-27,CBE,Google Play
Like it good work,5,2023-02-27,CBE,Google Play
Very nice app,1,2023-02-24,CBE,Google Play
History section is very bad,2,2023-02-22,CBE,Google Play
I prefer this app,5,2023-02-21,CBE,Google Play
"It's a great app, thank you",5,2023-02-21,CBE,Google Play
"A nice app but it has limitations like sometimes stuk to scroldown, late to updete transactions",4,2023-02-19,CBE,Google Play
It's soo good app,5,2023-02-19,CBE,Google Play
"The limited transaction listing, only to recent list, makes your app of limited help.",1,2023-02-17,CBE,Google Play
nice.....kept it up,5,2023-02-16,CBE,Google Play
"CBE, Z bank u can always rely on!!!",5,2023-02-15,CBE,Google Play
The Best optional application !,5,2023-02-14,CBE,Google Play
I cannot access the services to transferor to pay my bills,1,2023-02-14,CBE,Google Play
Perfect but sometimes delays,4,2023-02-14,CBE,Google Play
I'm using this supplication when I'm out of my country this is useful,5,2023-02-13,CBE,Google Play
Use this app,5,2023-02-09,CBE,Google Play
It is slowwww,1,2023-02-09,CBE,Google Play
Doesn't sync multiple accounts,1,2023-02-08,CBE,Google Play
Please download fastly the apps,5,2023-02-05,CBE,Google Play
Nice App!! keep going 👍,5,2023-02-04,CBE,Google Play
It is very good application,5,2023-02-03,CBE,Google Play
It's to easy to transfer local money thats why.,4,2023-02-03,CBE,Google Play
"Nice experience from last 3 years Only problem is that, added beneficiary not working. But overall good experience.",5,2023-02-03,CBE,Google Play
Awesome apps but the new update failed starting from January 31 2023,1,2023-02-01,CBE,Google Play
የተላከ ገንዘብ መቼ ነዉ ሚለቀቀዉ,5,2023-02-01,CBE,Google Play
When trying to open the app from another country it asks for a verification code that can only be obtained from the nearest bank branch. This is not logical if you want Ethiopians from around the world to be able to use the application. Please review this.,1,2023-01-30,CBE,Google Play
I always like this banking app,5,2023-01-30,CBE,Google Play
Why are the messages always come to me very late? I can't even see who has deposed the money it's very annoying. You have to fix this,3,2023-01-29,CBE,Google Play
"The app is awesome. But there are many things to highlight.For example, When spending money from the account , a confirmation text message must be sent to the account holder. Also the fact that, the PIN is only four digits is not safe enough for security, if it is more than eight digits and includes numbers and symbols, it will be cool.",3,2023-01-29,CBE,Google Play
I LIKED THIS APP 😊MAY IT WILL NEW UPDATIONS SOON THANKS😊,5,2023-01-29,CBE,Google Play
በጣም ደስ የሚል ቀለል ያለ,5,2023-01-27,CBE,Google Play
The Commercial Bank of Ethiopia application is easy to use. Really recommended.,5,2023-01-27,CBE,Google Play
Recent and Accounts not responding thw previous version was nice. This version UI looks attractive but almost half features not working.,1,2023-01-26,CBE,Google Play
1.Money withidirawal from bank into my debit card and credit next in to make Ethiopian My saving bank account number.3rd limete My money withidirawal in to make mobile money wallet plus in to make My Ethiopian saving Bank account number is attached with allow me My money . all my money convert to Ethiopian birr to make. Excuse me my needs seed and received money withidirawal more amended more detail.,5,2023-01-25,CBE,Google Play
i like this app,1,2023-01-25,CBE,Google Play
"In the beginning, the ability to capture the history was small, now it's a great job to capture all the transactions and the user can see them, another problem is that if a transaction or transfer is made, the number of the receipt will not be downloaded when saving to avoid it, unless a screenshot is taken, it would be better if you fix this.",5,2023-01-25,CBE,Google Play
Yuusuf 24:01:2023,5,2023-01-24,CBE,Google Play
Very best app,5,2023-01-24,CBE,Google Play
Perfect App,5,2023-01-23,CBE,Google Play
The app is crashing and freezing in recents' section. But it works fine in other sections very helpful app.,5,2023-01-23,CBE,Google Play
great applca,5,2023-01-21,CBE,Google Play
Its good app to use.,5,2023-01-20,CBE,Google Play
Very good app.,5,2023-01-19,CBE,Google Play
Very interesting app in digital economy,5,2023-01-18,CBE,Google Play
it securty is good for hackeres,1,2023-01-18,CBE,Google Play
Its nice betammm,5,2023-01-18,CBE,Google Play
business all,4,2023-01-17,CBE,Google Play
"Amazing Apps but if you add other language Like Afaan Oromoo, Afar, Somali it's more than this",3,2023-01-17,CBE,Google Play
Fast and reliable,5,2023-01-13,CBE,Google Play
Easy and interesting app,5,2023-01-13,CBE,Google Play
since i down loaded this APP nothing any problem happened .it very nice app,5,2023-01-12,CBE,Google Play
9/6/17 *** It has not been updated for years and has some bugs 6/8/2020 **** Just updated the app from the link i get through sms. It looks good.,5,2023-01-12,CBE,Google Play
"It's a very nice and simple app but, when checking the transaction details, it's not showing who sent/deposited money into my account. Especially when I receive money from organisations.",4,2023-01-12,CBE,Google Play
I like the app,5,2023-01-11,CBE,Google Play
Pest mobile banking app,5,2023-01-10,CBE,Google Play
Its so busy when you open the recent transaction option👎👎👎👎,1,2023-01-10,CBE,Google Play
ንግድ ባንክ የሞባይል ባንኪንግ አፕ በጣም መልካም ሆኖ አግኝቼዋለሁ ፣ ህይወቴን አቅሎልኛል።,5,2023-01-10,CBE,Google Play
1. It has poor password 2. It doesn't save transaction content that pop-ups during transaction. 3. It is user friendly.,5,2023-01-10,CBE,Google Play
በጣም ምርጥ ማመልከቻ ነው በእውነት በጣም አሪፍ አፕልኬሽን ነው የኢትዮጵያ ንግድ ባንክ ሁሌ ኑርልን🙏🙏🙏🙏,5,2023-01-10,CBE,Google Play
easy to access,5,2023-01-09,CBE,Google Play
Easy to understand and use it,5,2023-01-09,CBE,Google Play
Very useful,5,2023-01-09,CBE,Google Play
This app is important and simply to use it,5,2023-01-08,CBE,Google Play
It makes life easy,5,2023-01-07,CBE,Google Play
"Good mobile banking application except some bugs. For instance, when I transfer money from account to account, an error message called 'already existed account' appears. But the money was transferred without any confirmation message. If I was not aware of that, I tried multiple times and sent the money multiple times too.",5,2023-01-06,CBE,Google Play
sometimes it will be busy.by somewhat it is good,4,2023-01-06,CBE,Google Play
"This is the worst App I ever seen. Every time CBE does small patches or updates, the app doesn't work and you have to go to your branch in person to get the update and verification on your phone. It is totally unacceptable. I am living abroad and because of their problems I can't make payments and transfers. I send my representative(""ተወካይ"") to Addis Ababa Branch with his full-representation paper (""ሙሉ ውክልና"") but the staff working at mobile banking services is not willing to fix the problem.",1,2023-01-06,CBE,Google Play
በጣም ቀላል እና ለመጠቀም ምቹ የሆነ መተግበሪያ ነው።ብዙ ነገር አቃለለልን። I want to thank the developer of this software!(CBE)🙏namaste,4,2023-01-05,CBE,Google Play
This app helped me a lot to pay my kids school payment and my bill.,5,2023-01-05,CBE,Google Play
Best app and simple to use,5,2023-01-04,CBE,Google Play
Keep it up it .this up is very efficient .,5,2023-01-04,CBE,Google Play
Foreign transfer provided by this bank is poor but local service is excellent.,5,2023-01-04,CBE,Google Play
"Over all Nice app, But I do like to point out a little bit of an issue. The transaction history tab needs a lot of work. It is so sluggish to a point it makes the app crash at times.",4,2023-01-04,CBE,Google Play
It is a very good application. It works better than any other applications i came across. I have seen much progress since the first time i started using it. Still it needs some improvement with connectivity issues.,4,2023-01-03,CBE,Google Play
I have 6th year job experiance,1,2023-01-03,CBE,Google Play
It's the best app so far,5,2023-01-03,CBE,Google Play
Easy for use,5,2023-01-02,CBE,Google Play
Am happy to use the app.,5,2023-01-02,CBE,Google Play
"I appreciate CBE for letting us enjoy this wonderful app. However, I would like it even more if you could raise the maximum amount to transfer from 25,000 to other banks.",4,2023-01-02,CBE,Google Play
በጣም ምቹ ቀልጣፋና ቀላል 👍,5,2023-01-02,CBE,Google Play
I like it this one is fast and simple to use,5,2023-01-02,CBE,Google Play
The best bank app !!!,5,2023-01-01,CBE,Google Play
Good performance,5,2022-12-30,CBE,Google Play
The easiest & user friendly mobile banking app so far.,5,2022-12-30,CBE,Google Play
Thanks for this application,5,2022-12-29,CBE,Google Play
Sometimes I make transactions twice because of repository failed issue Its annoying The app gets too busy it may also be closed when the recent option is clicked. After making a transaction there is a download option but it says can't save the image. Other than this issues the app is user friendly,4,2022-12-29,CBE,Google Play
Amazing app,5,2022-12-29,CBE,Google Play
Easy to use,1,2022-12-27,CBE,Google Play
this is the only best app,5,2022-12-27,CBE,Google Play
It is easiest app i ever seen 🤷‍♂️🤷‍♂️,5,2022-12-27,CBE,Google Play
Dosn't work in these 3 days,3,2022-12-26,CBE,Google Play
It is magnificent App,5,2022-12-26,CBE,Google Play
Salaa.abdii,5,2022-12-25,CBE,Google Play
"I like it ,it is nice 👌👌👌 but in the*889# its better to be the choice in recently used rather than as it was .",5,2022-12-25,CBE,Google Play
This app is one of the worst app that I used ever u are confused your last recently transaction and when you send money now you get the massage tomorrow or after 3 day,1,2022-12-25,CBE,Google Play
"It is a very good application, but, when I open the recent transactions it almost crashes or stops responding. You need to fix this.",3,2022-12-25,CBE,Google Play
The best one from the ather!,5,2022-12-24,CBE,Google Play
Nice fast....,5,2022-12-23,CBE,Google Play
እናመሰግናለን ግን ከእንተርኔት ነፃ መሆን ነበረበት,5,2022-12-23,CBE,Google Play
This app is very helpful because it is easy and user-friendly. It also provides different services and simplifies time to use other options.,5,2022-12-22,CBE,Google Play
Easy for life,5,2022-12-21,CBE,Google Play
It's the best app for banking I've ever had. It was very effective and provide fast and urgent services but currently it's detororiating.,3,2022-12-19,CBE,Google Play
Very Great to used but don't sale out multiple,5,2022-12-17,CBE,Google Play
"The app is great and easy to use. My issue is that, it some times show error message indicating failed transfer transaction, but when I check my balance later it actually made the transaction. This incident happened to me twice.",4,2022-12-16,CBE,Google Play
The app always stuck when i go to recent transactions,1,2022-12-15,CBE,Google Play
"Since I started using this app it. Really helped me a lot. The CBE started some years ago and it is good progress, other foreign banks has money years experience and and the technology is theirs. Yes some inconvenience can occur the bank have to simplify it fast. Keep on going!!!",4,2022-12-15,CBE,Google Play
i apritate your CBE application,5,2022-12-14,CBE,Google Play
"Most of the time 'no sync available'. Been trying to transfer all day,with no luck. Very bad app",1,2022-12-14,CBE,Google Play
Nice and excellent,5,2022-12-13,CBE,Google Play
Transfer checking balance utility service,5,2022-12-13,CBE,Google Play
"I love this app, it is easy to use and makes my life easier. Sometimes it says time out but sends money and sends agin. To send for other banks it is almost difficult and for other telbirr customers not totally possible yet. If these issues solved, the app is supper 5 star.",5,2022-12-12,CBE,Google Play
It's okay not bad,3,2022-12-12,CBE,Google Play
It is bad app Always stack,1,2022-12-12,CBE,Google Play
Wow good app.....easy to use.....,5,2022-12-12,CBE,Google Play
Very nice to used online,5,2022-12-12,CBE,Google Play
To use mobile banking,5,2022-12-11,CBE,Google Play
ካየኋቸው ሁሉ ምቹ እና ላጠቃቀም ቀላሉ ነው።,5,2022-12-10,CBE,Google Play
Good and simpl for use,1,2022-12-09,CBE,Google Play
Thank you for your service......great app i am enjoying it.,5,2022-12-09,CBE,Google Play
Excellent and convenient service...Kudos CBE,5,2022-12-08,CBE,Google Play
It was good but there are some things missing like 1- can't get more than 10 transection so you add to get last 6 month transection.,3,2022-12-08,CBE,Google Play
The best mobile banking app with an excellent user friendly interface. Bravo.,5,2022-12-07,CBE,Google Play
"I use a variety of mobile banking applications, but I really enjoy using CBE over those from other banks because it's quick and user-friendly. I greatly appreciate it.",5,2022-12-07,CBE,Google Play
Excellent app... never had any problem in using it. Very excellent job you are doing CBE. Get going!!!!,5,2022-12-07,CBE,Google Play
A bank you can always trust,5,2022-12-07,CBE,Google Play
This app is good but could not merge multiple CBE accounts and fails to download transaction reports after the late update. Why? I am using Samsung M12.,4,2022-12-06,CBE,Google Play
Amazing application which is very easy to use? Keep going CBE,5,2022-12-06,CBE,Google Play
Fantastic and it is upto the expectation!,5,2022-12-05,CBE,Google Play
Excellent app.but while I am out of the app it redirect back to login page by it self,4,2022-12-05,CBE,Google Play
Some of the worst app made by a bank in order to login when changing phone you have to go to a bank manager and the manager always say something new to login you back to the app it's sad there making billions and cant handle to make a better app for it.,1,2022-12-05,CBE,Google Play
"after I sent money, I couldn't get updated recent transaction.",1,2022-12-04,CBE,Google Play
I lv this application,5,2022-12-02,CBE,Google Play
It's great app thanks CBE. so mach easy to use and it's secure.,5,2022-12-02,CBE,Google Play
"It stacks in the recent option, can't download the transaction info.",1,2022-12-01,CBE,Google Play
Best of the Best,5,2022-12-01,CBE,Google Play
ጥሩ ነው ግን በጣም ሃላ ቀር ነው ብዙ ነገር ይቀረዋል በደምብ አሻሸሉ,2,2022-12-01,CBE,Google Play
Great Services it makes my work easy Thanks,5,2022-12-01,CBE,Google Play
በጣምነው የወደድኩት,5,2022-11-29,CBE,Google Play
Compatibility issue is resolved now but the app crash many times when asked to show current statements.,4,2022-11-28,CBE,Google Play
please include alph password,4,2022-11-27,CBE,Google Play
"It's very good and joyful app, keep it the momentum",4,2022-11-26,CBE,Google Play
My apps can't save or share slip after trx completed,5,2022-11-25,CBE,Google Play
Our Kings done great things like the legend Commercial Bank of Ethiopia,5,2022-11-25,CBE,Google Play
It is Good but gove option to send Confirmation code by email if phone number is lost we can eash update on the website.,5,2022-11-25,CBE,Google Play
The late updates on my account after transfers that occurs sometimes is the only issue the rest of the app is excellent,4,2022-11-24,CBE,Google Play
It's very important even out of Ethiopian.,5,2022-11-24,CBE,Google Play
Fast and very latest!!!,5,2022-11-23,CBE,Google Play
"I have got the application very useful, fast and simple to use. It is great app for self service but I had to go to branch office to activate it. Please try using OTP to activate the app",4,2022-11-23,CBE,Google Play
It is Simple and fast mobile banking app. I am really enjoining with it.,5,2022-11-23,CBE,Google Play
"A wonderful app! Easy, reliable, secure and fast!",5,2022-11-22,CBE,Google Play
It is good but some issues like -It only allows for own telebir account transfer what about for the others telebir accouts ? If possible please include for the others -please merge CBE banking app with CBE birr app like Awash birr,3,2022-11-20,CBE,Google Play
Betam baset,5,2022-11-18,CBE,Google Play
A great app that makes life easy.,5,2022-11-18,CBE,Google Play
"Good,inshaalluah",3,2022-11-17,CBE,Google Play
Very Good y,5,2022-11-17,CBE,Google Play
"the App is one of the BEST things to have in Ethiopia but one of major problems is shows incorrect statements and incorrect available balance, merchants and supermarkets doesn't deduct right away 😑 deductible may come after weeks or month, once u already forgot about it and so many things to work on. please take it seriously Thanks 😊",3,2022-11-16,CBE,Google Play
Ibsa abdi nure Ethiopia dire dawa,4,2022-11-15,CBE,Google Play
CBE App is Excellent.,5,2022-11-14,CBE,Google Play
I like it more,5,2022-11-13,CBE,Google Play
"While Travelling, I couldn't transfer money from my account to another. I had to delete❌ the app and re install and then wait until they give me authorization code.... too complicated.",1,2022-11-13,CBE,Google Play
I have list of beneficiaries registered but can not transfer to them. It is throwing 'None available' message.,3,2022-11-11,CBE,Google Play
It was working fine till recently. It suddenly stopped showing me the balance on the front page and all service features are not working. Hope it gets fixed soon.,4,2022-11-10,CBE,Google Play
Good Application 👍 ✅️,3,2022-11-09,CBE,Google Play
Good application fast,5,2022-11-07,CBE,Google Play
Verygood app,5,2022-11-07,CBE,Google Play
Best app ever,5,2022-11-06,CBE,Google Play
I have been using this app for the past 2 years and I never had faced this kind of problem The problem is when you want to transfer it always says error or account pending then you think it didn't work unfortunately when you check your balance again it's already deducted,1,2022-11-04,CBE,Google Play
"The worst experience ever, It sends money while showing an error. Such incompetence from a company of this size!",1,2022-11-04,CBE,Google Play
I dont recommend this app Because when you make transfer or any transaction you dont get digtal resipt even if the transaction is done if you fix this the app is good enough,1,2022-11-04,CBE,Google Play
Solve sync pb,4,2022-11-03,CBE,Google Play
Best app ever,5,2022-11-03,CBE,Google Play
Very late the only app is never seen in my life,1,2022-11-03,CBE,Google Play
በጣም ጥሩ ነው አዳዲስ አገልግሎቶች ቢጨመሩበት ደግሞ መልካም ነው,5,2022-11-02,CBE,Google Play
Clear and easy to use,5,2022-11-02,CBE,Google Play
So amazing ap !!!!,5,2022-11-02,CBE,Google Play
Satisfactory,5,2022-11-01,CBE,Google Play
"As a financial app, the app should be more sensetive for any action. When i do some transaction, it shows error message. But the transaction already done at the back. If you see error messages, it may not be error. Automatically stop doing any action see your balance and wait for your sms.",1,2022-11-01,CBE,Google Play
No problem so far,5,2022-10-31,CBE,Google Play
"It's very extraordinary app, the user interface is soo awesome, most importantly it's very user friendly. In terms of speed and services its unbelievably fast and flexible. I really appreciate the crews who've been working behind the scene to make this wonderful job alive. Well done !",5,2022-10-31,CBE,Google Play
You should integrate hijra & ZamZam bank in the other banks,5,2022-10-31,CBE,Google Play
No commente keep working 👍,5,2022-10-27,CBE,Google Play
Easy and time consuming,1,2022-10-24,CBE,Google Play
We need access any where in the world keeps up my Ethiopian banking services,5,2022-10-24,CBE,Google Play
Wow very good,5,2022-10-23,CBE,Google Play
It’s really good apps and keep up a good work. Thank you.,5,2022-10-23,CBE,Google Play
Lot of things missing and doesn't update quickly,2,2022-10-22,CBE,Google Play
Its good but Sometimes it doesn't show me my full transaction and lately we haven't been able to transfer anything,4,2022-10-22,CBE,Google Play
Is not showing my account details,1,2022-10-22,CBE,Google Play
You improved the service of this app much better.,5,2022-10-20,CBE,Google Play
"We need the previous Version. This one doesn't work, specially while you are in recents and tries to scroll down. Its just rubbish. YOU BETTER SOLVE IT, OR I will transfer to AWASH.",1,2022-10-19,CBE,Google Play
"I have seen lots of issues on this app one of them is you can't use them in multiple device and you have to go to the place you opened your account in order to get mobile banking even if you change you device you have to go to the branch to activate it, why can't you just make it easy like the others banking system in Ethiopia. You should learn from abbisinia and dashen to be honest",1,2022-10-18,CBE,Google Play
With this app i can not share or download transaction data after pay or transfer,3,2022-10-18,CBE,Google Play
Best app in Ethiopia banking,5,2022-10-16,CBE,Google Play
Simple and easy to use.,4,2022-10-14,CBE,Google Play
Nice to me and,5,2022-10-11,CBE,Google Play
"Better if we can have an option to save other bank accounts, like we save beneficiaries having CBE accounts. Let's have an option to add beneficiaries with other bank accounts.",4,2022-10-11,CBE,Google Play
"Please add ""Account Statement"" menu starting from date of account opened, instead of recent transactions.",5,2022-10-10,CBE,Google Play
Poor app don't use it,1,2022-10-10,CBE,Google Play
Why there is no ussd service for mobile banking.,2,2022-10-08,CBE,Google Play
"It's good, and helped me alot",5,2022-10-07,CBE,Google Play
I really like this app,5,2022-10-07,CBE,Google Play
It's easy to use except it sometimes stack to respond.,4,2022-10-07,CBE,Google Play
።።፥።ጵልልች ፦።ል፣ሎክልልዝጥ,5,2022-10-06,CBE,Google Play
Very good Very good,1,2022-10-06,CBE,Google Play
Best app i love it,5,2022-10-06,CBE,Google Play
"Most of the time, in the 'Recents' button the app becomes stuck and doesn't show up details of transactions and doesn't even scroll down; should be solved. Second, the app doesn't save the last pop-up screen when a transaction is complete. Third, there is no telebirr transfer to other person option and the app by default lets you to only own telebirr transfer.",4,2022-10-06,CBE,Google Play
My phone said after intalling the app the this divice is rooted you can't use this app how can fix it,4,2022-10-04,CBE,Google Play
"This is an easy to use app; I wish it could include time of transaction, in addition to the date on the reports",4,2022-10-04,CBE,Google Play
Its fast and reliable to use. I really liked it.,5,2022-10-04,CBE,Google Play
"Every thing is good and functional , but the password length is too short and it is also receive only 4 numbers. I wish if the password field receives string",5,2022-10-02,CBE,Google Play
Your app is very simple to use. But please add search option so that we can easily find our transaction done with an account number.,5,2022-10-01,CBE,Google Play
Best app for ethio,5,2022-10-01,CBE,Google Play
It is not synchronizing. It was working nicely for me but now not updating my balance. Talked to the bankers but failed to solve it.,3,2022-10-01,CBE,Google Play
its good only where mobile data and wifi avelible areas,3,2022-10-01,CBE,Google Play
U are the best as always,5,2022-09-30,CBE,Google Play
Super fast app good work,3,2022-09-30,CBE,Google Play
በጣም አሪፍ App ነው ከባንክ ሰልፍ እና ብር ተሸክሞ ከመዞር ገላግሎኛል ።,5,2022-09-29,CBE,Google Play
When I started using the app for the first time I like it. But through time it started annoying me😠 Because it doesn't update the transaction history immediately. I remember one day I transferred 17000 to another account but I can't took screenshots of transportation history. It says repository........! It needs urgent system maintenance ‼️,4,2022-09-28,CBE,Google Play
Perfect app,5,2022-09-25,CBE,Google Play
Fantastic apps,5,2022-09-24,CBE,Google Play
Nice and smooth,5,2022-09-24,CBE,Google Play
It is easy and fast app,4,2022-09-22,CBE,Google Play
Unexpectedly non functional .impossible to perform tasks. Shat shall i do??,5,2022-09-22,CBE,Google Play
Intetesting Application for Banking. I use it since 2020.,5,2022-09-21,CBE,Google Play
"Best and easy application wich i like too. But try to incorporate d/t languages .e.g Afan oromo, somale, etc. to make more easier and convince for these who do not know english and amharic. Just like cbe birr.",5,2022-09-17,CBE,Google Play
"It is a good and progressive app through the updates. I think the app should further solve its bugs like 1. It doesn't download or share attachment on android 12 and 11, it used to work on android 10. 2. Sometimes transactions seem like they have failed and there are no records, but the transactions actually have passed this is a very serious issue, because people will try the transaction again which will end up doubling the payment.",4,2022-09-15,CBE,Google Play
Its good. But recently i have been having some problems. The app is transferring my money for a second time after i do. It shows the first transfer has failed and i usually do it again. Then after it shows that i have made two transfers. Could you fix this. Thank you,3,2022-09-15,CBE,Google Play
Good application is nice to same time and effort,5,2022-09-14,CBE,Google Play
It's cool app actually but it didn't accept transfer reasons more than once,5,2022-09-14,CBE,Google Play
በጣም ምቹ መተግበሪያ ነው,5,2022-09-10,CBE,Google Play
"Best in every thing but we can't trarnsfer to other banks with RTGS it costs us 50 cent per 100 birr which means 500 birr for 100,000 birr it's not fair to cost us this much. Even Abyssinia bank has RTGS which only cost 25 birr to transfer as much as we want. So, pls update ur system",2,2022-09-10,CBE,Google Play
"Nice,easy and saving time. Its the best app",5,2022-09-10,CBE,Google Play
Good so far. Much better than other bank apps.,5,2022-09-09,CBE,Google Play
"It says your device is rooted ,i cannot access this app with my device Which is samsung A21s",1,2022-09-09,CBE,Google Play
"Best and easy app for use than any other local bank's mobile banking system. But the system doesn't show recent transaction some times, though the transaction has done. Better to do on this and other upgrading facilities.",5,2022-09-08,CBE,Google Play
Exlent app..,2,2022-09-07,CBE,Google Play
Excellent App,5,2022-09-07,CBE,Google Play
It's the most simple and yet most effective app in Ethiopia. I'm really enjoying the usability of the app.,5,2022-09-06,CBE,Google Play
Ft birr metenu bishashal arid new,5,2022-09-05,CBE,Google Play
"It is a good app, but when there is no readymade bill for payment, it doesn't tell anything, just say continue. It will be nice if it tells us, the bill is not yet ready for payment.",4,2022-09-05,CBE,Google Play
Very cool and best app. Keep up the good work.,5,2022-09-05,CBE,Google Play
There is a problem with the app after the new update I can't share the transaction,3,2022-09-03,CBE,Google Play
This up is very good only problem is no access of seeing your balance Otherwise it is very easy to you use and its so fast just work on that above mentioned Stay blessed 🙏🙏🙏❤️,5,2022-09-03,CBE,Google Play
It is good but the transaction statement couldn't be shared or downloaded.,4,2022-09-01,CBE,Google Play
Very good app. But include money transfer from oneself account to others telebirr,5,2022-08-31,CBE,Google Play
Wowww this app is good,5,2022-08-30,CBE,Google Play
commersal BANK,5,2022-08-29,CBE,Google Play
It's the chooser,5,2022-08-29,CBE,Google Play
"Great Experience 👍 but there is o e thing that highly bother me *the password to login every time you open the app 😒 it ask you a pin instead what I say you can make it to be a fingerprint, because putting password continously so frustrating and also not secure as somebody can see our pin Thank you 😊",4,2022-08-29,CBE,Google Play
The time it takes for the customer service to solve issues is very impressively bad,1,2022-08-28,CBE,Google Play
Amazing app it's easy to use,5,2022-08-28,CBE,Google Play
To speak frankly the app is good but it is too slow,1,2022-08-27,CBE,Google Play
Cool and functional,5,2022-08-26,CBE,Google Play
"The app is unresponsive the time when the fragments are attached. It is just like shivering. Still, I can't download the transaction history instead it just toasted me can't save. Please consider all this things. But I would recommed you to use a tab layout. This is because, consider I am using latest Samsung 🤔 device, how do you think that your app is running on other damn devices like techno and itel ? It is horrible.",3,2022-08-26,CBE,Google Play
Please add the feature used to get reset that will be printed as document after payment done via this app rather the customers uses screen shot.,5,2022-08-26,CBE,Google Play
it's very nice app,5,2022-08-26,CBE,Google Play
Really it is very important and time saving to make transaction trade benefecieries,5,2022-08-25,CBE,Google Play
Can't download or share transaction summary.,2,2022-08-23,CBE,Google Play
The app can't sync and functioning at all.,1,2022-08-23,CBE,Google Play
Owww it is very apk,5,2022-08-22,CBE,Google Play
For Easy life,5,2022-08-21,CBE,Google Play
The problem of this application is ፥ during transfer /tranzaction/pending or dliance problem that means the ricivers can't see the tranzaction at real time,1,2022-08-19,CBE,Google Play
Good but you must improve it,5,2022-08-17,CBE,Google Play
A wonderful Efficient n reliable app!,5,2022-08-14,CBE,Google Play
I was used it is good app.,5,2022-08-12,CBE,Google Play
Good app but when i want to tranfer to other banks there is ZEMZEM BANK and HIJRA BENK . add these banks.,3,2022-08-11,CBE,Google Play
i want to exercise the appl.,4,2022-08-11,CBE,Google Play
Find it so good and helpful but can't download attachment,5,2022-08-10,CBE,Google Play
Downloading,5,2022-08-10,CBE,Google Play
User friendly app. New of the kind in Ethio,5,2022-08-09,CBE,Google Play
This app is simple for uses,3,2022-08-09,CBE,Google Play
Iam very admired,5,2022-08-07,CBE,Google Play
The application is best based on the online banking system. But sometimes it shows previous balance when logging in and it confuses after making transaction,5,2022-08-07,CBE,Google Play
Its have some bugs when iam close the app its redirected to open the ap pls fix it,3,2022-08-07,CBE,Google Play
It is a good app,5,2022-08-06,CBE,Google Play
It's wonderful app Tanks befor.,5,2022-08-05,CBE,Google Play
This one of the best app for my money 😜,5,2022-08-05,CBE,Google Play
Super confused app,1,2022-08-05,CBE,Google Play
"Great app, it made my daily transactions very easy happy to have it. Kudos!",5,2022-08-03,CBE,Google Play
One of the best apps ever created. Its very beneficial I like it more,5,2022-08-03,CBE,Google Play
"Best app to transfer money ,, Very fast & update itself immediately",5,2022-08-03,CBE,Google Play
That is good,5,2022-08-03,CBE,Google Play
It very amazing app,4,2022-08-02,CBE,Google Play
Easy to use and accessable from anywhere in the world 🌎,5,2022-07-31,CBE,Google Play
amezing app,3,2022-07-31,CBE,Google Play
Its nice app. If its possible please try to add standing order option. We need it just to contribute small money in monthly basis for people in need or for spiritual things.,5,2022-07-29,CBE,Google Play
Am satisfied with this app,1,2022-07-27,CBE,Google Play
"It's good app, couse of shawing the debit & credit amount on time it's sometimes late if not I could have given it 5 star.",4,2022-07-25,CBE,Google Play
Saving money my account bank and my phone number,5,2022-07-24,CBE,Google Play
Really good app,5,2022-07-24,CBE,Google Play
Why it stucks?i cant see my balance and accunt nuber site,5,2022-07-22,CBE,Google Play
Very poor and slow.,1,2022-07-21,CBE,Google Play
It is great,4,2022-07-21,CBE,Google Play
It was best app but after updating it doesn't synchronize easily it respond null and become worest app,1,2022-07-17,CBE,Google Play
So much easy but please add CBE birr into the program.,5,2022-07-16,CBE,Google Play
Good servic,5,2022-07-16,CBE,Google Play
It is awesome,4,2022-07-15,CBE,Google Play
Good but needs further features!,3,2022-07-13,CBE,Google Play
really good app but sometimes doublicates the transaction.,4,2022-07-12,CBE,Google Play
I like it it's very nice app,3,2022-07-12,CBE,Google Play
Really great app!!!,5,2022-07-11,CBE,Google Play
user always,5,2022-07-09,CBE,Google Play
Its very important this app,5,2022-07-08,CBE,Google Play
Can't see transaction detail on android 5.0,3,2022-07-07,CBE,Google Play
The Best banking app I have ever seen in Ethiopian banking industry.,5,2022-07-06,CBE,Google Play
Best banking app,5,2022-07-05,CBE,Google Play
I love the application,5,2022-07-04,CBE,Google Play
The most intersting app service that is easy to use and operate. Excellent service.,5,2022-07-04,CBE,Google Play
"So far, it was so good. However, I am very worried since the application is so difficult to update.",5,2022-07-04,CBE,Google Play
This app is very nice and easy to use! It better to have a small size,4,2022-07-04,CBE,Google Play
Faster banking with cbe,5,2022-07-03,CBE,Google Play
I can't retrieve statements from the mobile app,1,2022-07-03,CBE,Google Play
Perfect app i love it,5,2022-07-02,CBE,Google Play
The app notification code it's not link phone or email this means if you change phone you can't access your account easily,2,2022-07-02,CBE,Google Play
Where does it store the downoaded transaction detail png?,3,2022-07-01,CBE,Google Play
CBE customer for more than 14 years,5,2022-07-01,CBE,Google Play
It is good but not update quickly,4,2022-07-01,CBE,Google Play
Easy to use !,5,2022-07-01,CBE,Google Play
Most of the times I receive text of my balance the next day.,2,2022-06-30,CBE,Google Play
Fast and secure banking app I've ever seen,5,2022-06-30,CBE,Google Play
I couldn't using this appa my phone if you fixing problem of apps Thank you,5,2022-06-27,CBE,Google Play
"it has low security system, it require too much space it dose not diserve",2,2022-06-27,CBE,Google Play
Very good APP,5,2022-06-27,CBE,Google Play
Very easy and clear to use.,5,2022-06-26,CBE,Google Play
I am Orthodox Christian but why on earth you think only Muslims use interest free accounts. Shame on you,1,2022-06-26,CBE,Google Play
It's cool even though it takes a thousand years to update.,4,2022-06-25,CBE,Google Play
"Broadly speaking, it is good app. But recently I have noticed a problem when trying to see the recent transactions it becomes very slow and sluggish even closes and also have seen this on my friends' phone. So, this should be corrected asap and speed should be core feature",4,2022-06-25,CBE,Google Play
Very poor can not updated!,1,2022-06-21,CBE,Google Play
"Its not updating properly ,not working",1,2022-06-21,CBE,Google Play
I love this app,5,2022-06-21,CBE,Google Play
It says none available,3,2022-06-20,CBE,Google Play
"I cann't speak a word. without emotion It is a nice app,keep it up by updating",5,2022-06-20,CBE,Google Play
Nice app proudly made in 🇪🇹ETHIOPIA,5,2022-06-20,CBE,Google Play
Up date ስለው አይከፍትም,5,2022-06-20,CBE,Google Play
It is easy to operat & issential app. I'm using still.,5,2022-06-19,CBE,Google Play
The App is highly secured one and easy to use.,5,2022-06-19,CBE,Google Play
The app. Is very efficient though delay in bank to bank transfer service is witnessed.,5,2022-06-19,CBE,Google Play
I love last update 🌹,5,2022-06-19,CBE,Google Play
Very reliable,5,2022-06-18,CBE,Google Play
It is a great application with full of credibility.,5,2022-06-18,CBE,Google Play
Good app need some updates,5,2022-06-18,CBE,Google Play
Onli add monthly statement page list.,5,2022-06-18,CBE,Google Play
I am satisfied with this app.,5,2022-06-18,CBE,Google Play
Better application that helps you to manage your account activities.,5,2022-06-17,CBE,Google Play
Very moderney,5,2022-06-17,CBE,Google Play
Easy to use and save time I like it,3,2022-06-17,CBE,Google Play
Best of best,5,2022-06-16,CBE,Google Play
This app makes my job easier.,5,2022-06-15,CBE,Google Play
Usefull and good apps,5,2022-06-15,CBE,Google Play
Simple&fast app.I like it.,5,2022-06-14,CBE,Google Play
I can't open it when I change phone horror!,2,2022-06-12,CBE,Google Play
It is agood app rather than other bank apps in ethiopia but the transaction limit should be in greater,5,2022-06-11,CBE,Google Play
Amazing app thanks,5,2022-06-11,CBE,Google Play
This App.Better For any Person How Use Bank,5,2022-06-10,CBE,Google Play
Really it is fast!,4,2022-06-09,CBE,Google Play
Easy to use,4,2022-06-09,CBE,Google Play
Easy and simple...i like it,5,2022-06-09,CBE,Google Play
Why does it take a day for the app to show a recent withdraw and deposit,3,2022-06-08,CBE,Google Play
Very very help me.,5,2022-06-08,CBE,Google Play
Bad service,1,2022-06-07,CBE,Google Play
Amanuale haille,5,2022-06-07,CBE,Google Play
Waw I am delighted with this app.,5,2022-06-06,CBE,Google Play
"Very productive app, i love this app.",5,2022-06-06,CBE,Google Play
Best app & latest.,5,2022-06-05,CBE,Google Play
Best App.I have used for many years.,5,2022-06-05,CBE,Google Play
Very very bad app so embarrassing,1,2022-06-05,CBE,Google Play
Very good and easy to use app,1,2022-06-02,CBE,Google Play
Poor quality,1,2022-06-02,CBE,Google Play
Love this app Couse it makes my life Easier,5,2022-06-02,CBE,Google Play
This is an amazing application. It is very easy to use and understand. CBE Thanks for making it.,4,2022-06-02,CBE,Google Play
ጥሩ አፕልኬሽን ነው ። ተጨማሪ የዲጂታል ከረንሲዎችን ማስተናፐድ እንዲችል ቢሆን ደግሞ ጥሩ ነበር።,5,2022-06-01,CBE,Google Play
"Simple, clear, smart and easy. Download right now and use it.",4,2022-06-01,CBE,Google Play
"I would have given the app 5 stars if the download or share function of the last transaction confirmation is working. I wonder why you desabled it as I repeatedly obliged to screenshot the confirmation. If I were you, enable is as even pdf file to print and file. I hope you will correct by updating it.",4,2022-05-30,CBE,Google Play
"Best Mobile Banking App, easy and Clear to use.",5,2022-05-29,CBE,Google Play
Easy beautiful design,5,2022-05-28,CBE,Google Play
Very nice App,5,2022-05-27,CBE,Google Play
It is good application.,1,2022-05-27,CBE,Google Play
The Best And Suitabel And Easy To Use,5,2022-05-26,CBE,Google Play
No mobile app like this. Really an amazing,5,2022-05-26,CBE,Google Play
It was good until I have many transactions then it started to stack and lagg,2,2022-05-26,CBE,Google Play
"The app overlaps on other apps after closing, please bring some improvements. The rest is best.",5,2022-05-25,CBE,Google Play
ለመጠቀም በጣም ቀላልና አመቺ ነዉ!,5,2022-05-25,CBE,Google Play
Very atractive app,5,2022-05-25,CBE,Google Play
"I'm blind. I have been using this service since 2008 EC. More or less both versions are accessible to our screen reader, talkback. However, after updating the app, its account tab couldn't display second account which is connected via CBE account. Secondly after transfering money, it shows save and share options but doesn't work.",3,2022-05-23,CBE,Google Play
"Very disappointing, it doesnt order transaction correctly, it randomly switches the orders everytime you refresh it, it sometimes shows wrong dates. Very unorganized.",1,2022-05-23,CBE,Google Play
It performs two transaction with just one request....በጣም ቆሻሻ የሆነ app nw የእዉነት,1,2022-05-23,CBE,Google Play
It's good app.,5,2022-05-22,CBE,Google Play
Can't update or syinc transactions,1,2022-05-22,CBE,Google Play
This is very good app; Thank you developers!,5,2022-05-20,CBE,Google Play
Good easy and fast,5,2022-05-20,CBE,Google Play
አፑን ስጠቀም የመጀመሪያዬ ነው ..... This is one of the most user friendly app that i have ever been using on my phone ..... I wish i could give you not 5* but 55* ...keep it up !!,5,2022-05-20,CBE,Google Play
CBE is the best!,5,2022-05-19,CBE,Google Play
Quick and easy to you it.. I liked it,5,2022-05-18,CBE,Google Play
It is best app but samtime busy,5,2022-05-16,CBE,Google Play
Smart app Thanks 👍👍👍,5,2022-05-16,CBE,Google Play
Very best App,5,2022-05-15,CBE,Google Play
Fast and time saving app.,5,2022-05-14,CBE,Google Play
Sometimes it's busy the remain is good,4,2022-05-13,CBE,Google Play
"If I could go lower, I would. Don't trust it when it says transaction failed.",1,2022-05-10,CBE,Google Play
"this is the best ethiopia application to transfer money account to account, bank to bank, pay bills, recharge your mobile card",5,2022-05-09,CBE,Google Play
"I gave 1 star, because to get verification number must go to branch. Now day technology is developing by speed of light. Please make it register and usable without going branch. The i will give 5 star.",1,2022-05-08,CBE,Google Play
"It is very interesting and useful app, it make easy process of finacial transaction, i like it",5,2022-05-08,CBE,Google Play
Useful and synchronized fast.,4,2022-05-08,CBE,Google Play
I like the app but sometimes it gives you error message but the transfer was done even no notification so i thought not transferred so i do transfer again so i do double transfer Please improve this,3,2022-05-06,CBE,Google Play
ገንዘብ ከአካውንት ወደ አካውንት የሚያስተላልፉ ሰዎቸን ስም ወይም ስልካቸውን ብናገኝ እንደ ቤተክርስቲያን ደረሰኝ ለመስጠትና ለማመስገን ይረዳናል ።,4,2022-05-05,CBE,Google Play
"It is best application for banking system. Because it's save time, and make easy all things like, paying for other, transferring mobile charging and etc... But it's good if you add mini statement option like tele birr app, it's make full.",4,2022-05-05,CBE,Google Play
Very easy to use.,5,2022-05-05,CBE,Google Play
It was good app I like it.,4,2022-05-05,CBE,Google Play
Stopped showing received or deposits recently.,3,2022-05-05,CBE,Google Play
Best app to use,5,2022-05-04,CBE,Google Play
Every time it needs to reconfiger by physical presentation. Why online access is not given to the user?,2,2022-05-04,CBE,Google Play
"First of all you need to be given a pin from a commercial bank, next you must have your bank book with you in order to be given the pin code. So I never got to use it, I just didn't want it that bad.",1,2022-05-02,CBE,Google Play
"You have to go to the bank branch to activate the app where there is the worst customer service, after the activation the app lags so much that i had to uninstall it to restart it again. Know it asks to go to the bank again to activate it.",1,2022-05-01,CBE,Google Play
Am a postgraduate student. it has eased my life here .,5,2022-04-29,CBE,Google Play
Really Simple and Secured,5,2022-04-25,CBE,Google Play
It has simply simplified my life..i love it.,5,2022-04-25,CBE,Google Play
very very nice app but it's Not done by simple network,4,2022-04-25,CBE,Google Play
It's the perfect app for online mobile banking,5,2022-04-22,CBE,Google Play
Exceptionaly Good!!,5,2022-04-22,CBE,Google Play
Excellent and simple app than all available apps,5,2022-04-20,CBE,Google Play
It would be really awesome if it had an export to csv file option on recent transactions.,4,2022-04-20,CBE,Google Play
Easly And Vergood App Thanks CBE From Shilabo Ethiopia Somali Regional State,5,2022-04-19,CBE,Google Play
Best bank of Ethiopia good,2,2022-04-19,CBE,Google Play
Immaculately designed for the target group.,4,2022-04-17,CBE,Google Play
Difficult to link two accounts,2,2022-04-15,CBE,Google Play
That's a good app but it 's more fun if you add features like weekly report download in PDF and that's why I gave you 4⭐.,4,2022-04-14,CBE,Google Play
"Is very important APP used at a time T, anywhere. Thanks",5,2022-04-13,CBE,Google Play
Its good to taransfer,4,2022-04-13,CBE,Google Play
Thanks CBE!,5,2022-04-13,CBE,Google Play
Best mobile banking App,5,2022-04-12,CBE,Google Play
This app makes it easy to make transaction,4,2022-04-12,CBE,Google Play
Not helpful,1,2022-04-10,CBE,Google Play
በጣም አሪፍ ሲስትም ነው በርቱ,5,2022-04-09,CBE,Google Play
"It is very good, it make my life easy !!",4,2022-04-08,CBE,Google Play
Bdry good app and functional system,5,2022-04-07,CBE,Google Play
It's a nice app & works properly.,5,2022-04-07,CBE,Google Play
"It app so bad for it can't update review recent send,others thing the service are so poor",1,2022-04-06,CBE,Google Play
Fast and accurate,5,2022-04-06,CBE,Google Play
Exelent app it's very help full,5,2022-04-05,CBE,Google Play
"I am a biginer, too early to comment",5,2022-04-05,CBE,Google Play
Great 👍 👌 👍 App,5,2022-04-05,CBE,Google Play
"I appreciate the effort you put in this application, but for commercial bank employees, you should include staff who speak the language spoken by the customers, depending on the location of the bank, in particular, the Somali region thank you. ለንግድ ባንክ ሰራተኞች ግን ደንበኞቹ የሚናገሩትን ቋንቋ የሚናገሩ ሰራተኞችን ማካተት አለቦት እንደ ባንኩ አካባቢ በተለይም የሶማሌ ክልል እናመሰግናለን።",3,2022-04-04,CBE,Google Play
"Unreliable,slow app with childish interface. Learn from other banks such as BoA to design your app and try to add more functionality.",1,2022-04-04,CBE,Google Play
Really I am happy by this app is to use and time wise insted of go bank I use my phone to transfer money.,5,2022-04-04,CBE,Google Play
How do I register what do I need am new customer ?,3,2022-04-04,CBE,Google Play
Not fun.....not lively Its 2022 and counting u guys suck,1,2022-04-04,CBE,Google Play
It's good application but sometimes can't work properly!,3,2022-04-03,CBE,Google Play
"It is a great app, I like it!",5,2022-04-02,CBE,Google Play
Not seen money send to agent why?,5,2022-04-01,CBE,Google Play
It is very useful app I like it to use,1,2022-04-01,CBE,Google Play
"Have been using it for 2 years, the new update is even better. Best MB app",4,2022-04-01,CBE,Google Play
Wow very good app i like,5,2022-03-31,CBE,Google Play
Not always good It is helpfull,5,2022-03-29,CBE,Google Play
አንድ ጊዜ ታዞ ሁለቴ ያስተላልፋል አረ አስተካክሉት,4,2022-03-29,CBE,Google Play
Very good. App,4,2022-03-28,CBE,Google Play
The best and secured app thank you!,5,2022-03-28,CBE,Google Play
After everything done it can't save and share the transactions receipt,3,2022-03-28,CBE,Google Play
A must have apps.,5,2022-03-28,CBE,Google Play
"It's good app, it is simple to use. It would be better if there was more recent records on the ""recents"" toolbar. It is only about 17 deposit and withdrawal recent records displayed to the user while others are deleted automatically.",4,2022-03-28,CBE,Google Play
I like the apps,5,2022-03-27,CBE,Google Play
Fantastic it's nice to using internationally network to developing world-wide.,4,2022-03-27,CBE,Google Play
Wow! This is how to make life easier!,5,2022-03-25,CBE,Google Play
its good app but the main problem of this app is When you change your phone or restore it you should go bank to instill the up again so imagin any time if you want change your phone you should go bank.thats to bad.,1,2022-03-25,CBE,Google Play
Great and I am happy especially using it from abroad.,5,2022-03-25,CBE,Google Play
The app should have FAQ SO THAT THE APP DESCRIBES HOW TO USE SPECIALLY TRANSACTION ISSUES LIKE LIMITATIONS,3,2022-03-24,CBE,Google Play
Experience for free of charge payment,5,2022-03-22,CBE,Google Play
"It's a great app. I've been using this app since the bank launched it. As a long-term user, I would like to point out things that need to be improved. 1. Deleting money transfer history should be the user's choice. 2. There should be an option to download an in-depth transfer history for each transfer activity , just as there is posiblity to download a single time transfer recit. Do that and get 5 star.",3,2022-03-18,CBE,Google Play
Tell us more,5,2022-03-18,CBE,Google Play
Useless up for payment purpose,1,2022-03-18,CBE,Google Play
Easy to use v good,5,2022-03-18,CBE,Google Play
"Its amazing app , i like it specifically updated version is to smart . WOW CBE. But users have to Login without of goingto Bank after first registration . In this app If User was change His phone or uninstall app Hi have to go bank to use again, this is not good :: if this problem was fixed This app wasn't Any - comments. This is my feedback Thanks",5,2022-03-18,CBE,Google Play
It is very useful app that easer to use,5,2022-03-17,CBE,Google Play
Fetching transactions is very slow and makes the whole app stacked.,3,2022-03-16,CBE,Google Play
Very nice app,5,2022-03-15,CBE,Google Play
Easy to use. I love it !,5,2022-03-15,CBE,Google Play
It would be more help full if you can login with two of your accounts,3,2022-03-15,CBE,Google Play
It is easy and safe application,5,2022-03-11,CBE,Google Play
Deducting 2times the same order starting from march7and 8 it is difficult to use mobile banking,2,2022-03-11,CBE,Google Play
I am interested in the application.,5,2022-03-10,CBE,Google Play
I am comfertable with the sevice upto this time. But wish the service be applicable without internet connection. If this is possible more custemers benifits.,4,2022-03-10,CBE,Google Play
is the best,1,2022-03-10,CBE,Google Play
"I can;t see my account, I can;t send it, it;s just a search, it doesn;t open",1,2022-03-09,CBE,Google Play
easy for life,5,2022-03-08,CBE,Google Play
Wow makes my Business Smarter and Faster. Thank you for Details.,5,2022-03-08,CBE,Google Play
"1. Withdrawal messages are not received regularly 2. Apps need to be more friendly use in terms of operation, 3. Apps lack some advanced security features, Additional comment: 4. Now that we are using modern technology, requirements for Bank Book should fade away with time. Some Branch offices do not entertain customers w/out Bank Book. Thanks and best regards",3,2022-03-08,CBE,Google Play
Very convenient,5,2022-03-07,CBE,Google Play
"Please improve your transferring systems , ??👍",4,2022-03-07,CBE,Google Play
Easy to use,5,2022-03-06,CBE,Google Play
I'm satisfied,5,2022-03-06,CBE,Google Play
Excellent app,4,2022-03-06,CBE,Google Play
I like z app so much,4,2022-03-06,CBE,Google Play
Some time the connection is busy Plz try to solve only these,1,2022-03-05,CBE,Google Play
This doesnt even deserve any star. I havent seen any thing like it. Not only that but also the ones working in the bank dont even have a clue what to do about it. They got confused like me and ask me questions that they have to answer wow so much incomptency i have seen today. Wow,1,2022-03-05,CBE,Google Play
"Terrible! I had to use it to pay for my service at Document Authentication & Registration office. I hit confirm it says try again & I hit confirm again & it ends up sending the money twice. Then I had to write a letter to the office to get my money back & it is been more than 2 weeks but I didn't get my money back yet. I talked the issue to my branch they said you are lucky the issue is with a gov't office, they would do their accounting and return your money, but there is nothing they can do.",1,2022-03-05,CBE,Google Play
How can i get akey word of this app.?,5,2022-03-04,CBE,Google Play
This app made simple my life.,5,2022-03-03,CBE,Google Play
Does not work,1,2022-03-03,CBE,Google Play
Make life easy,5,2022-03-02,CBE,Google Play
"It is good service, but the service charge is not fair. I prefer to get the service in physical or ATM unless otherwise diffulty case happened.",2,2022-03-02,CBE,Google Play
"Its hard to trust this application coz while transfering money it transfers two times to the same account after only one transfer click and sometimes it says error but it actualy have transfered the money, so i only use it if it is mandatory unless its better to go to the bank, so it still doesn't solve the problem not to go to the bank, i am sure it have some systematic errors",1,2022-03-01,CBE,Google Play
Fast&relaible!,5,2022-03-01,CBE,Google Play
Stops working while u want to use most of the tíme. Please fix the bugs.,4,2022-02-28,CBE,Google Play
I don't see any options for outside of the country users.,5,2022-02-27,CBE,Google Play
ሁሉንም አገልግሎችን በተቀላጠፈና በአመቺ ሁኔታ ለማግኘት የሚያስችል መተግበሪያ ነው።,5,2022-02-27,CBE,Google Play
Well organized apo,5,2022-02-26,CBE,Google Play
ብዙም ፈጣን አደለም ያስበላል ፍጥነቱ ያናደኛል በጣም.... እና ቢስተካከል መልካም ነዉ,3,2022-02-26,CBE,Google Play
I love it. I can make easy transaction.,4,2022-02-26,CBE,Google Play
This app is very easy to use and I interest it,5,2022-02-26,CBE,Google Play
Good Application,5,2022-02-26,CBE,Google Play
Can't use the application since two weeks. I am outside Ethiopia but not able to transact. It is a disaster,2,2022-02-25,CBE,Google Play
The only best app from cbe's tech,5,2022-02-25,CBE,Google Play
excelent App,5,2022-02-24,CBE,Google Play
It doesn't show me my number as well as my amount its always loading and its never stop that.,1,2022-02-23,CBE,Google Play
This app doesn't work on my Samsung J6.,1,2022-02-23,CBE,Google Play
Thanks for the update as it eradicates several errors but my concern is that I couldn't download or send the transaction detail after a transfer/yransaction is made.,4,2022-02-23,CBE,Google Play
Scheme of further security is no doubt good,2,2022-02-22,CBE,Google Play
Awesome app,4,2022-02-21,CBE,Google Play
Very interesting application,5,2022-02-20,CBE,Google Play
Simple and easy to use.,5,2022-02-20,CBE,Google Play
Very bad application which can not working properly.,1,2022-02-20,CBE,Google Play
Interesting,5,2022-02-19,CBE,Google Play
Giddugaleessatti bareedadha,3,2022-02-19,CBE,Google Play
The best app 👌 I love it easy to use,5,2022-02-18,CBE,Google Play
Not working regularly,3,2022-02-18,CBE,Google Play
After i update it's very slow and not working good,2,2022-02-18,CBE,Google Play
Failed to use mobile banking,5,2022-02-18,CBE,Google Play
Its good. I like it,4,2022-02-17,CBE,Google Play
Can't refresh and display balance even. No proper updates maintainance. Update fail many times. Too much lag,1,2022-02-16,CBE,Google Play
Very satisfying app,5,2022-02-16,CBE,Google Play
App says phone is rooted while it's actually not after the update. Devs please fix this issue,1,2022-02-16,CBE,Google Play
The best way,5,2022-02-16,CBE,Google Play
Excellent👏👏👏⚫️🔴⚪️,5,2022-02-15,CBE,Google Play
easy to use,5,2022-02-15,CBE,Google Play
It's just very exlent apo,3,2022-02-15,CBE,Google Play
Very amazing app,5,2022-02-15,CBE,Google Play
Always....busy Cant sync is common problem,5,2022-02-15,CBE,Google Play
Such a nice,5,2022-02-15,CBE,Google Play
App not down load why,1,2022-02-15,CBE,Google Play
I have use for every purpose. It save me time and the app is a pocket money for me.,5,2022-02-15,CBE,Google Play
Hi Cbe the updeted app is still not instoled becouse app problem...,1,2022-02-15,CBE,Google Play
"This update amezed me , its possible to send money across different banks wow . thanks",5,2022-02-15,CBE,Google Play
It shows Sinc finished but no Money figures shown on the page. I coudn't see or use the money i have in the Bank.,4,2022-02-15,CBE,Google Play
it is very fast and simple to use.,5,2022-02-14,CBE,Google Play
remarkable improvement,5,2022-02-14,CBE,Google Play
The last one week the App is not working even after updating not working please give some solution,1,2022-02-14,CBE,Google Play
"Everything is perfect, but the transfer history must show the account owner(sender or the receiver)",5,2022-02-14,CBE,Google Play
Once you update this application it will stop working even the staff at cbe branch can't fix it.,1,2022-02-14,CBE,Google Play
Very a good,5,2022-02-14,CBE,Google Play
Not good enough for transfer funds to hellocash or rays microfinance.,5,2022-02-14,CBE,Google Play
The app is very helpful,4,2022-02-14,CBE,Google Play
Very 🤞 apps,1,2022-02-14,CBE,Google Play
Thank you for everything,3,2022-02-14,CBE,Google Play
"Wow it is really easier way to communicate business men , even it is more than Front CBE servant.",4,2022-02-14,CBE,Google Play
good but sometimes system is sometimes hard,3,2022-02-14,CBE,Google Play
It is not working still now,1,2022-02-13,CBE,Google Play
By my self it is very nice i hope you will add another options!!,4,2022-02-13,CBE,Google Play
"I have a lot of experience ,some of them are:- 1. Being a teacher, 2. Being member of Air Force , 3. Being Sport coach",5,2022-02-13,CBE,Google Play
App kana jaaladhe,1,2022-02-13,CBE,Google Play
Easy & Perfect app,5,2022-02-13,CBE,Google Play
Have nice!!!,5,2022-02-13,CBE,Google Play
very funtestic,5,2022-02-13,CBE,Google Play
ጊዜችንን በአግበቡ ለመጠቀም ምርጥ የሆና አፕ,5,2022-02-13,CBE,Google Play
"Wow, its easy to use",5,2022-02-13,CBE,Google Play
I love this app!!,5,2022-02-13,CBE,Google Play
The problem that I have seen is some of the branches specially out of Addis Ababa doesn't have a know how about this application to authenticate it,4,2022-02-13,CBE,Google Play
This app is very useful,3,2022-02-13,CBE,Google Play
The app is good but it needs some improvment. It is better to enable two accounts within one mobile to work with in a single app by switching out.,3,2022-02-13,CBE,Google Play
It's recommended to use this any other banking system,5,2022-02-13,CBE,Google Play
"this a wonderful app, use it and it will help u a lot.",5,2022-02-13,CBE,Google Play
Good. Keep it up!,4,2022-02-12,CBE,Google Play
"Good app. Can you add option to print or save ""Recent Transaction page"".",5,2022-02-12,CBE,Google Play
Very good service,5,2022-02-12,CBE,Google Play
It is good App I like fast,4,2022-02-12,CBE,Google Play
Very simple and satisfying app,5,2022-02-12,CBE,Google Play
Good app but not fast,4,2022-02-12,CBE,Google Play
"Excellent application. 1. It lacks currency exchange rate. 2. It says ""error"" but transfer the birr which biase customers. Please solve the above issues.",4,2022-02-12,CBE,Google Play
Easy to use,5,2022-02-12,CBE,Google Play
Easy time saver and reliable for modern life !!,5,2022-02-12,CBE,Google Play
The one leads the ethiopian economy is commercial bank of Ethiopia am very satisfied with this service and customer let be customers I invest in,5,2022-02-12,CBE,Google Play
Not working properly. Can not synchronized the current status,1,2022-02-12,CBE,Google Play
I used to do everything with it but now it says can't sync. I can not do anything with it now. I'm having difficulties. Please try to fix it,1,2022-02-12,CBE,Google Play
Very nice!!!!!!!!!!!!!!!!!,5,2022-02-12,CBE,Google Play
Fast and easy to use,5,2022-02-12,CBE,Google Play
"It worked fine until I have received an SMS with a link to update the app, it directs me to play store having Open and uninstall options which when I choose open kept bringing me back to the interface of the app I already have.",1,2022-02-12,CBE,Google Play
Sometimes there is a problem of synchronization.,4,2022-02-12,CBE,Google Play
It's good to have this app for easy use,5,2022-02-12,CBE,Google Play
Simple and friendly,5,2022-02-12,CBE,Google Play
Greatest one ever I never see before,5,2022-02-12,CBE,Google Play
I like it 👍,5,2022-02-12,CBE,Google Play
Nice and easy app,5,2022-02-12,CBE,Google Play
It's just good and secured application,5,2022-02-12,CBE,Google Play
need to be improved,3,2022-02-12,CBE,Google Play
"Very good application. However, recently, it is not working properly. Refusing to transfer money to telebirr and other accounts.",5,2022-02-12,CBE,Google Play
Simple & easy!,5,2022-02-12,CBE,Google Play
Excellent app,5,2022-02-12,CBE,Google Play
Is for work,5,2022-02-12,CBE,Google Play
Thanks more,5,2022-02-12,CBE,Google Play
.Sorry.not Tsedeneya But Eden. Thanks.,5,2022-02-12,CBE,Google Play
The Bank you always rely on!,5,2022-02-12,CBE,Google Play
It wouldn't sync usually.,5,2022-02-12,CBE,Google Play
The best of best,5,2022-02-12,CBE,Google Play
Really wonderful. Facilitates Hassle free operation.,5,2022-02-12,CBE,Google Play
Makes life simple,5,2022-02-12,CBE,Google Play
Thanks for this multiple purpose app,4,2022-02-12,CBE,Google Play
It is friendly app,5,2022-02-12,CBE,Google Play
almost every day,5,2022-02-12,CBE,Google Play
The service is very efficient and user friendly.,5,2022-02-12,CBE,Google Play
Great app. Pls continue,5,2022-02-12,CBE,Google Play
"it doesn't update status in any network i don't know where it work, please fix this problem it does't work at all",1,2022-02-12,CBE,Google Play
"It is the best mob.banking app, i ever used.",5,2022-02-12,CBE,Google Play
Good app We love it,4,2022-02-12,CBE,Google Play
"I'm very interested in this app, easily and friendly to use Im so happy of using it, and thank you for update information.",5,2022-02-12,CBE,Google Play
.... nice app,5,2022-02-12,CBE,Google Play
An interesting digital platform,5,2022-02-12,CBE,Google Play
it's very good cbe,5,2022-02-12,CBE,Google Play
በኮቪድ ምክንያት እንቅስቃሴዬ በተገደበበት በዚህ ወቅት የተለያዩ ክፍያዎቼን ለመፈጸም ቀላል ያደረገልኝ መተግበሪያ (አፕሊኬሽን) ነው።,5,2022-02-12,CBE,Google Play
"Do proud of my people in CBE , the developers Great mobile app !!!!",5,2022-02-12,CBE,Google Play
excellent service,5,2022-02-12,CBE,Google Play
Until now it is not functional,1,2022-02-12,CBE,Google Play
For me it was really comfortable 😌,5,2022-02-12,CBE,Google Play
"This is an excellent app. However, it did not work offline please work on it.",5,2022-02-12,CBE,Google Play
I am using it 1.5 years ago it is so nice.,5,2022-02-12,CBE,Google Play
It is very nice and professional 👌,5,2022-02-12,CBE,Google Play
tiru nw mizu amarach alew,4,2022-02-12,CBE,Google Play
i like the services,1,2022-02-12,CBE,Google Play
This App ir really helpful and easy. Thank you CBE,1,2022-02-12,CBE,Google Play
Easy to use!,4,2022-02-12,CBE,Google Play
Please Ethiopian electric opethio all,5,2022-02-12,CBE,Google Play
Ever loved apps software for transaction timely and with speed. But the activation key process should be improved.,4,2022-02-12,CBE,Google Play
እስካሁን ስጠቀመው ምንም ግራ ያጋባኝ ነገር አላገኘሁበትም፣ በተለው ክፍያዎችን ለመከወን በጣም ተመችቶኛል። ወደ ሌላ ባንክ ለመላክ ግን ቴሌ ብር በጣም ይበልጠዋል።,5,2022-02-12,CBE,Google Play
It is fast and saves my time to make payments.,4,2022-02-12,CBE,Google Play
"I am using it for a year. And the app is easy and fast, Use it.",5,2022-02-12,CBE,Google Play
ብራንች ድረስ መሄድ ምን አስፈለገ verified ለማድረግ sms መላክ ትችላላችሁ እኮ ሰዎች,1,2022-02-12,CBE,Google Play
This is awesome,5,2022-02-12,CBE,Google Play
Excellent application.,5,2022-02-12,CBE,Google Play
"Thank you for easing the life and making our business modern ,easy and reachable.",5,2022-02-12,CBE,Google Play
I got a text message i need to update this app with a link.but nothing here. Are u crazy.,1,2022-02-12,CBE,Google Play
These is the most rediculous app i have ever seen in my life! You ahould just remove it from play store.,1,2022-02-12,CBE,Google Play
"it's good and easy app,i like it",4,2022-02-12,CBE,Google Play
Cannot update,4,2022-02-12,CBE,Google Play
"The Most worrying thing of this Application is, while you confirm Transfer and hit ok, it prompted ""Connection error"" but actually if you see your balance the transfer was already done. This is serious bugg which you need to update and make security amendment's. I personally send twice one day , if the reciepent wasn't kind enough, imagine what will happen. Serious problem which needs Attention.",3,2022-02-12,CBE,Google Play
"U redirect me here to update the app, but there is no an update rather to open it and the app is not working. Unable to sync, pls go througn it.",4,2022-02-12,CBE,Google Play
Very bad experience,1,2022-02-12,CBE,Google Play
Easy to use everywhere,5,2022-02-12,CBE,Google Play
"Some buttons get stuck, like the transfer button",2,2022-02-12,CBE,Google Play
Sometimes get stack!!!,5,2022-02-11,CBE,Google Play
Verification key sucks after installing again,1,2022-02-11,CBE,Google Play
"Nice app, I live abroad and I was managing transactions using the app since last 4 months. but now after 3 4 days onward, I couldn't access it. pls any one can help me with this?",4,2022-02-11,CBE,Google Play
"Currently not working, but was a great app!",2,2022-02-11,CBE,Google Play
The app is not functioning for me. Please assist.,4,2022-02-11,CBE,Google Play
"It said, always poor network, poor network....... even the network is there. You grilled us!!",1,2022-02-11,CBE,Google Play
WiFi integrated is not worked,1,2022-02-11,CBE,Google Play
WI-FI and Mobile data integration is nope! Other updates not worked on Sysy ...,2,2022-02-11,CBE,Google Play
Its so nice,5,2022-02-11,CBE,Google Play
Best in everything.,4,2022-02-11,CBE,Google Play
"Though the app is a better enough in its service till now, now we can't access the service as it tells us no network and sync , thus please update it",1,2022-02-11,CBE,Google Play
Tipical app,5,2022-02-10,CBE,Google Play
"Some what good,it's so dormant l don't known the reason why",1,2022-02-10,CBE,Google Play
I thanks again,5,2022-02-10,CBE,Google Play
Very good but latley has been some glitchs,5,2022-02-10,CBE,Google Play
Disappointing! I lost my phone so I went to a CBE branch to reactivate it (unnecessary imo) waited for 2 hours to receive the verification key for it to be useless and invalid.,1,2022-02-10,CBE,Google Play
Can't download,1,2022-02-09,CBE,Google Play
This app is loser app I ever seen.this app is it's not working in verification code.the verification code is not sending!!!😡😡😤,1,2022-02-07,CBE,Google Play
I dont wanna give even one star it's annoying,1,2022-02-07,CBE,Google Play
"Currently the app is not working becuase I think they forgot to update it. It always shows'sync failed''. And there is no customer service online. People living abroad are having problems. It is a big shame. It is very annoying and not user friendly, People are using CBE just becuase salary is transferd there. The app is a total failur.",1,2022-02-06,CBE,Google Play
Very interested,1,2022-02-06,CBE,Google Play
"Its easy and safe, I like it.",5,2022-02-05,CBE,Google Play
"Great app, thank you cbe! You make my life easy!",5,2022-02-05,CBE,Google Play
Sometimes it's too annoying 🙄.,4,2022-02-05,CBE,Google Play
Very exelent,5,2022-02-04,CBE,Google Play
Good App !!!!,5,2022-02-04,CBE,Google Play
Not working,1,2022-02-04,CBE,Google Play
"My internate banking is not allowing me to transfer to another bank. While having this app, the application asks me to contact a nearby nmbranch. Don't save your money trysting this application. It is so bad! It doesn't even have help icon included. I dislike this up.",1,2022-02-04,CBE,Google Play
System stopped suddenly from working. Very unreliable system which fails when you need it.,2,2022-02-04,CBE,Google Play
I like the app,5,2022-02-03,CBE,Google Play
It works perfectly,5,2022-02-03,CBE,Google Play
It's easy to use and accessable,5,2022-02-03,CBE,Google Play
Users should have verified themselves without the need to go in branch.,3,2022-02-02,CBE,Google Play
Well organized and easy access keep it up and also wish all the best......,5,2022-02-02,CBE,Google Play
It is nice have to ATM withdrawal on mobile banking,3,2022-02-01,CBE,Google Play
Excllent app fast,5,2022-02-01,CBE,Google Play
Excellent App,5,2022-02-01,CBE,Google Play
It's very fast and reliable,4,2022-02-01,CBE,Google Play
minizarie ayasayim,5,2022-01-31,CBE,Google Play
Very good up. Would be greate if there is a pdf download feature for transfers,4,2022-01-31,CBE,Google Play
ባንክ ከሚያስተናግዱን የተሰላቹ ባንከሮች እጅግ በጣም በተሻለ መንገድ ይሄ አፕ አገልግሎት ይሰጣል።,5,2022-01-30,CBE,Google Play
I really love it,5,2022-01-29,CBE,Google Play
They don't deserve even half star The worst bank I ever use it.,1,2022-01-28,CBE,Google Play
Very satisfying!,5,2022-01-28,CBE,Google Play
All good except the inability to rotate when rotates my phones.,4,2022-01-24,CBE,Google Play
It's amazing,5,2022-01-21,CBE,Google Play
CBE My# Best aps.,3,2022-01-21,CBE,Google Play
I really loved this app. So much easy and make my transaction's and payment's easy. Great app 👍,4,2022-01-20,CBE,Google Play
It always need to go the branch that you open first time to solve errors.,1,2022-01-19,CBE,Google Play
Very easy to use.,5,2022-01-19,CBE,Google Play
Woow!!it's very good app to done your job and it is help us any deposits‚withdrow and transfer details,5,2022-01-19,CBE,Google Play
I too like the service of this app it is the special service for all,5,2022-01-18,CBE,Google Play
Adil Ziyaad CBE mobile,1,2022-01-18,CBE,Google Play
Wenderfull I Love It!!!!!!!!,5,2022-01-17,CBE,Google Play
Excellent app,5,2022-01-17,CBE,Google Play
Online banking services በጣም ጥሩ ነው። የATM services እንደ አማራጭ ጥሩ የሚባል ነው ነገር ግን በአብዛኛው ማለት ይቻላል አለም ባንክ እና አንፎ ቅርንጫፎች ያሉት ኤቲኤም ማሽኖች ገንዘብህን ይቆርጣሉ ግን ብር አይሰጥህም የተቆረጠውም ገንዘብ ወደ አካውንትህ ከሳምንታት ቦሀላ ይመለሳል፤ ሌላው አብዛኛው CBE Customer service ላይ የሚሰሩ ስራተኞች ፊትለፊት ላይ ቁጭ ይላሉ ነገር ግን ስራ አይሰሩም በጣም ጥቂቶቹ ለደንበኛ አገልግሎት ይሰጣሉ በጣም አሳፋሪው ነር ደግሞ ማናጀሮቻቸውም ብዙ ደንበኞች አግልግሎት ፈልገው ቆመው እርሱም መፍትሄ ከመስጠት ከጀርባ ሆኖ ያዮሃል ይህ ችግር በአብዛኛው የCBE ላይ አለ በተለይ አንፎ ቅርንጫፍ ላይ ይብሳል,3,2022-01-13,CBE,Google Play
Not working all of a sudden. I do not even know who to call to fix the bug. Disappointed as usual. I believe I need to visit the Branch to get the app fixed. Come on guys! It is not a car we are in 2022 for God sake. .,2,2022-01-13,CBE,Google Play
"Easy to use, but it is not functional always.",5,2022-01-11,CBE,Google Play
"It is really amazing app, it makes everything easy ...",5,2022-01-08,CBE,Google Play
After updating The app says This Device is rooted. You can't use this app. But my phone is not rooted I don't think it works on Android 11. Please fix it,1,2022-01-07,CBE,Google Play
Hmmm... I like it,5,2022-01-06,CBE,Google Play
I can't transfer money from other country .,1,2022-01-05,CBE,Google Play
This is the best app l used till now .,1,2022-01-05,CBE,Google Play
በጣም ሀሪፍ ደስስስስስ የሚል,5,2022-01-04,CBE,Google Play
"Good, only attachement download is not working",4,2022-01-04,CBE,Google Play
Great App. I wonder why do I need CBE Birr when this app works pretty good and exceedingly convenient. There were bugs but it seems like they are now addressed.,4,2022-01-04,CBE,Google Play
"Isn't there an IT professional in Ethiopia who can solve the problem of downloading the app? it's been 3 days since I've been trying to download the app. You're losing business, big time. I am so disappointed I don't even have words to express how frustrated I am. Please fix it.",1,2022-01-01,CBE,Google Play
Good system,4,2022-01-01,CBE,Google Play
This app best of the best,5,2021-12-31,CBE,Google Play
It was working good from ET and outside the country but after recent update. No more working!,2,2021-12-29,CBE,Google Play
Nice to see more transactions BUT if u have lots of transaction it lags and becomes slow. May be an option to limit the transaction history to a reasonable amount or by date so it doesnt load all data.,5,2021-12-29,CBE,Google Play
"Wowww, With my own mistake i was saying it works only Werkamaw Bank. But now i got real point and it works for me also Finfine Bank. I am so happy. I am doing any thing what i want very easly from out of Ethiopia. simply it is really Fantastic very usefull. Thanks our CBE Banking system",5,2021-12-27,CBE,Google Play
So Far so Good. Needs work on showing better transaction history.,5,2021-12-25,CBE,Google Play
It's a good app but I have two suggestions. It would be nice if it had an option to change between our own accounts. The option for downloading and sharing transactions that we have made does not work,4,2021-12-24,CBE,Google Play
Good user experience. Your backbend requires more work in terms of availability though.,5,2021-12-24,CBE,Google Play
Very useful and easy to use.,5,2021-12-22,CBE,Google Play
It is best to make your financial activities .and please do your best again .,5,2021-12-22,CBE,Google Play
It is very simple to use and have almost all kinda online services. Am very satisfied with this app.,5,2021-12-21,CBE,Google Play
Interesting,2,2021-12-21,CBE,Google Play
It has improved much since I reviewed last time.,4,2021-12-20,CBE,Google Play
Very best app thanks CBE,5,2021-12-19,CBE,Google Play
The app is working despite limited connectivity. I tried it from USA and satisfied. Keep it up to remain in the fierce competition!,4,2021-12-19,CBE,Google Play
It will be good to show the balance rather than only showing recent transaction.,1,2021-12-19,CBE,Google Play
የሚተማመኑበት ባንክ ወረፋ ዜሮ አድርጉ 951 የጥሪ ማዕከላችሁን ለማግኘት በፀሎትም አይሆንም,5,2021-12-18,CBE,Google Play
It's best app,5,2021-12-18,CBE,Google Play
ምርጥ መተግበሪያ ነው ፣ ብዙ ነገር ነው ሚያቀለው። እንደ ቴሌ እና መብራት ኃይል ወርኃዊ የአገልግሎት ክፍያ ስንከፍል ሒሳብ ከሌለብን 0.0 ቢያሳይ ጥሩ ነበር።,5,2021-12-17,CBE,Google Play
"Great app, it like bank on my hand",5,2021-12-15,CBE,Google Play
"it is nice app,but it must have an option to add an other cbe account for multi account users",5,2021-12-14,CBE,Google Play
Nice app well done,5,2021-12-13,CBE,Google Play
This is very good app 👏 👌 👍,5,2021-12-13,CBE,Google Play
It's a very good and helpful mobile banking app when compared with other local banking apps. Thank you!,5,2021-12-12,CBE,Google Play
Very nice app,5,2021-12-12,CBE,Google Play
Easy to use,5,2021-12-09,CBE,Google Play
Good application but you have to incorporate Paperless bank statement obtaining method and should abolish going to the branch whenever changing a new device and new number for activation.,4,2021-12-07,CBE,Google Play
Transfer to another bank is working just it shows error,1,2021-12-05,CBE,Google Play
Better than all banks apps good work CBE,5,2021-12-04,CBE,Google Play
Doesn't work. Horrible.,1,2021-12-03,CBE,Google Play
Clear and very easy,5,2021-12-02,CBE,Google Play
Transfering meny,5,2021-12-02,CBE,Google Play
The worst app.... Made me think I was robbed. Please fix or make an update,1,2021-12-01,CBE,Google Play
Soulihe.ali,5,2021-11-29,CBE,Google Play
Very Good to use,5,2021-11-29,CBE,Google Play
Not working properly,2,2021-11-25,CBE,Google Play
It's just fine,2,2021-11-25,CBE,Google Play
It is amazing app no more comment,5,2021-11-24,CBE,Google Play
Good keep it up,5,2021-11-23,CBE,Google Play
Its not working on my mobile,1,2021-11-23,CBE,Google Play
Best app. I love the simplicity. Keep up the good job.,5,2021-11-22,CBE,Google Play
Easy to use but can not update it?,5,2021-11-21,CBE,Google Play
I think it's best for us..for the biggest transaction banks..but update it and modernizing throughout technologies.,4,2021-11-20,CBE,Google Play
5000.000000dawnelode,5,2021-11-19,CBE,Google Play
When the connection is good the app also very good,4,2021-11-19,CBE,Google Play
It has been improved tremendosly. I am now comfortable to use it anytime I want. Good job CBE team.,5,2021-11-18,CBE,Google Play
It is best app it remove waste of time.,1,2021-11-16,CBE,Google Play
"Fast and secure service, exchange money everywhere",5,2021-11-15,CBE,Google Play
Its nice app more easy to use it. It shown only Recent history transaction. Please all transaction history.To summarize my transaction with reason. And add traffic penality button. Generally its nice app,5,2021-11-13,CBE,Google Play
It's not showing the second account and takes long on loading,2,2021-11-12,CBE,Google Play
Yes very good to be with,5,2021-11-08,CBE,Google Play
"Great app, fast transactions and seemless experience.",5,2021-11-08,CBE,Google Play
ብዙው ነገሩ ጥሩ ነው። ካየኇቸው ችግሮች መካከል አፕሊኬሽኑ ተዘግቶ ከተወጣ በኇላ ሌላ ነገር ሌላ ቦታ እየተጠቀምን እያለ የን.ባ አፕሊኬሽን ድንገት ራሱ በጣልቃ መጥቶ ፓስወርድ ማስገቢያውን ቦታ ያቀርባል። ሌላው ነገር ፤ የተደረገ የገንዘብ እንቅስቃሴን ለማሳየት መዘግየት ነው። ይሄኛው የባንኩ ሲስተም ችግር ይሁን የአፕሊኬሽኑ ግን አላውቅም።,4,2021-11-07,CBE,Google Play
Best app from all Ethiopia banks,5,2021-11-07,CBE,Google Play
"Its a nice app and banking services. I have two questions&/ suggestions, why the beneficiary lists are sometimes not available/ not working? It will better if you allowed to see more than one page transaction statement.",4,2021-11-06,CBE,Google Play
"Very nice app, it makes my financial work so easy but i have one problem, that is the app RELAUNCHES itself after I closed it. if you guys could get rid of this it would be a lot better. Thanks!",4,2021-11-05,CBE,Google Play
"Love it, keep up my country",5,2021-11-05,CBE,Google Play
"I love it.it makes payment easier for me.as i don't like going to banks and wait and waste my time,i found this app very helpful and important . 5⭐",5,2021-11-05,CBE,Google Play
It's very nice to use this app and no reason to be on the line.,5,2021-11-04,CBE,Google Play
ከፍተኛ እግልትን የሚቀንስ አፖ ነው good app,5,2021-11-04,CBE,Google Play
Very convenient to sign in and out as well as mobile service is perfect.,5,2021-11-03,CBE,Google Play
Commercial Bank of Ethipia,5,2021-11-02,CBE,Google Play
Good but I couldn't receive verification key,5,2021-11-01,CBE,Google Play
"The app is designed well however some actions require assistance and when I called ur bank for assistance, I guess no one cares enough to answer",1,2021-11-01,CBE,Google Play
951 call center was not unable to answer the call idlee guys.... My cbe application was stoped working the last 2weeks....please give us the reason,3,2021-11-01,CBE,Google Play
The best app in Ethiopia,5,2021-10-30,CBE,Google Play
Very simple and easy to use I loved it,5,2021-10-29,CBE,Google Play
Very easy to use,5,2021-10-29,CBE,Google Play
Its really fantastic,5,2021-10-27,CBE,Google Play
Can not check my account! All I see is a blank screen! What is the problem?It is not user friendĺy!I will have to take my money & try other banķs.This is a waste of time!!!,1,2021-10-26,CBE,Google Play
Finely tuned,5,2021-10-26,CBE,Google Play
Good God my business,5,2021-10-25,CBE,Google Play
Transcation information available only for a very short period of time. Unstable when used for two accounts. It sometimes doesn't show me my second account.,2,2021-10-24,CBE,Google Play
So easy and clear to use the app,5,2021-10-22,CBE,Google Play
"Very useful, but Please add daily foreign exchange rate. Thank you.",5,2021-10-21,CBE,Google Play
"Great, please include bank statement options.",5,2021-10-21,CBE,Google Play
best app keep the update for new features,4,2021-10-21,CBE,Google Play
The bank always rely on CBE.,5,2021-10-18,CBE,Google Play
Baga nagayan asiin nuu ga'e,1,2021-10-17,CBE,Google Play
Ilike this app because it is fast and easy,5,2021-10-16,CBE,Google Play
Best app It's user friendly,5,2021-10-16,CBE,Google Play
SAMSUNG Galaxy A21s,5,2021-10-15,CBE,Google Play
It is a good app but sometimes very poor and i hate your rules about transfering birr only 5 times a week... We have more than 5 problem per week and it is shamefull.,3,2021-10-15,CBE,Google Play
Nice app but sometimes it deduct two times when i recharge mobile card and Dstv payment,5,2021-10-15,CBE,Google Play
Easy and fast but some time it show us error but the trasaction is alrady sent and the error mislead us and we do the trx again. This affect our acount twice,5,2021-10-15,CBE,Google Play
Very slow and worst doesn't work good 🙃,1,2021-10-14,CBE,Google Play
What a nice and simple app 😊,5,2021-10-14,CBE,Google Play
Easy to use,5,2021-10-14,CBE,Google Play
"Very unsafe! The password is stored in the phone, which is very unsafe. And once you entered the password, there is no timeout nor ask for password while making transaction. Therefore, if you have stolen your phone, you may end-up loosing your money",1,2021-10-13,CBE,Google Play
በሚፈለገው ፍጥነትና ጥራት ለመጠቀም የኔትወርክ ወይም የዳታ ዉስንነት አለበት ይህ ችግር ቢቀረፍ እላለሁኝ በተረፈ ምርጥ አፕ ነው በርቱልን።,4,2021-10-13,CBE,Google Play
"Thak you for your support specaliy who is leaving on bord. Easy access and outstanding. I would like ro sujest all who was leving on bord like me use this up. Blessings,",5,2021-10-12,CBE,Google Play
No working perfectly,1,2021-10-11,CBE,Google Play
"The application is good but sometimes it doesn't respond my issues ie: Transfer,. In addition to this the application don't show my balance instade it only shows transaction history. If possible it's better if z app were able to show z exact balance sheet and fix a problem of not responding, if so I will rate z app ***** by adding z remaining 2 ** 10 Q.",3,2021-10-11,CBE,Google Play
Great app but it would be nice if it allow cardless transaction On ATM like abyssinya bank has on its mobile app.,4,2021-10-10,CBE,Google Play
I wrote that 15 days ago i think. It's better now for the most part. Also please stop showing toasts! There is no way to stop it from showing repeatedly,5,2021-10-09,CBE,Google Play
Interbank transaction is not functional.,3,2021-10-08,CBE,Google Play
I love 💕 it's easy and fast,5,2021-10-08,CBE,Google Play
Good work at all,5,2021-10-07,CBE,Google Play
Very nice app 👌,5,2021-10-06,CBE,Google Play
So simplified and easy to use. I suggest you all to download and use it ASAP.,5,2021-10-06,CBE,Google Play
I looke best application to work in the future,2,2021-10-05,CBE,Google Play
Can you update please..the utility service does not work,3,2021-09-30,CBE,Google Play
What is the verification code ? And how to get it? why?,4,2021-09-30,CBE,Google Play
It is good.,5,2021-09-29,CBE,Google Play
That so nice,5,2021-09-28,CBE,Google Play
I like it very much..is secured and easy to use..we can easily make a transaction with accounts of the same bank..,4,2021-09-28,CBE,Google Play
Enable to read my accounts fast,5,2021-09-27,CBE,Google Play
"I love this app. It's simple to use and syncs fast. The only issue I had was the balance shows only what's on the ledger, there is no way to tell what the actual balance is. I learn about the difference between the two balance types the hard way on an ATM machine. I would love to see that fixed in your next update.",5,2021-09-25,CBE,Google Play
Very easy to use,5,2021-09-24,CBE,Google Play
Very nice app but please incorporate exchange rate and ATM locater,4,2021-09-23,CBE,Google Play
Good Application,5,2021-09-23,CBE,Google Play
very well apps thanks,5,2021-09-22,CBE,Google Play
It is good app before but now it's not working properly,2,2021-09-21,CBE,Google Play
I am trying to use now,5,2021-09-21,CBE,Google Play
It is a a much better App than other Private Banks. But you have to include the following options; 1. The Bank Statement should be Unlimited. It should allow to see all Transactions by Tracing Back. No Need to Limit it with only one Page Transaction (May be 10Page). 2. You have to Work on transferring Money to other Banks too. You can ask additional payment for it. But the Service will be Essential for Us.,5,2021-09-21,CBE,Google Play
It's fast and reliable. You can make transaction from anywhere in the world.,5,2021-09-16,CBE,Google Play
It's very nice more better from this .,5,2021-09-15,CBE,Google Play
It works very well. I have two issues though 1/ it is not possible to transfer accounts in other Banks. 2/ the exoress money sending function dies not work as neither the recipient nor the sender get the secret number but the money will alrwady be sent. I had to go throgh a very lengthy process to get the money back with the transfer fee already deducted. In the end I lost three days plus the transfer fee for teying to send money fast. Other than these issues it does the rest of the job well.,3,2021-09-15,CBE,Google Play
"The app doesn't have more option. I expected more and convinient features than other local banks mobile app however i found it poor. Pls add option where clients can check statment back dated, ....etc u need to advace the security like disabling screen shots from mobile device. I recommend you to bench mark Wells Fargo app.",1,2021-09-14,CBE,Google Play
Good But Not perfect,4,2021-09-14,CBE,Google Play
By far the most crucial and progressivly growing financial app. Keep up the good work.from an end user stand point It would also make sense to include push notification for each transaction as well.,4,2021-09-13,CBE,Google Play
Keep good work,5,2021-09-12,CBE,Google Play
Easy and fast,5,2021-09-11,CBE,Google Play
Hanna umukunzi,1,2021-09-11,CBE,Google Play
Nice and smooth to use.,5,2021-09-10,CBE,Google Play
እጅግ በጣም ጥሩ አፕሊኬሽን ነው,5,2021-09-10,CBE,Google Play
"Not able to get transaction list, it has very few options from what other Banks mobile app offer. It needs improvement.",2,2021-09-10,CBE,Google Play
Frequent responce,5,2021-09-10,CBE,Google Play
Root betederege mobile lay ayseram,3,2021-09-07,CBE,Google Play
Good. Saves time!,5,2021-09-07,CBE,Google Play
"Easy, versatile and secure financial transaction mobile app in Ethiopia.",5,2021-09-07,CBE,Google Play
Its very slow annoying,1,2021-09-07,CBE,Google Play
Mustafe shide,5,2021-09-06,CBE,Google Play
Simple and easy to use,5,2021-09-04,CBE,Google Play
Very nice app.,5,2021-09-03,CBE,Google Play
I am spending too much time because it gets stuck frequently. I would rather go to pay at the bank than waste my time with this app. Bad app,1,2021-09-03,CBE,Google Play
It's good app,4,2021-09-03,CBE,Google Play
"Can developers present options to see transactions details like locations ( city ) or CBE branches where transactions are initiated or identity who wired transfers rather than simple generic term ""transfer"" ? This option helps to track cash in flows without going to nearby CBE branch to learn details of a transaction. Apart from this, the app is great and make life easy.",4,2021-09-03,CBE,Google Play
Unable to save transaction message Please solve asap,4,2021-09-02,CBE,Google Play
when are you going to change the CBE Logo,3,2021-09-02,CBE,Google Play
Echange rate is not added and all recoginzed banks not included in bank to bank transfer,4,2021-09-01,CBE,Google Play
በጣም አሪፍ መተግበሪያ ነው👏👏👏,5,2021-09-01,CBE,Google Play
The best and active app ever,5,2021-08-31,CBE,Google Play
"Best, application for use and time saving",5,2021-08-31,CBE,Google Play
Is best app in ethiopia there is avaliable for next time,1,2021-08-31,CBE,Google Play
Easily manege the money,4,2021-08-31,CBE,Google Play
Nice app it's help life runs easly and facilititet busines fast,5,2021-08-31,CBE,Google Play
fast & perfect with a good new feuture. thanks & keep it up🙏,5,2021-08-30,CBE,Google Play
Good service,5,2021-08-27,CBE,Google Play
Why it's not found on App Gallery for Huawei users?,2,2021-08-27,CBE,Google Play
"Poor update, not exactly show the figure on the time!!",1,2021-08-27,CBE,Google Play
I couldn't synchronize my current balance.,3,2021-08-26,CBE,Google Play
Best mobile banking,5,2021-08-26,CBE,Google Play
"Freindly app, suitable for many clients.sometimes, synchronization would not be possibe.",3,2021-08-26,CBE,Google Play
"Fast ,best and saves time.",5,2021-08-25,CBE,Google Play
Perfect & Reliable Service,5,2021-08-25,CBE,Google Play
Couldn't see any thing.even i can't see my balance.,1,2021-08-25,CBE,Google Play
Very Interesting,5,2021-08-24,CBE,Google Play
Very user friendly App,5,2021-08-24,CBE,Google Play
"This one is better than the previous versions. But am unable to send to benficiaries, it was working on the previous versions. While working on the other features please work on this failure too. Thank u!",4,2021-08-24,CBE,Google Play
"Was so nice, days ago. But since last week I couldn't transfer and use it, properly. Would you forwarded me any option, please ? Thank you!",2,2021-08-23,CBE,Google Play
"Please add the ability to view all transaction history, and pressing back on sub pages should not display logout confirmation. Plus, self registration should be a thing",3,2021-08-21,CBE,Google Play
Exceptionally super boring to use.,1,2021-08-20,CBE,Google Play
As much as possible good job save and share of transaction not work yet.,4,2021-08-20,CBE,Google Play
It's Child apps Design,1,2021-08-19,CBE,Google Play
100% perfect number one chosen bank,5,2021-08-19,CBE,Google Play
Horrible can't sync my account,1,2021-08-18,CBE,Google Play
It's amazing app easy to use,5,2021-08-18,CBE,Google Play
this app is not functional for some phones,1,2021-08-17,CBE,Google Play
This app is not compatible for Samsung not,5,2021-08-17,CBE,Google Play
Not working at all!,1,2021-08-16,CBE,Google Play
How can I get verification Code lol🤔?,3,2021-08-16,CBE,Google Play
"Very efficient, good, very good",5,2021-08-14,CBE,Google Play
I meed updated,5,2021-08-14,CBE,Google Play
"The last update is not working properly, please fix the bug fast",2,2021-08-13,CBE,Google Play
I uninstalled the app but Now I can't download it,1,2021-08-12,CBE,Google Play
Good app...It would be good if Summary of transactions also incorporated .,4,2021-08-12,CBE,Google Play
Genet zewde77@yahoo .come,1,2021-08-11,CBE,Google Play
Doesn't work for Samsung A30s!,1,2021-08-11,CBE,Google Play
very limited option we could see the previous transactions.,2,2021-08-09,CBE,Google Play
i'm happy this cbe service,5,2021-08-09,CBE,Google Play
Ir is nice try it,5,2021-08-08,CBE,Google Play
How it can be explained for those mass customer's,5,2021-08-07,CBE,Google Play
Good Interface and user frendly app great work cbe👍🏻,4,2021-08-05,CBE,Google Play
"It is not functional after installing error message says ""this device is rooted.you can't use this app."" i think it is not compatible for android 10",2,2021-08-04,CBE,Google Play
App's literally broken after the last update. The new interface was great but unusable. I sent E-mail to to Dev. team but no response or acknowledgment of the issue so far. Please resolve it ASAP.,1,2021-08-03,CBE,Google Play
"Good job, but sometimes even with good connection it can't sync.",3,2021-08-02,CBE,Google Play
This is a very good app that every customer should be able to be a bank for him/her self👍👍,5,2021-07-30,CBE,Google Play
አማርኛ ምርጫ ላይ እንግሊዘኛ ቃላት ምን ማለት ነው? አሁን ወራቶች መጠረያ ቃል የለንምና ነው ? ያለንን በትክክል ተጠቀሙበት ቋንቋ መግባቢያ እንጂ እውቀት አይደለም!! ስለዚህ አትቀላቅሉ? ሬት አፕ ምን ማለት ነው? ሁለተኛው አስተያየት ያለኝ መተግበርያው ብዙ የሚጎድሉት ነገሮች አሉት። ምሳሌ የሚስጥር ቁጥር አገባቡ ቀላል ነው። ብር ማስተላለፍ ድጋሚ የተለየ ቁጥርና ቢኖረውና ይህም ተቀያያሪ ቢሆን ብዙ አለ ። ለማንኛውም እስኪ አንድ የኮርያ ባንክ ልጠቁምና እዩት። keb hana bank ከዚህ ብዙ ትማራላችው ብዬ አስባለው።,2,2021-07-30,CBE,Google Play
"Very convenient, easy to use. The only reason that made me be a CBE customer.",5,2021-07-30,CBE,Google Play
በጣም ቆንጆ አፕ ነው,5,2021-07-29,CBE,Google Play
This is very helpful and functional app. Recently I am facing issues on transfer to other banks. Please address it,5,2021-07-27,CBE,Google Play
Good app but sometimes its down,3,2021-07-25,CBE,Google Play
Awesome app keep up the good work 👏,5,2021-07-22,CBE,Google Play
Best of the best,4,2021-07-19,CBE,Google Play
this is best but add traffic fine app.,4,2021-07-17,CBE,Google Play
The application makes my day to day activities very easy and comfotable.,5,2021-07-17,CBE,Google Play
My country big bank,5,2021-07-16,CBE,Google Play
ለአጠቃቀም ምቹ እና ግልፅ አፕልኬሽን ነው። ከኤቲኤም ሲስተም እጅጉን ይሻላል።,4,2021-07-16,CBE,Google Play
Arif New Temechtognal,5,2021-07-15,CBE,Google Play
I like this app,1,2021-07-15,CBE,Google Play
"It's good, but why have a limit of 5 on weekly transfer.",4,2021-07-15,CBE,Google Play
It isMore comfortable application!,1,2021-07-14,CBE,Google Play
Great app for an Ethiopian perspective,5,2021-07-13,CBE,Google Play
The best app for banking,5,2021-07-12,CBE,Google Play
Not functional our mobile,1,2021-07-11,CBE,Google Play
"Starting from the past two weeks, it is not working properly. Did you release any update? If not please investigate the problem and solve it.",3,2021-07-11,CBE,Google Play
Simple and user friendly. Thanks it is very helpful.,5,2021-07-10,CBE,Google Play
It is very great and helpful app. Easy and helps to save time alot,5,2021-07-09,CBE,Google Play
Good cbe app,5,2021-07-08,CBE,Google Play
It's nice app...!,5,2021-07-08,CBE,Google Play
It does not work properly,1,2021-07-07,CBE,Google Play
So gooood!! Keep Going,4,2021-07-06,CBE,Google Play
Usefull app,5,2021-07-05,CBE,Google Play
wow nice app thanks,5,2021-06-30,CBE,Google Play
"Great GUI, easy to use and convenience.",5,2021-06-29,CBE,Google Play
"CBE, please fix this app or you'll be left behind. Considering this was one of the first banking apps in Ethiopia, most bugs should have been fixed by now. But bugs still abound. It worked from outside Ethiopia but not for long. I haven't been able to use it (from outside Ethiopia) for the past 4 weeks. No updates visible. Nothing against the country that I dearly love. But this app is the one-eyed version as far as banking apps go. You know... a one-eyed man is a king...",3,2021-06-28,CBE,Google Play
It reduces life hassling.,1,2021-06-28,CBE,Google Play
Comfortable and easiest app,5,2021-06-27,CBE,Google Play
Bad...very Bad..taboo .. Need an education,1,2021-06-27,CBE,Google Play
It works only on WiFi,2,2021-06-27,CBE,Google Play
Very good app. Thanks,5,2021-06-26,CBE,Google Play
So far soooo good 👍,5,2021-06-25,CBE,Google Play
No account balance shown,2,2021-06-25,CBE,Google Play
WOW I am so impressed using this App. It is simple to use and helps digital money transaction.,5,2021-06-24,CBE,Google Play
My phone is not rooted however the app claims that it is. Please fix this bug. Whoever wrote the verification for a rooted OS please please please revisit your code.,1,2021-06-24,CBE,Google Play
It makes life easy everything is there you are expected only to download this app and use it a bank you can always relay,5,2021-06-24,CBE,Google Play
Excellent app! Like it. It's user friendly. And the last updated is also good for adding some privacy.,5,2021-06-21,CBE,Google Play
Well improved,5,2021-06-21,CBE,Google Play
በጣም ተመችቶኛል ሂወቴ ፈጣን አረገልኝ,4,2021-06-20,CBE,Google Play
What does it mean can't sync,4,2021-06-20,CBE,Google Play
I realy hate this app it simply keep on saying that your device is rooted you can't use this ap when my device is not rooted so you better consult an android developer✌️ so one star is too much....,1,2021-06-19,CBE,Google Play
Best option for Any CBE account services I have seen yet.,5,2021-06-19,CBE,Google Play
"It's mostly unable to connect to the Internet, very frustrating",1,2021-06-18,CBE,Google Play
Easy to use,1,2021-06-18,CBE,Google Play
ameloayele@g email,1,2021-06-17,CBE,Google Play
useful update but at the moment its not easy to download or update and that means we can't use the the app at the moment,3,2021-06-17,CBE,Google Play
I like this app,4,2021-06-16,CBE,Google Play
Only works when it wants!,1,2021-06-15,CBE,Google Play
Why my app not responding,5,2021-06-15,CBE,Google Play
Simply Poor.,1,2021-06-14,CBE,Google Play
I need to get the details of my utilities payment without going to the Bank. Thank you!,3,2021-06-13,CBE,Google Play
Very good app.,5,2021-06-12,CBE,Google Play
Why you are closed seeing our balance in recently updated version?,1,2021-06-12,CBE,Google Play
I need it to active my job,5,2021-06-11,CBE,Google Play
Very bad app,5,2021-06-11,CBE,Google Play
Is not working,1,2021-06-11,CBE,Google Play
What an update its amazing Super Fast,5,2021-06-11,CBE,Google Play
I have been used this app from the beginning and like it. On the current updated version it states we can share and save the transaction details. However it can't share or save. The only option I am using is Screenshot. So would you please review it?,4,2021-06-09,CBE,Google Play
Wonderful update. I use to take a screenshot of my transactions before but now I can share or download the details. Thank you so much. Keep up!,5,2021-06-09,CBE,Google Play
"I used this app for a long time , and i like it, its user friendly, not complicated at all, and more over it makes life easier for real. But the now after some times, this app is working better only on wifi, .. its veary hard to use it with mobile data, so please do something",3,2021-06-08,CBE,Google Play
እኔ ከምንም በላይ ጊዜና ድካሜን ቀንሶልኛል,5,2021-06-07,CBE,Google Play
The installed app says this app is rooted you can't open it whats the problem they don't know what they are doing.,1,2021-06-07,CBE,Google Play
"Just updated to version 4.3 but it failed to sync after that. Please do something, I couldn't use it since it is popping ""can't sync"".",1,2021-06-07,CBE,Google Play
CBE is My Favorite Choice in All Transaction,5,2021-06-07,CBE,Google Play
Best app but if you add more than ten transaction it will be better,3,2021-06-06,CBE,Google Play
Very Good App,5,2021-06-06,CBE,Google Play
Wow very easy and wonderful app,5,2021-06-06,CBE,Google Play
Hey! What a weakly limit restriction you made? Why I cannot withdraw my money at any time when I want? This leads the app to be debris!,1,2021-06-06,CBE,Google Play
Good application,5,2021-06-06,CBE,Google Play
After I update this app when I try to use it say can't cync. I can't use. What is the problem?,1,2021-06-06,CBE,Google Play
"It so clear and symple to use, solves problems in our daily financial activities and enrichs us with current exchange informations. It is so lovely.",5,2021-06-05,CBE,Google Play
Wonderfully make your lifrle simple,5,2021-06-05,CBE,Google Play
Wonderful Application!!!,5,2021-06-05,CBE,Google Play
It's not working,1,2021-06-05,CBE,Google Play
Bareeda mitti Sireesaa akkaa nuu banamu,5,2021-06-05,CBE,Google Play
Excellent app,5,2021-06-05,CBE,Google Play
Its better if you allow to pay for tele wifi payment ..,3,2021-06-05,CBE,Google Play
"Nice app but mostly the txn sorting is not correct, earlier txns come on top but latest ones at below so its better if it has a time stamp besides the date or do something for better txn sorting.",4,2021-06-04,CBE,Google Play
Normal uset,5,2021-06-04,CBE,Google Play
"It used to work fine, but it's not logging in after the recent forced update.",5,2021-06-04,CBE,Google Play
"After the update I received today, I have tried to conduct transfer to other CBE accounts and it continously brings error messages saying none available. It is also not allowing me to download the transacation picture as is advertised here. Please do something CBE as this app is continuing to frustrate me again and again.",3,2021-06-04,CBE,Google Play
Thank you for timely response. The app now working really well. Recommendations: please synchronize this app with telebirr.,4,2021-06-04,CBE,Google Play
"I have been using for more than 3 years. It was good, but after upgrade to new version end up with white screen. What is wrong with that. Thanks.",3,2021-06-04,CBE,Google Play
When u need to transfer the network stuck.... please fix this things,3,2021-06-04,CBE,Google Play
Why build a skyscraper when your mobile app is this bad!!!... Priorities !!!!,1,2021-06-04,CBE,Google Play
Its very easy to use in contrast to other similar apps,5,2021-06-04,CBE,Google Play
"It could be very useful if the app is able to show all the transactions made with out limitations, the current app shows only recent transactions.",3,2021-06-04,CBE,Google Play
አሁን አሪፍ ሆኗል ገንዘባችንን ፊትለፊት አያሳይብንም እሱ ተመችቶኛል በጣም በርቱ,5,2021-06-04,CBE,Google Play
"In the home menu, the updated date of balance is not shown. Moreover, the recent account does not show the withdrawal cash amount.",2,2021-06-04,CBE,Google Play
The up is simple and easy to use so far. And in the future updates i would recommed adding transaction statment in a report manner. Thankbyou CBE.,3,2021-06-04,CBE,Google Play
"Its a perfect app, Easy to use and works almost everytime",5,2021-06-04,CBE,Google Play
Nice app!!!!,5,2021-06-03,CBE,Google Play
Worst app I've ever seen,1,2021-06-03,CBE,Google Play
"The best app, that I have used it",5,2021-06-03,CBE,Google Play
I tried to transfer a payment to my friend. The app did not show me any confirmation of a payment I belived as the payment was not sent to my friend so I tried many times. At the end I have found out that my account was out of balance. Its A Crazy And Unreliable App.,1,2021-06-03,CBE,Google Play
A job well done!,5,2021-06-03,CBE,Google Play
It is Good!,4,2021-06-03,CBE,Google Play
what is the application verification key pls??,4,2021-06-02,CBE,Google Play
The interface is good. But can you hide amount of money. It is sensitive. And login pin and keyboard are not really synced,4,2021-06-01,CBE,Google Play
it's very nice and Thanks,5,2021-06-01,CBE,Google Play
Good application,5,2021-06-01,CBE,Google Play
It is very easy to use specially for paying utilities,5,2021-06-01,CBE,Google Play
"It very smooth, but it need a QR code payment system",4,2021-05-31,CBE,Google Play
"This application is really bad. It is slow and doesn't work properly. It doesn't show recent activities. Using this app I transfered money to a friend and after showing deduction on my account, the money didn't reach the other end,the activity is not reflected on my recent transactions either. The worst app ever. It doesn't work outside of Ethiopia.",1,2021-05-31,CBE,Google Play
A easy and wonderful app to use,5,2021-05-31,CBE,Google Play
The UI sucks it needs improvement Didnt expect this from a bank as big as this,2,2021-05-30,CBE,Google Play
"The best app wich provides best , releable and fast financial service for cbe users.",5,2021-05-30,CBE,Google Play
Where can i get A verification key,4,2021-05-29,CBE,Google Play
Thank you CBE,5,2021-05-29,CBE,Google Play
How do i get verification code?,1,2021-05-29,CBE,Google Play
Doesn't work on rooted phone...! Its bad app to use..... You have to develop it again,1,2021-05-28,CBE,Google Play
Nice one It has shown a lot of improvement everytime!!!,5,2021-05-26,CBE,Google Play
I cant use this app cos it stops syncing after I update the app.,2,2021-05-26,CBE,Google Play
as part of a secured app it should have request users for update before stop working.,1,2021-05-25,CBE,Google Play
ምቹ እና ለአጠቃቀም ቀላል ነው።,5,2021-05-25,CBE,Google Play
ኮድ ጠፍቶብኝ ማግኘት እችላለው,5,2021-05-24,CBE,Google Play
We can not send transaction more than 5 times per week. It is restricted.,4,2021-05-24,CBE,Google Play
Very nice at all,5,2021-05-24,CBE,Google Play
I like this app,4,2021-05-23,CBE,Google Play
How can i get my authorization code,1,2021-05-20,CBE,Google Play
Active exllent,5,2021-05-20,CBE,Google Play
Excellent service....,5,2021-05-20,CBE,Google Play
Best mobile banking app in Eth,5,2021-05-19,CBE,Google Play
It makes my life easy. I love it,5,2021-05-19,CBE,Google Play
The app. doesnt work🙄🙄Smh,1,2021-05-18,CBE,Google Play
"Dear all, if you're an iOS user then the new update doesn't work at all. Those of you who use the Android App and you've been having troubles your user credentials have expired that's why it doesn't even load your balance, so you need to go to your branch and have them fix that!",1,2021-05-18,CBE,Google Play
Where do I find the app verification code,1,2021-05-18,CBE,Google Play
service part is not working,1,2021-05-18,CBE,Google Play
It is interesting App,5,2021-05-17,CBE,Google Play
this is good for nothing and useless where is the verification code you are always back asholes useless and half,1,2021-05-17,CBE,Google Play
The best app!!,5,2021-05-16,CBE,Google Play
it is crashed after updating why and how to fix it,5,2021-05-16,CBE,Google Play
What is this this is the worest app i have ever seen they gave me a code but it say it doesn't work and they blocked me,1,2021-05-15,CBE,Google Play
Verification key not sending,4,2021-05-15,CBE,Google Play
Difficult to find out verfication code. It took me z whole day,5,2021-05-14,CBE,Google Play
"I opened an account and unable to download this app. What's wrong? 14.05.21 Two weeks now, and still unable to download app. No one from CBE is reacting. Negative image for an old institute such as CBE.",1,2021-05-14,CBE,Google Play
It is good app,5,2021-05-14,CBE,Google Play
Perfect ui But mine is not working now days. Does something happened new? It was working well 3 day back now it say sync failed.. Are u people under mantainance??,1,2021-05-13,CBE,Google Play
Best app with smooth experience.,5,2021-05-13,CBE,Google Play
"What a shame is this...how comes such a stupid app come from the huge ethiopian proud bank???boring, digesting app I have ever seen before. Asking Authorization /verification after downloading the app what the hell is this?!;:'""",1,2021-05-11,CBE,Google Play
this very smart & simple app,5,2021-05-11,CBE,Google Play
Easy to access and transfer,5,2021-05-10,CBE,Google Play
Only works about 1 out of 10 times,1,2021-05-08,CBE,Google Play
"I don't know what to do with this app anymore..after I synconized it, it doesn't show the features or the tools that needed to use for, just it shows my balance.. needed to be fixed asap.",1,2021-05-08,CBE,Google Play
Really app but net is poor,3,2021-05-07,CBE,Google Play
Worest app i didn't expect this kind of app from u,1,2021-05-07,CBE,Google Play
"Well, helpful but still lacks much more",4,2021-05-07,CBE,Google Play
"I am new to this app, I downloaded just right now from playstore and i it asked me for Verification code and i don't have it, Someone please help me......To solve the issue.",1,2021-05-05,CBE,Google Play
Commercial bank of Ethiopia is the most preferable organised and technician and thinking observation to saving institution and also this institution is my first choose,5,2021-05-04,CBE,Google Play
Why is this app not working out of Addis Ababa?,1,2021-05-03,CBE,Google Play
I can't hide my balance on this app like CBE App on iphone,5,2021-05-02,CBE,Google Play
Very good and useful app,5,2021-05-02,CBE,Google Play
"I have bad experience since I started using this app. I get ""none available "" error message while there is good internet connection. And I went to my branch two times to activate the app. There should be some way to activate without physically going to the branch. Anyway, it should be improved much from what it is now!!!",1,2021-05-02,CBE,Google Play
Idee bashin abrahim,1,2021-05-02,CBE,Google Play
It is not synchronizing with core banking,1,2021-05-01,CBE,Google Play
I like this app b/c of it's do life simple,1,2021-05-01,CBE,Google Play
I have been using it for the last three years and was working perfectly but since this week cannot even show my balance and unable to make payment. Please try to fix it.,2,2021-04-29,CBE,Google Play
It is good application and expected to move the financial sector forward,5,2021-04-29,CBE,Google Play
"Good, no bugs yet.",4,2021-04-29,CBE,Google Play
Its really good app i have ever have in ethiopia,5,2021-04-27,CBE,Google Play
Where do i get a verification code?,1,2021-04-26,CBE,Google Play
How can I get the verification code to install the app??,3,2021-04-24,CBE,Google Play
እባካችሁን ሂሳባችንን የምናውቅበት መንገድ ስሩልን🙏,4,2021-04-24,CBE,Google Play
ወድጄዋለሁ አሪፍ አማራጭ ነው,5,2021-04-22,CBE,Google Play
"Good, Improve App Always",4,2021-04-22,CBE,Google Play
እጅግ በጣም አሪፍ አፕ ነው ተመችቶኛል ተጠቀሙበት,5,2021-04-21,CBE,Google Play
One limitation of the the app is that it is not functioning with normal mobile data (3G). It needs wifi or stronger signal. How can I fix this issue? Any help.,3,2021-04-21,CBE,Google Play
I cant get authorization code yet,5,2021-04-19,CBE,Google Play
"Really I troubled to use this application since last week, I've been using it more than 2 years. I don't know what's wrong with it now. It can't synchronize, even can't see any update in my account. I tried to repair and manage in setting, but not possible. Also you don't have any means of online communication/ chat. Could you please tell me what to do?",4,2021-04-18,CBE,Google Play
"Lately, it is not working",1,2021-04-17,CBE,Google Play
Ethiopia commerical bank,5,2021-04-17,CBE,Google Play
It made things a lot easier,5,2021-04-16,CBE,Google Play
"Found it easy to check payments for utility services, see payment history. Login is simple and software is easy to use.",5,2021-04-16,CBE,Google Play
"Very disappointed! It asks for verification code but no way to get it. The verification code should be sent to our mail or phone number. It doesn't give you any clue to get the code. I go to CBE branch & requested them if I can get the code, but they don't even know how to get it.",1,2021-04-15,CBE,Google Play
Thanks for making life easy for getting service providers easily... Thanks,5,2021-04-12,CBE,Google Play
"It's a gr8 app, that can makes everyone user life very simple.",5,2021-04-12,CBE,Google Play
It does not oppen,1,2021-04-12,CBE,Google Play
Where can I get the authorization number?,1,2021-04-11,CBE,Google Play
Easy to use I found it intuitive to use the app. It would be nice if it includes finger print to access the account.,4,2021-04-10,CBE,Google Play
Great experience on android and you need some work on iphone connection,5,2021-04-10,CBE,Google Play
ምርጥ ነው፣ ሰልፍ የለ፣ ቢሮክራሲ የለ፣ ገንዘብ ከፋዩን እባክህ ፈጠን በል አስቸኳይ ነው የለ፣ u're bank is at ur finger tips. መስተካከል ያለበት ነገር ቢኖር፣ time out ይልና አልተላለፈም ይላል፣ ነገር ግን አንዳንዴ time out ቢልም ያስተላልፋል እና ድጋሚ ድጋሚ መሞከር ተጨማሪ ገንዘብ ያስከፍላል፣ ይሄን ጥንቃቄ ማድረግ ይስፈልጋል,3,2021-04-10,CBE,Google Play
I love this App,5,2021-04-09,CBE,Google Play
It is very good app tanks,5,2021-04-08,CBE,Google Play
"Tried buying air time, there was network problems but it still withdrew the Money.",1,2021-04-07,CBE,Google Play
This is a nice app- very fast and does well what it's designed to do,5,2021-04-05,CBE,Google Play
I have been using this app for many times. But now stopped. How it is solved?,5,2021-04-04,CBE,Google Play
Has a good service with a hope to improve. Much.,3,2021-04-04,CBE,Google Play
Please add RTGS services in your next update.,3,2021-04-03,CBE,Google Play
It's not loading,1,2021-04-02,CBE,Google Play
Exellent app!!,5,2021-04-01,CBE,Google Play
not working,5,2021-04-01,CBE,Google Play
Simple and nice !!! The issue with using mobile app is you can't print/share the transaction slip.Some company/people required the printable file for their record,4,2021-03-31,CBE,Google Play
"It is deficult to refresh, no menu for refreshment",3,2021-03-30,CBE,Google Play
Nice app...,5,2021-03-28,CBE,Google Play
Good way at this time.,5,2021-03-28,CBE,Google Play
Very nice and easy,5,2021-03-27,CBE,Google Play
Never works abroad,1,2021-03-26,CBE,Google Play
Amazing app.l like it!!,5,2021-03-25,CBE,Google Play
It is very user friendly. I would love to see and use simillar type of appplication without internet connection. Thanks.,4,2021-03-25,CBE,Google Play
It makes all personal banking system easy!better it will be best need more updating by adding extra uses!,5,2021-03-25,CBE,Google Play
Very bad experience as it sticks every now and then,1,2021-03-25,CBE,Google Play
I appriciate,5,2021-03-22,CBE,Google Play
Intuitive and reliable application! Excellent!,5,2021-03-21,CBE,Google Play
Easy to manage,5,2021-03-21,CBE,Google Play
Because it is my Bank,5,2021-03-20,CBE,Google Play
Excellent to use am happy,5,2021-03-19,CBE,Google Play
ጥሩ እና ቀለል ያለ መተግበሪያ ነው። ጊዜውን ባማከለ ሁኔታ መተግበሪያውን ማዘመኑንም በፍጥነት ስሩ።እናመሰግናለን።,5,2021-03-18,CBE,Google Play
Easy and reliable app love it,5,2021-03-18,CBE,Google Play
Great app. Its 100% nice app than previous one.,5,2021-03-16,CBE,Google Play
Bad product,1,2021-03-16,CBE,Google Play
let me get this straight you have to go to the Bank to get the verification code ? for get it I leave abroad. I am trying to activate my swift account pending for three weeks I try to call the number no body picks up .😡😡😡,1,2021-03-15,CBE,Google Play
Very bad app. Never use it.,1,2021-03-14,CBE,Google Play
The app is nice. But from the previous version we can transfer amount to the added beneficiaries. On this version not.,3,2021-03-14,CBE,Google Play
Thanks for making easy access,5,2021-03-13,CBE,Google Play
Fantastic I love the simplicity,5,2021-03-12,CBE,Google Play
Next merchant account,5,2021-03-12,CBE,Google Play
"I can't able to see account balance ,transfer and other services Performance is bad.",3,2021-03-12,CBE,Google Play
It has been really helpful. Thank u CBE,5,2021-03-12,CBE,Google Play
Love it !!!,5,2021-03-09,CBE,Google Play
How can i get verification code?,4,2021-03-08,CBE,Google Play
"Great app to manage your account, and the update as a very modern and simplistic GUI and is really great!",5,2021-03-07,CBE,Google Play
My application was blocked what is the reason?!,5,2021-03-06,CBE,Google Play
Totally not working I can't see my balance ot is blank.,1,2021-03-06,CBE,Google Play
Great service,5,2021-03-06,CBE,Google Play
Very good app,5,2021-03-05,CBE,Google Play
Great app. But why limit transaction history? We should be able to view transaction history at least for the past 12 months if not more. Currently it only goes back one or two weeks.,4,2021-03-04,CBE,Google Play
Good work. I am happy we have mobile banking access. I am sure it will develop more and more.,5,2021-03-04,CBE,Google Play
Very interesting but it doesn't support all networks,4,2021-03-02,CBE,Google Play
l like the app.GREAT,5,2021-03-01,CBE,Google Play
Best bank !,5,2021-02-28,CBE,Google Play
"after i updated the app, Refreshing the home page took forever, now it doesn't load at all",1,2021-02-28,CBE,Google Play
I can not activate and it can not syncronized,2,2021-02-28,CBE,Google Play
Good but i cant rich verification key,5,2021-02-28,CBE,Google Play
Where do I get the verification key the app asking me to start,1,2021-02-27,CBE,Google Play
"After money is transferred, it shows failed signal. When trying again, it says failed again but it was actually transferring two times. Damn!",3,2021-02-26,CBE,Google Play
Great App...👍,4,2021-02-23,CBE,Google Play
"Best app, I like it, it makes my life easy",5,2021-02-23,CBE,Google Play
Excellent app,5,2021-02-22,CBE,Google Play
Commercial Bank of Ethiopia Best Bank of Africa,5,2021-02-16,CBE,Google Play
Very good 👍,5,2021-02-16,CBE,Google Play
How can Iget auth code,3,2021-02-14,CBE,Google Play
"Imagine being that larget bank in Ethiopia and building this kind of trash for your customers. Its not even showing any information it just login and every activity or transaction only says ""none done"" what does that even mean? Is this thing even tested before launch.በጣም ነው የምታሳዝኑት ወሬ ብቻ።",1,2021-02-13,CBE,Google Play
Better than than the previous,5,2021-02-13,CBE,Google Play
The bast app,5,2021-02-12,CBE,Google Play
Perfect app.,5,2021-02-12,CBE,Google Play
It keeps repeating transfer and makes you lose your money it has done that multiple times,2,2021-02-11,CBE,Google Play
Best mobile banking app from all the banks in Ethiopia.,5,2021-02-11,CBE,Google Play
"It says ""none available"" after installed and subscribed. what is wrong with it?",1,2021-02-09,CBE,Google Play
Very nice application 👍.,5,2021-02-08,CBE,Google Play
I like the new interface but gave me headache!! Most of the time it fails to sync.,2,2021-02-06,CBE,Google Play
The verfication doesnt sent me until now,1,2021-02-06,CBE,Google Play
Wow i like this,5,2021-02-05,CBE,Google Play
Much faster and easier to access,5,2021-02-04,CBE,Google Play
Please it needs to be updated or do some improvement The previous version was very good as compared to this one . with this app I can't make any payment . When I try to send payment it always says You have exceeded your weekly number of transaction!!,2,2021-02-04,CBE,Google Play
I like this app it is better than the previous one!,5,2021-02-04,CBE,Google Play
Fantastic application.,5,2021-02-03,CBE,Google Play
Its not working properly .it say (syn error ),2,2021-02-03,CBE,Google Play
I really luv this app it's makes life get easy,5,2021-02-02,CBE,Google Play
Good app for making payments.,5,2021-02-02,CBE,Google Play
It is helpful!,4,2021-02-01,CBE,Google Play
"There is problem with sudden system or software failure. And most importantly the history of transaction is too short , at least we must be able to look at monthly statement on the app!!!",3,2021-01-31,CBE,Google Play
Very good App,5,2021-01-29,CBE,Google Play
CBE can provide us better version of the app they are the biggest bank in horn of africa yet they dont concer in developing thier system or application,3,2021-01-29,CBE,Google Play
Very nice it is easy to use it I like it,5,2021-01-28,CBE,Google Play
Really I like the new update. I rate it ☺️☺️,5,2021-01-28,CBE,Google Play
Very efficient and easy to use I like it,5,2021-01-25,CBE,Google Play
Best application,5,2021-01-25,CBE,Google Play
It doesn't even sync Very bad app it doesn't work anymore,1,2021-01-24,CBE,Google Play
This application is very useful I do like it Thank you so much Ethiopian Commercial Bank really you are the best ❤️👍 Please keep it up,5,2021-01-23,CBE,Google Play
The update looks cleaner and better. Kudos to the app developer. (it took me a while to figure out the update was what was wrong with my app though),5,2021-01-22,CBE,Google Play
It ia taking forever to load once i signed up ans its been 10days. No change. This is not working.,1,2021-01-22,CBE,Google Play
Very bad app. It doesn't even tell balances. ብዙ መሻሻል አለበር። I prefer the USSD.,1,2021-01-21,CBE,Google Play
Great app.but appears on screen after finish using application.,4,2021-01-21,CBE,Google Play
This version is better than than the previous one and this one didn't find strong internet connection which is its strong side.,5,2021-01-20,CBE,Google Play
app is a good ideas and good version but this app not download my phone i want to use this app,4,2021-01-20,CBE,Google Play
Satisfactory,5,2021-01-18,CBE,Google Play
Really good!,5,2021-01-18,CBE,Google Play
Easy to use but all new customers forced to download this app bc shared app doest work on other phone,2,2021-01-16,CBE,Google Play
በጣምአረፍነበር ነገርግንአደገኛነቱምበዛውልክነዉ ለምሳእኔየገጠኝንልንገራቹህ ለአንደሰውአሰርሸመላክፋልጌ እናየብርጠኑንአሰቀምጬ የመጨረሻየይለፍምልክቷተጭኜደረሰኝእድሰጠኝእየተጠባበኩባለሁበትሁለትደቂቃዘግይቶቀጥታበራወጣ ትንቆቶሶሰትግዜ ከሂሳቤተቀነሰ,3,2021-01-16,CBE,Google Play
Good app from the old one but during sign up the old search box doesn't appear in order to activate directly from message,4,2021-01-15,CBE,Google Play
App doesn't work most of the time and refreshing the updates it takes more time,2,2021-01-13,CBE,Google Play
4266 Mahmad mahmud,5,2021-01-13,CBE,Google Play
It ask application verification key what does it mean,1,2021-01-12,CBE,Google Play
how to add verification,5,2021-01-09,CBE,Google Play
The app asks me to write verifcation number where can i get it?,5,2021-01-09,CBE,Google Play
I love the app,5,2021-01-08,CBE,Google Play
I respect your transparency,2,2021-01-06,CBE,Google Play
It is good for saving time consuming and fast service giving.,4,2021-01-06,CBE,Google Play
Better view but less performance Why?🙄,3,2021-01-06,CBE,Google Play
I had very comfortable to used this app. The best app at all !!!,5,2021-01-05,CBE,Google Play
It's not working properly,1,2021-01-04,CBE,Google Play
Simple for utility,5,2021-01-04,CBE,Google Play
It doesn't work anymore. It says it synced successfully but doesn't show any thing. It doesn't sync at all,1,2021-01-03,CBE,Google Play
Some time it is not working,1,2021-01-02,CBE,Google Play
I love this app. Some improvement I wish to be made is that a menu that helps to Bach delete beneficiaries (delete two or more beneficiaries at once instead of individually). Thank you!,5,2021-01-02,CBE,Google Play
Home page Loading for 5 min on 4G net are you kidding me😬😬,1,2021-01-02,CBE,Google Play
It was working perfectly until it stopped displaying my balance.,2,2021-01-02,CBE,Google Play
"The previous version is much better than this one. I used it for more than six years without any problem. But now I'm having a serious trouble with the updated app. I don't know why it takes him forever to refresh and load the home page once you sign in. And if it fails to load, it never recovers. I only see some UI changes. Really disappointed",2,2021-01-01,CBE,Google Play
በጣም ብዙ ነገሮችን የሚያቀል መተግበሪያ ነው። እናመሰግናለን,5,2021-01-01,CBE,Google Play
Very easy to use,5,2021-01-01,CBE,Google Play
Sometimes this app becomes iactive.,4,2021-01-01,CBE,Google Play
"Easy to use, it has got everything you need. The only problem I encountered is it doesn't show all your transactions in history, It just hides some without any reason.",4,2021-01-01,CBE,Google Play
"The activatin code that i got from the bank doesn't work, 😡",1,2020-12-31,CBE,Google Play
CBE mob app works so well in Ethiopia and internationally too.,5,2020-12-30,CBE,Google Play
I get the access from my nearest CBE branch but i still couldn't see my transactions,1,2020-12-28,CBE,Google Play
😀 በጣም ጠቃሚ፣፣ኀ,5,2020-12-27,CBE,Google Play
How we make athourize,5,2020-12-25,CBE,Google Play
"Great App, easy to use!",5,2020-12-23,CBE,Google Play
how can I get application variation code,3,2020-12-23,CBE,Google Play
Working smoot,5,2020-12-23,CBE,Google Play
never update my balance,1,2020-12-22,CBE,Google Play
Its good ..keep it up,5,2020-12-22,CBE,Google Play
Intersting & I feel good to use this app. Thanks .,5,2020-12-22,CBE,Google Play
I love it u can do what ever you want easily,5,2020-12-21,CBE,Google Play
Nice but Account display is not private it's lways front line.,4,2020-12-21,CBE,Google Play
what is application verification code,4,2020-12-21,CBE,Google Play
This isn't safe app,1,2020-12-20,CBE,Google Play
Excellent app,5,2020-12-19,CBE,Google Play
Very good apps,3,2020-12-19,CBE,Google Play
It is very nice,5,2020-12-19,CBE,Google Play
ጥሩ መሻሻል ነው። አንዳንድ ጊዜ ደግሞ አዝግ ነው አይሰራም,3,2020-12-18,CBE,Google Play
Better than others,5,2020-12-17,CBE,Google Play
Better from the former one,5,2020-12-16,CBE,Google Play
"Before years later i used this app and is used to work in mobile data eventhough it doesn't have different features like this version but now it doesn't even sync my balance and even can't use any of the services it says "" can't sync "" and "" none available "" 😡🤬😡",1,2020-12-15,CBE,Google Play
"Since I have started using the application, I have saved a lot of time. It is very important application for individuals who want to save their time",5,2020-12-15,CBE,Google Play
"No working direct upgrade, you need to go to a branch everytime there is enhancement",1,2020-12-14,CBE,Google Play
Sometimes it does not work.,4,2020-12-13,CBE,Google Play
- Stop showing toasts on errors. It keeps showing up after app is closed - Show paged transaction history. The latest 10 is not enough. - Network error is happening and it's taking money without filling airtime to my phone ...,1,2020-12-13,CBE,Google Play
Thanks How to get application verification,5,2020-12-12,CBE,Google Play
"The app cannot sync with backend server, keep shown me can't sync",1,2020-12-11,CBE,Google Play
Loving it!!,5,2020-12-11,CBE,Google Play
Wow good app,4,2020-12-10,CBE,Google Play
"It is not working,not syncing,not perfectly updated",2,2020-12-09,CBE,Google Play
It's a great app,5,2020-12-08,CBE,Google Play
how can i get the verification code?,1,2020-12-07,CBE,Google Play
Good app to operate,5,2020-12-06,CBE,Google Play
I appreciated by this app. But it can't send money to inactive account and pending authorization account. Please develop more. I have long experience( more than 3 years) with former version and ussd *889#. This latter version is better than both. Keep it up!thank you. is there any payment for using cbe mobile bank? Please explain,5,2020-12-06,CBE,Google Play
Very help fuel,5,2020-12-06,CBE,Google Play
Where i get app verification key?,5,2020-12-05,CBE,Google Play
Best app and user familiar with more information included,5,2020-12-04,CBE,Google Play
Well help the people to meet bank,5,2020-12-04,CBE,Google Play
"Like always it is the worst app of all time, even I doubt it's oudated or updated. My phone is not rooted and it says you can't use this app because it's rooted",1,2020-12-04,CBE,Google Play
I've been using the previous app more than a year without any prob. This application is not working more than a month and even they couldn't also fix it.,1,2020-12-04,CBE,Google Play
Excellent Application that's appropriate for use.,5,2020-12-02,CBE,Google Play
It's not working it only updates I can't even see my balance,2,2020-12-02,CBE,Google Play
Easy and compatible,5,2020-12-02,CBE,Google Play
Looks grate. Thanks,4,2020-12-02,CBE,Google Play
It's doesn't work properly.,1,2020-12-01,CBE,Google Play
Its good app but we cant check statements for past months just recent is availavle Ita good to add this function,4,2020-12-01,CBE,Google Play
It's not working please make it something,1,2020-11-30,CBE,Google Play
How to verify it?,3,2020-11-30,CBE,Google Play
I was trying to activate the app but I do have a problem with the verification code...how can I get the verification code?,3,2020-11-29,CBE,Google Play
"It couldn't even show me my current balance, disappointing.",1,2020-11-28,CBE,Google Play
I have been using this App simply for transfer b/c CBE accounts - Ok. But the feature to transfer to non-CBE account simply took my money to unknown account?,3,2020-11-28,CBE,Google Play
Very thoughtful it's making work very simple.,5,2020-11-25,CBE,Google Play
Can't update anytime pleas make it better,1,2020-11-21,CBE,Google Play
The new one is better to use easly and so simple to asses ur account,5,2020-11-20,CBE,Google Play
App is Not working from last update.,2,2020-11-20,CBE,Google Play
አሪፍ አፕ ነው በጣም ውበት አለው ፈጣን ነው። ችግሮቹ 2 ናቸው የመጀመሪያው recents ብዙ አያሳይም ለነጋዴ የሚሆን አፕ አይደለም በቀን ብዙ transaction ካለ ግማሹ ይደበቃል ሁልቀን እንደተቸገርኩ ነው። ሁለተኛው ችግር ማዘበራረቁ ነው መጨረሻ ላይ የገቡ ብሮች ይደበቃሉ ስንት እንደሆነ የማን እንደሆነ አያሳይም። ችግር እስከሌለው ድረስ recentu በዛ ቢል 30 ቢሆን አሪፍ ነው ስቶሬጅ አይዝም እንደውም ከተቻለ statment የሚል option ኖሮ የሳምንት ድረስ ማሳየት ቢችል በጣም ምርጥ ይሆናል ይሄንን ያክል ከተለፋበት አይቀር ፕሊስ አስተካክሉት,4,2020-11-20,CBE,Google Play
No eady way to check balance after deposit or withdrawal.,2,2020-11-19,CBE,Google Play
Beneficiary account is not working!,1,2020-11-16,CBE,Google Play
It's refreshing not working since last update. I already authenticated and signed in to my account but it says no available when I clicked on service.,1,2020-11-16,CBE,Google Play
How can I get app verification,4,2020-11-16,CBE,Google Play
I can't get veritification code,1,2020-11-15,CBE,Google Play
It ask verification key when i try to open . It leads me which is useless app. I suggest to fix it up...,1,2020-11-14,CBE,Google Play
You make it easier and faster to use,5,2020-11-14,CBE,Google Play
"It is best and good app, we can use easily, enjoy it.",5,2020-11-12,CBE,Google Play
"the new version is amazing. It has all in one and works, Great job CBE.",5,2020-11-11,CBE,Google Play
"The app is not friendly usable . For example, it asks you verification key as soon as you download it. There is no description where or how to get verification key. This is crazy. I never seen any app ask you verification key at the start . confusing app. No more try waste of time.",1,2020-11-11,CBE,Google Play
"I like it, it save time and mekes me trustful friend.",3,2020-11-10,CBE,Google Play
"This app is good and easy to use UI. But, still need some bug fix such as own account transfer and payment to beneficiaries didn't work. Localization also not yet work like date conversion...",4,2020-11-10,CBE,Google Play
I'm frustrated by this app.its not even doing a single thing for me.it just keeps saying none available every time I try to use it. Hope the developers bring solutions to this problem. Thanks in advance,1,2020-11-09,CBE,Google Play
Nice app ! Thinks,5,2020-11-09,CBE,Google Play
Very good improvement,4,2020-11-09,CBE,Google Play
"The app won't list transactions made via USSD(889), why is that?",4,2020-11-08,CBE,Google Play
not synchronze the network,1,2020-11-07,CBE,Google Play
This app is not dependable and it fail to sync often. By far the sms version is better. Please try to solve it soon.,2,2020-11-07,CBE,Google Play
It is not work properly,1,2020-11-06,CBE,Google Play
Such a bad application and service u are giving us. Never think using cbe for an emergency situation.,1,2020-11-05,CBE,Google Play
"Application UI and new features are better than the previous version. I found a minor bugs though. I couldn't transfer to an account from the beneficiary list, it says None Available; There is still so much to do with the localization; Instead of ሰኔ it says ጁን and more like this; date conversion is missing also. If this minor things are fixed it will be much better.",3,2020-11-05,CBE,Google Play
So far excellent!,5,2020-11-03,CBE,Google Play
Good Application but it stops sametime,5,2020-11-02,CBE,Google Play
Not working,1,2020-11-02,CBE,Google Play
Stop working after 2 days of installation,2,2020-11-01,CBE,Google Play
Can't use this app after unsubscibing previous phone holders account and reinstalling. While I enter pin and activation code it says failed to authenticate and finally blocks the pin after 3 trials. I have been retried more than 3 times and finally gets stuck. Pls help.,4,2020-11-01,CBE,Google Play
It is a good up with nice interface.....but it doesn't sych.....pls correct it,4,2020-11-01,CBE,Google Play
if you trouble activating it in the bank with mobile data try the wifi its much faster and works,5,2020-10-31,CBE,Google Play
በዚህ አፕሊኬሽን ብዙ አካውንት add ማድረግ ቢቻል ጥሩ ነበር‼️,2,2020-10-31,CBE,Google Play
Nice up easy to use,5,2020-10-29,CBE,Google Play
Safe and fast thanks,5,2020-10-29,CBE,Google Play
Nice one cbe,4,2020-10-28,CBE,Google Play
User friendly & Wonderful app,5,2020-10-28,CBE,Google Play
I wasn't able to try your app because while opening the app it's says your device is rooted. Even if it's a precaution incase of hacking but my device is not rooted. I even disable OEM unlocking but the error is still there.,1,2020-10-27,CBE,Google Play
I am happy with this app introduction; the older version was troublesome. Thank you #CBE!!,5,2020-10-25,CBE,Google Play
The app is not working in android version 10 . Please fix it,1,2020-10-23,CBE,Google Play
Improved app,5,2020-10-21,CBE,Google Play
I love the upgrade but what happened to the details of the transactions made?????,5,2020-10-21,CBE,Google Play
First for Humanity and your vision. Thank you for your best service CBE.,5,2020-10-20,CBE,Google Play
"If you forgot your password you have to go to the bank which is so tiring, there should be a link on the app that helps you recover your password. And it has huge problem using the app to send money.",1,2020-10-20,CBE,Google Play
What is the verifcation key,1,2020-10-20,CBE,Google Play
Its way better than before,3,2020-10-19,CBE,Google Play
"I downloaded the app,but asking for a key. How do I get the App's verification key?",5,2020-10-19,CBE,Google Play
My experience with this app is very bad. I just downloaded and installed this app and I stuck with the verification code. The app requested me to input the code without sending it. 😢,1,2020-10-19,CBE,Google Play
You do good on upgrading the app keep it up👍,4,2020-10-18,CBE,Google Play
In most of the cases the app doesn't work properly. It is more than a week the app was stopped working.,1,2020-10-18,CBE,Google Play
It's a good job,5,2020-10-16,CBE,Google Play
Tranferring money to CBE wallet is too difficult this time. Please fix it!!,3,2020-10-15,CBE,Google Play
But signal is weak,4,2020-10-14,CBE,Google Play
"Nice platform, thanks.",5,2020-10-13,CBE,Google Play
I love the update . Nice work,5,2020-10-13,CBE,Google Play
Can't synchronize.,3,2020-10-13,CBE,Google Play
Please Linked My Account.,5,2020-10-12,CBE,Google Play
Before a time this app is working properly but now busy,5,2020-10-12,CBE,Google Play
The worest app ever,1,2020-10-10,CBE,Google Play
Good but need more features,3,2020-10-10,CBE,Google Play
Nice app with a new features ... Really like it !!!,5,2020-10-09,CBE,Google Play
Were is verification code,5,2020-10-08,CBE,Google Play
I realy like it,5,2020-10-07,CBE,Google Play
This app is good. It is better if the bank has app for ussd *889# like cve birr *847# becaus connection in ethiopia is not good and closed for smoll reason.,5,2020-10-05,CBE,Google Play
"I don't understand what is verification key account number,ATM card code, account name what is it?",1,2020-10-04,CBE,Google Play
"The application do not show the real account balance on time, which shows fake balance. Its poor and offending Most of the time it shows old balance.",1,2020-10-03,CBE,Google Play
Was good till internet shutdown by govt,5,2020-10-03,CBE,Google Play
Evry thing ok but it not acitve,5,2020-10-01,CBE,Google Play
The application is upgraded to it's best. ADD other feature as per customers experience,5,2020-10-01,CBE,Google Play
Very important for more security now the secret pin is only 4 digit but make for better security 6-8 digits pin please Very nice ui design but the top up is not working please Fix the bug,5,2020-09-30,CBE,Google Play
Why would I go to the bank to get verification !! I was supposed to enter my pin number,1,2020-09-30,CBE,Google Play
Now it supports most phones. Good job!,5,2020-09-30,CBE,Google Play
"It is good and easy to use. But as you changed your phone it needs activation code from bank. So this needs improvement. Always as you changed your phone, you should go to bank branch to get activation",1,2020-09-29,CBE,Google Play
The updated cbe application is perfect,5,2020-09-29,CBE,Google Play
It is very nice app specially for saving time and avoiding needles services .,5,2020-09-28,CBE,Google Play
None avialable only,1,2020-09-28,CBE,Google Play
Very updated,4,2020-09-28,CBE,Google Play
"I am having problem with this updated version . Old version was way better than this one,",1,2020-09-26,CBE,Google Play
No suficient service,5,2020-09-25,CBE,Google Play
I never want to use this app. I like to type *889#. I just hated to go to the bank to activate the app. It took them 1 minute to do it. Now I just bragging I can recharge my phone with one click. Nice interface keep at it.,5,2020-09-25,CBE,Google Play
Commercial Bank,5,2020-09-23,CBE,Google Play
It doesn't work and sync when you want to use and transfer money to others. Why CBE is not working to solve the problem.,4,2020-09-23,CBE,Google Play
This app is not working....,5,2020-09-22,CBE,Google Play
How can I get verification code?,3,2020-09-22,CBE,Google Play
Wow! This last update solved the problem of some system compatibility issues. now it works fine. thanks?,4,2020-09-22,CBE,Google Play
good app 10 q commercial bank of ETHIOPIA,5,2020-09-21,CBE,Google Play
It is so nice app,4,2020-09-21,CBE,Google Play
It deserves 5 🌟 now.,5,2020-09-18,CBE,Google Play
It has serious synchronisation problem,1,2020-09-18,CBE,Google Play
it is best.,5,2020-09-18,CBE,Google Play
Very simple to use,5,2020-09-18,CBE,Google Play
It's fast and simple to use.,4,2020-09-17,CBE,Google Play
"I have been using old version of this app since 2017 ,this version is very nice.",5,2020-09-17,CBE,Google Play
I was able to use the older version with ease. But now it doesn't even open and tells me that it can't be opened on rooted devices. Please fix that.,2,2020-09-17,CBE,Google Play
"it very interesting and easy to use & this new version is very fast to update the transaction, acct bal ,etc",5,2020-09-16,CBE,Google Play
thank u for ur immidiate action to update the app for all types of android system.,5,2020-09-16,CBE,Google Play
Doesn't synchronized,1,2020-09-16,CBE,Google Play
"I have been using this app fair smoothly till the last update few days back and now it is a disaster as it repetitively says 'unable to sinc ' and when I uninstalled it and tried to re-install with proper procedure guided from my CBE branch, it again and again fails to accept verification code ...it is quite a disappointment !",1,2020-09-15,CBE,Google Play
Amazing app,4,2020-09-15,CBE,Google Play
"I keep getting error pop ups on my screen even after closing the app and when i am using other apps, please fix this bug.",3,2020-09-15,CBE,Google Play
Good app and friendly to use in its amahric langogue feature.,5,2020-09-14,CBE,Google Play
How to get verification code,1,2020-09-14,CBE,Google Play
Simple to use,4,2020-09-14,CBE,Google Play
Better with the design. But still it can be improved with a better interface. Good work,5,2020-09-14,CBE,Google Play
Why the 3.7MB update takes forever to install? At first I thought it was my data conn issue but was not. I have been enjoying the later version until I unable to use due to update installation issue.,1,2020-09-13,CBE,Google Play
It asking verification code where could i find it. Please help,5,2020-09-13,CBE,Google Play
Simple and easy to use,5,2020-09-13,CBE,Google Play
Much better user experience than the old version. Please add more utility payments like DStv.,5,2020-09-13,CBE,Google Play
Excellent app,5,2020-09-13,CBE,Google Play
This is what i need a really really love the new app,5,2020-09-13,CBE,Google Play
Nice & fast,5,2020-09-13,CBE,Google Play
CBE አሪፍ ነው።,5,2020-09-12,CBE,Google Play
Ethiopia Oromia USA,5,2020-09-12,CBE,Google Play
best application,5,2020-09-12,CBE,Google Play
"I have been using this app for more than a year it came with best version, but now after the last update it's not working well as before. It can't sync, the connection is not working at all. I can't see recent transactions and make any transfer , all the features are not working, I hope you will come with a better update soon.",2,2020-09-12,CBE,Google Play
Best app. Improved speed,5,2020-09-12,CBE,Google Play
"It's great until few days back but it stop working for me starting Friday it says ""can't sycn"" please solve the problem.",4,2020-09-12,CBE,Google Play
"If it shows more transactions, it would be nice. But it's still great app",5,2020-09-12,CBE,Google Play
Well designed user interface and easy to use! Great app! Good job developers!✔✔✔,5,2020-09-11,CBE,Google Play
I have been using the previous version of this app. My android version is 6.0 but unfortunately this new update support android 7.0 or higher. I don't know why you choose to do that. Most famous app here in google play are still support devices starting from version 4.0. considering most of the users to be from Ethiopia I don't think you will target almost all of the customers with the current lowest version support. Please address this issues we are facing.,2,2020-09-11,CBE,Google Play
It asks an authorization key. I can't get it,2,2020-09-10,CBE,Google Play
I love this new app!,5,2020-09-10,CBE,Google Play
"Activation took to much of my time and initial log out was difficult, asking PIN again and again.",3,2020-09-10,CBE,Google Play
The interface of the app is great but it's very difficult to see balance and other functions. It's seems no more functional...,1,2020-09-10,CBE,Google Play
CBE mobile banking makes life easy.realy it helps in creating cashless society..please make cbe birr apps active as mobile banking too...your call center is too busy...and not found at all..please take corection action on it,5,2020-09-09,CBE,Google Play
I cant pass the authorization key how do i find it? Please reply if u know.,1,2020-09-09,CBE,Google Play
The updated version of the app is fabulous; easy to use and customer friendly.,5,2020-09-09,CBE,Google Play
"Great app, keep it up. we need more service option to make life easy.",5,2020-09-07,CBE,Google Play
"It helps a lot,thanks",4,2020-09-07,CBE,Google Play
ወደ ሙባይል የተላከን ገንዘብ መመለሻ የለውም,4,2020-09-06,CBE,Google Play
Barely works. My balance never updates and I cant transfer money 90% of the time. The old app was so much better.,1,2020-09-06,CBE,Google Play
Its so nic app,5,2020-09-05,CBE,Google Play
"It only works at the first glance(only after installation and configuration). After that all the transfer options, utilities, top up doesn't work. It just say doesn't sync. Even the balance bord keeps loading and doesn't show the current balance.... Very poor experience ☹️😥.",1,2020-09-04,CBE,Google Play
When App Updates it askes to reregistration from the branches,3,2020-09-04,CBE,Google Play
It asks authorization key I'm cofused with it which is the authorization key,2,2020-09-03,CBE,Google Play
"It's sweet app,do more to fix more fitures",5,2020-09-03,CBE,Google Play
Always 'can't sync' and i can't get solution at the branch office.,1,2020-09-03,CBE,Google Play
"I have been using this app for almost four years now. In the beginning, it was working fine. Sometime later, it gets difficult to create a connection to my account, and could not manage to make and see transactions on my account. After updating it lately, Jul 2020, I was glad this app came with some user interface improvements, and the connection was quite fast. Not longer than two weeks, the app starts to get stuck, and it cannot even show me the UI properly. As a result, I have a useless app on my cell phone, hoping that [you] will soon come with updates.",2,2020-09-03,CBE,Google Play
It is nice app,5,2020-09-02,CBE,Google Play
No complaints.,5,2020-09-02,CBE,Google Play
Galatooma gaarii dha,5,2020-09-02,CBE,Google Play
I think the old was way better than this. I wish i never updated this app .,1,2020-09-02,CBE,Google Play
"really appreciate and useful 👍 app ..and happy if u can use more access to buy air tickets, get loans, ....etc...but honestly so glad to use this app..thanks",5,2020-09-01,CBE,Google Play
It is good but sometime it doesn't work,5,2020-09-01,CBE,Google Play
I love it. Keep up your good work,5,2020-09-01,CBE,Google Play
I like this App. Very much.,5,2020-09-01,CBE,Google Play
The old/previous version was better than this updated version.,1,2020-08-31,CBE,Google Play
"The App is very good. What I couldnot see is transfer history beyond one week, such as a month or two months. Is there any way to do that?",4,2020-08-30,CBE,Google Play
It was nice at the previous versions but at the new update it did not work anything!,1,2020-08-29,CBE,Google Play
The app is good..but where I get authorization key.,2,2020-08-29,CBE,Google Play
Would've given it 5 but sometimes it doesn't work properly. It's been 3 days since it stopped transferring money and buying airtime,4,2020-08-29,CBE,Google Play
Love it But Recently the app is unfuctional. Fix bugs,3,2020-08-28,CBE,Google Play
User friendly app,5,2020-08-27,CBE,Google Play
This app is good but i cant download on my LG & samsung s6 phone it says 'its not compatible for this devices' so pls fix this problem guys & make the app to compatible for all phones pls pls...thanks.,2,2020-08-27,CBE,Google Play
It is moreover best if it works with differen accounts,5,2020-08-26,CBE,Google Play
Very much improved from the previous one. I really love it,4,2020-08-26,CBE,Google Play
"The old version stopped working for me and whenever that happens I had to go to my CBE branch and ask for help to get it reinstalled. I just updated it, and it worked like a charm with an elegant UI and very stable services.",5,2020-08-26,CBE,Google Play
"Solid app, but it will be good to have a 2 step security authentication before funds activity is comfirmed.",5,2020-08-25,CBE,Google Play
"The app is not compatible with certain devices. For example, with samsung galaxy note edge.",2,2020-08-25,CBE,Google Play
The application is not user freindly at all,2,2020-08-25,CBE,Google Play
Always sync failed,1,2020-08-25,CBE,Google Play
Better from previous version but doesn't support to use more than 1 account with one phone no. And also once reinstalling the app. Need authentication and confirmation no from branch. I wish you can make it soon,3,2020-08-24,CBE,Google Play
The last update is so nice and interactive. Good job,5,2020-08-24,CBE,Google Play
This is really fantastic app,5,2020-08-24,CBE,Google Play
Very poor as compared with the previous one.,1,2020-08-23,CBE,Google Play
We'll designed user interface and easy to use app. Well done CBE. The last version was just boring and unattractive. This version looks so good that I'm seeing people logging in just to enjoy the view. Keep it up.,5,2020-08-22,CBE,Google Play
"Dear developer, The new update says mybdevice is rooted and I cant use the app, However I amb100% sure that my device is not rooted. Please fix this bug ASAP as this issue iw ibservee on another galaxy S7 edge device",1,2020-08-21,CBE,Google Play
Arif app new!,5,2020-08-21,CBE,Google Play
It's not good,1,2020-08-21,CBE,Google Play
Why it delay?,5,2020-08-21,CBE,Google Play
"As i downloaded the app, I had and issue of the authorization code. I don't even get any notification that provides this code.",1,2020-08-20,CBE,Google Play
How do i get authorization key?,3,2020-08-20,CBE,Google Play
"Good interface, but long waiting for synchronization. U better need to look at the backend infrastructure",4,2020-08-19,CBE,Google Play
Its that what i want good app,5,2020-08-19,CBE,Google Play
still now not not showing my balance but it open,3,2020-08-19,CBE,Google Play
Wonderful app,5,2020-08-19,CBE,Google Play
I love this new version but it doesn't update the balance immediately,5,2020-08-19,CBE,Google Play
"This application has many problems, 1.This application requires physically going to bank to configure it for the first time. 2.It doesn't not have strong authentication policies 3. Unlike other bank applications it does not support username, password and email/phone number authentication 4. Sometimes it does not work",1,2020-08-19,CBE,Google Play
Very reliable and friendly for use!,5,2020-08-18,CBE,Google Play
"Better than pervious,Nice interface and looking. However , *better to include balance after each withdraw/deposit. *include water services ( You show it in the app but not there) *Make it Printable via bluetooth printer *",3,2020-08-18,CBE,Google Play
Most of the time it doesn't work,2,2020-08-18,CBE,Google Play
How do i get the activation,3,2020-08-17,CBE,Google Play
better user interface and very fast 👏👏,4,2020-08-17,CBE,Google Play
What a massive improvement from the previous version!,5,2020-08-17,CBE,Google Play
"The new update is fantastic. The CBE app never looked better, faster and interactive. Good Job.",5,2020-08-16,CBE,Google Play
It's good for me,4,2020-08-16,CBE,Google Play
"The new app is not compatible with my android phone,what shall I do? Since the previous one worked properly.",1,2020-08-16,CBE,Google Play
"On the previous version i used to have the remaining balance after each transaction, that was so helpful. But know its just the last remaining balance zat u can check. Zats not good",3,2020-08-16,CBE,Google Play
"This is realy an amazing payment apps i have ever seen. It is easy, beautiful user interface and light.",5,2020-08-15,CBE,Google Play
The update is awesome,5,2020-08-14,CBE,Google Play
Very nice. Fast and easy. I love it.,5,2020-08-14,CBE,Google Play
I'm living in China. Previously it was working even around the beginning of the new updated relased. Currently I can log in but it is not working after that. Is the new version is working out of Ethiopia or not?,5,2020-08-14,CBE,Google Play
Banck Account,5,2020-08-14,CBE,Google Play
Best service,1,2020-08-13,CBE,Google Play
I like cbe app!,5,2020-08-13,CBE,Google Play
Great App! ምርጥ ነው።,5,2020-08-13,CBE,Google Play
This is awesome.,5,2020-08-13,CBE,Google Play
Very nice and easy to us better from the previous app,5,2020-08-13,CBE,Google Play
Not working,1,2020-08-13,CBE,Google Play
I like it. Keep it up!,4,2020-08-12,CBE,Google Play
"Very smart app, but it's not compatible for all android version. So, please amend it since almost all users use mobile apparatus that have a version of below 6.",5,2020-08-11,CBE,Google Play
super fast and I can do everything in one place,5,2020-08-11,CBE,Google Play
Good application Thank so,5,2020-08-11,CBE,Google Play
Really I got it helpful It is easy to use It reduces time for transactions,5,2020-08-11,CBE,Google Play
I like it but it would be better to show not only recent transactions and should add monthly statement,4,2020-08-11,CBE,Google Play
Now it looks great! We can use ever utilities as simple as it is. Thanks.,4,2020-08-11,CBE,Google Play
Better than the old one but the utility section doesn't seem to respond to any entry. Hope it gets fixed,3,2020-08-10,CBE,Google Play
The most precious easy to access and secured app love,5,2020-08-10,CBE,Google Play
Better than the previous one,4,2020-08-10,CBE,Google Play
Great app guys! Easy to use and sync automatically update.,5,2020-08-10,CBE,Google Play
The New Update is no1. It deserve 5 stars +. Good job CBE.,5,2020-08-09,CBE,Google Play
It did not worked for me irrespctive of Internet connection!,1,2020-08-09,CBE,Google Play
Zigale Kassa Bizuneh,5,2020-08-09,CBE,Google Play
don't transfer to cebbirr,3,2020-08-08,CBE,Google Play
Its amazing feature good CBE,5,2020-08-08,CBE,Google Play
Is not working on my phone how can i fix that pls help me,1,2020-08-08,CBE,Google Play
Wonderful and smart applicable,5,2020-08-08,CBE,Google Play
"Its better,but it's not complete. E.g on access to AAWSA payment,can't add another account.",4,2020-08-07,CBE,Google Play
Good features. And really very fast..! Amazing from CBE...!!,5,2020-08-07,CBE,Google Play
It's like being in a stone age,1,2020-08-07,CBE,Google Play
The old version was bad and difficult to login. but this one is amazing and user friendly.,5,2020-08-07,CBE,Google Play
Good improvement it support Amharic font,5,2020-08-07,CBE,Google Play
Very Nice Application.,5,2020-08-07,CBE,Google Play
"Much better than the previous, simple and user friendly. 👏",5,2020-08-07,CBE,Google Play
It is beter than before,4,2020-08-07,CBE,Google Play
wow nice application,5,2020-08-07,CBE,Google Play
Its really a good app BZW,4,2020-08-07,CBE,Google Play
I see major improvements and I thank you personaly. But the total exiting after usage is non responsive. Try to solve it.,4,2020-08-07,CBE,Google Play
The frequent changing of the app by the developers and stop of mobile banking app is disturbing and disappointing. Why do this keep happening?,4,2020-08-07,CBE,Google Play
Currently it's not working on my phone android 9 and Ram 6gb what's is the solution.,5,2020-08-07,CBE,Google Play
How to get authorization code?,1,2020-08-06,CBE,Google Play
"Previous update didnt work but now everything seems to be working,",4,2020-08-06,CBE,Google Play
Perfect app,5,2020-08-06,CBE,Google Play
Just great app,5,2020-08-06,CBE,Google Play
Great problem solver application. Thank you.,5,2020-08-06,CBE,Google Play
The new version of the app is awesome!,4,2020-08-06,CBE,Google Play
how to get autorized key,3,2020-08-06,CBE,Google Play
"Obviously it is improved, but still it lucks exit interface, please fix it",4,2020-08-06,CBE,Google Play
"The new update is user-friendly, interactive and packed with new features. 5 stars!",5,2020-08-06,CBE,Google Play
Nice application. Very easy to use.,4,2020-08-06,CBE,Google Play
Good cbe app,5,2020-08-06,CBE,Google Play
The current version is a vast improvement.,4,2020-08-06,CBE,Google Play
It seems good now.,5,2020-08-06,CBE,Google Play
Easy & attractive !,4,2020-08-06,CBE,Google Play
Make it available to all smart phone. It selects some phone to be down load from play store. It also better to be transfer through xenders . Better from previous one but need some support to be available to all smart phone.,5,2020-08-05,CBE,Google Play
Excellent upgrade,5,2020-08-05,CBE,Google Play
Great experience,5,2020-08-04,CBE,Google Play
Awesome!! Better also include AAWSA payment in the utility group as CBE birr payment doesn't show detail about the meter reading and also month of payment.,4,2020-08-04,CBE,Google Play
Best mobile banking,5,2020-08-04,CBE,Google Play
Better UI and functionalities . which is best for me.,4,2020-08-03,CBE,Google Play
"Good App, and thousands of time better than the previous App, keep it up...",5,2020-08-03,CBE,Google Play
"For starters,the app is by far better than the previous one.It has better graphics,fast synchronization and it's easy to use.But what I don't understand is that first why is it so difficult for you guys to add a ""forgot pin"" link in the login page? Why is it every time a user forgots his/her pin,they had to go to their branch? it's very frustrating and not expected from a banking app of such a giant bank.Secondly,the ""Accounts"" and ""Recents"" sub menus at the bottom have exactly the same features",2,2020-08-02,CBE,Google Play
"I love it so much for its nice user interface and massive improvement. One much important thing it lacks is that, it synchronizes #ONLY-ONE account per app. For this reason, people (customers) who had >/= 2 accounts for different reasons, are obliged to visit the local CBE branch, which is unadvisable especially during COVID-19 era. I hope you will do your best on it.",4,2020-08-01,CBE,Google Play
"The old one was very bad and clumsy. every time I tried to login there was a problem with synchronization, because of that I was close to clear my account from CBE and open a new one in privet bank, as they cares about their customers. In other hand the new one is perfect and shows a little bit reformation in the Headquarter and this makes us to trust this bank again.",4,2020-08-01,CBE,Google Play
its not working properly,2,2020-08-01,CBE,Google Play
I am trying it now,5,2020-07-31,CBE,Google Play
The upgread is perfect and loved the new system could be accessed from any branch if u face problem in the application. The other thing if possible to add would be to expand the number of transaction be looked for all transaction back to a month period at list this will help review most transactions if there needs any review. The only problem I saw is that once a phone number is attached to another bank account # you need to provide another phone number to get the service. The rest is excellent,4,2020-07-31,CBE,Google Play
Not working...now I'm out of Ethiopia. Sync failed...any suggestions or solution,3,2020-07-31,CBE,Google Play
The new application is good interms of interface but the old one works better faster this one lags you have to work on it,1,2020-07-31,CBE,Google Play
It is good i like it.,5,2020-07-31,CBE,Google Play
I am proud that CBE upgrade this app!!,5,2020-07-31,CBE,Google Play
ቀደም ሲል ኢትዮጵያ በነበረኩበት ጊዜ ሞባይል ባንኪንግ እጠቀም ነበረ። ከዛ ለትምህርት ወደ ሩሲያ ሞስኮ ሔድኩኝ ። እዚህም እያለሁ ላለፋት ሁለት ዓመታት በትክክል ይሠራ ነበረ ። ነገር ግን አሁን አድሱ መተግበሪያ / አፑ ከከፈተ በኋላ እየተሽከረከረ አይከፍትም ። በዚህም የተነሳ ለምፈልገው ነገር ሁሉ መጠቀም አልቻልኩም ። ነገር ግን በየጊዜው ማሻሻያ መደረጉ የሚበረታታ ነው ።,3,2020-07-31,CBE,Google Play
"Better than the previous apps, you can get the current balance with the acct.numer without too much ado.",5,2020-07-30,CBE,Google Play
It's a very nice and friendly application,5,2020-07-30,CBE,Google Play
Very Good!!!,5,2020-07-29,CBE,Google Play
Does not work properly,1,2020-07-29,CBE,Google Play
"The page has synchronization issues at first entry, the balance display page will sync after entered one of the front icon and get back to the previous page.",3,2020-07-28,CBE,Google Play
I have updated the june 28 version then it is not workings all. Considering the current Covid 19 pandemic you should make the system more friendly to avoid physical visit to the bank . i just don't get it why CBE is always two steep back in making the process more easy .,1,2020-07-28,CBE,Google Play
"Too much slow n not working most of the time. ""Processing"" ""sync failed""... pls some one tell me how i can remove the update n use the pervious version??",1,2020-07-28,CBE,Google Play
What an amazing updated app... There are many new features zat i wishs before thnaks cbe... Am also cbe staff.,5,2020-07-27,CBE,Google Play
Nice update 👍 . Cheese 🤛👍 IT mans good job.,5,2020-07-27,CBE,Google Play
When you refresh your account it's slow and it doesn't tell you the latest update time. This means you don't know whether the figure you see is old or new. This upgrade was actually a downgrade!,1,2020-07-27,CBE,Google Play
Mobile topup not working,1,2020-07-27,CBE,Google Play
"I am out of Ethiopia I used to this app.It's very nice to use. but now I can't use. Also i tried the new version 4.1 and it doesn't work. I can't check my balance,transfer.... please help me!! how to solve the following problems? => can't sync & => none available",4,2020-07-27,CBE,Google Play
Working good,5,2020-07-27,CBE,Google Play
Well done guys!,5,2020-07-27,CBE,Google Play
"It is a nice app compared to the previous one. I appreciate you have included local language but the details in the Amharic section will return to English mode, please fix that problem plus additional local language will increase its usability. Also it would be nice if the terms and conditions agreements, security tips, charge and transfer limits.... are included in the app.",4,2020-07-26,CBE,Google Play
"I like the graphics! And, it syncs very easily.",5,2020-07-25,CBE,Google Play
The updated app is attractive and is working very well. Forced to revise my previous rating of 2 star to 4 star. Hope it will keep on working! Rated it excellent for the past years. Revised my review after it keeps on crashing in 2019 and installing it for a second time in less than 3 months. Please work on the problems.,4,2020-07-25,CBE,Google Play
"It asks me download authorisation code, and I didn't know it. Please help! I want to use this app now!",5,2020-07-25,CBE,Google Play
"That is good, it would be even better if we can access account satement at a point in time.",5,2020-07-25,CBE,Google Play
"It is greatly improved and user friendly.i really , enjoy and loved it.",5,2020-07-25,CBE,Google Play
This update is not totally working on my android 10.I try to reinstall and get the authorization key from branch but it always says authentication failed .Is the any one who cam help?,1,2020-07-24,CBE,Google Play
"The previous version was working fine but after update it said that my device was rooted, even though it wasn't, and it didn't work. I had to reinstall the previous one.",1,2020-07-24,CBE,Google Play
Simetimes not working but as a biginig nice,3,2020-07-24,CBE,Google Play
Good but Not compatable for all android phones,3,2020-07-24,CBE,Google Play
CBE is coming with the updated technology. I am proud to be a customer and staff of this honored Bank. Please make an improvement on app exit request.( 'Are you sure to exit' yes or no),5,2020-07-24,CBE,Google Play
It can't download the application right now BCD of rooting,1,2020-07-23,CBE,Google Play
Amazing update but topup is not working properly!,5,2020-07-23,CBE,Google Play
Fantastic app! Very good job dear developers! Better than the previous one as it is user friendly!,5,2020-07-23,CBE,Google Play
Much better version!,5,2020-07-23,CBE,Google Play
"It cannot start. The old version was working perfectly. I am currently out of Ethiopia and cannot go to the bank to see what is the problem. Now I have no access to my account and with coronavirus travel restrictions, cannot go back to Ethiopia either. Is it possible to get an authorization key so that user can remotely reinstall/register the app?",1,2020-07-22,CBE,Google Play
A Perfect app but try to fix logout problem.,4,2020-07-22,CBE,Google Play
It's better than previous,5,2020-07-22,CBE,Google Play
Good experience,5,2020-07-22,CBE,Google Play
"How can I get authorization key to access my bank account through mobile CBE app? I zipped it due to space issue and when I try to unzip the app it stop working. Now, I have to process all the steps again. How can I do that as I am not currently in Ethiopia to access my account? Please please please support me",2,2020-07-20,CBE,Google Play
Your last update is wonderful ...nice app,4,2020-07-17,CBE,Google Play
Nice feature poor performance..... need upgrades on top up....it doesn't work.,1,2020-07-16,CBE,Google Play
I deleted the app and redownloaded it again but I couldn't connect because it asks an authorisation key number....how do I know it,2,2020-07-16,CBE,Google Play
Great. Specialy after update,4,2020-07-16,CBE,Google Play
በጣም ቀላል እና ምቹ መገልገያ ነው። የCBE Birr መገልገያ ተመሳሳይ App ቢኖረው መልካም ነው። 👍,5,2020-07-16,CBE,Google Play
"New Update Is A Huge Improvement. Very Nice Interface. Version 4.1 Is The Best Yet. Keep It Up. I Have One Suggestion, Make The App Able To Sync Multiple Accounts Not Just One.",5,2020-07-16,CBE,Google Play
"Very Good app, but needs some modifications.",4,2020-07-15,CBE,Google Play
Amazing features,5,2020-07-14,CBE,Google Play
I Live Out Of Ethiopia I Send My Money to My Cbe Account But I Don Have Mobile Banking how Can I Open Please Help Me,3,2020-07-12,CBE,Google Play
First time tha i get happy by CBE's achievements. Congrats CBE Simple to use and uptodate. Go on and it will be nice if you add the investment options so that we can invest online too. Good Job,5,2020-07-07,CBE,Google Play
Much better,5,2020-07-06,CBE,Google Play
Please solve problems very soon The app is denied to activate,1,2020-06-30,CBE,Google Play
Improved very much,5,2020-06-30,CBE,Google Play
Nice Improvent in the GUI from CBE but we'll see it the near future if the app has any crashes,4,2020-06-29,CBE,Google Play
"what a nice!. user friendly, easy to access, updated, Amharic supported, error solved and well developed app.",5,2020-06-29,CBE,Google Play
"Wonderful app thanks for changing the oldq one, Good Job!",5,2020-06-29,CBE,Google Play
"Recent update is very good. User interface has been redesigned and it's really awesome. Only downside is that you can't see all of recent transactions, it is limited to some and there is no way to see older transactions. Apart from that CBE has done a good job in revitalizing the old app.",4,2020-06-29,CBE,Google Play
Good keep it up,5,2020-06-29,CBE,Google Play
"This ought to be a major update in a while. The graphical user interface has been well improved. However, a very important feature that used to exist in the old versions, which used to allow the user to transfer money within his own accounts in the CBE at ease has to be reinstated back.",3,2020-06-29,CBE,Google Play
"Its nice user interface...I hope you fix synchronisation fail problems that is common in before apk. In before apk if you are in middle of try to send the money and unfortunately internet is disconnected or someone is call you , the application say to you synchronisation is fail ..try to restart my phone or off and on internet the application never work again.. I call 951 but never get any support .",4,2020-06-28,CBE,Google Play
Blameless !,5,2020-06-28,CBE,Google Play
Better than previous app,5,2020-06-28,CBE,Google Play
Make it USSD not showing pin,5,2020-06-28,CBE,Google Play
It is clear and nice application. Becuase it is more Userfriend app.,5,2020-06-28,CBE,Google Play
It keeps on crashing after the update.,1,2020-06-27,CBE,Google Play
"Thank you for the update. It has been a long long time since the last update, now it seems cool than the old boring one.",5,2020-06-27,CBE,Google Play
It have improved... I like this version but if I can see all the month statment is best!,5,2020-06-27,CBE,Google Play
Marvelous design,5,2020-06-27,CBE,Google Play
"It is a very good app; but as a comment, the signs in the app should have their own unique color. For example, the Top up sign should have the color of ethiotelecom.",4,2020-06-27,CBE,Google Play
Unfortunatly the app stoped working all the time when i try to run it,1,2020-06-27,CBE,Google Play
frequently crashes,3,2020-06-27,CBE,Google Play
Soooooo wonderful application,4,2020-06-27,CBE,Google Play
App is not opening after update,5,2020-06-27,CBE,Google Play
"It's good app, you need upgrade continuously Thank you",5,2020-06-26,CBE,Google Play
Nice improvement,5,2020-06-26,CBE,Google Play
Happy to have ACCOUNT with CBE. Thank you for the new mobile banking app which can help the customer for settlement of their bills.,5,2020-06-26,CBE,Google Play
I am very proud of my bank. It is such a remarkable application ever.,5,2020-06-26,CBE,Google Play
"With your new CBE mobile app version, it is gonna be alright and much interactice I hope. However, using it in weaker internet connection is often tiring... 4 issues... 1. One thing, please allow the use to subscribe or unsubscribe from the service without the subscriber requiring him to come to your office in person.... 2. You may also introduce two-factor authorization, like if someone even has got your pin, 3. Consider includng water billing and 4.update your apps often work on improvements",3,2020-06-26,CBE,Google Play
This one is better than the earlier version. It still needs more to show info,4,2020-06-26,CBE,Google Play
It works perfectly for me and has many options......5 star......,5,2020-06-26,CBE,Google Play
Its very nice!👌,5,2020-06-26,CBE,Google Play
Not working... it says. Can't Sync...,1,2020-06-26,CBE,Google Play
Nice view layout,5,2020-06-25,CBE,Google Play
Excellent app,5,2020-06-25,CBE,Google Play
Good look and easy to use.,5,2020-06-25,CBE,Google Play
looks better,5,2020-06-25,CBE,Google Play
Upgraded to user friendly,5,2020-06-25,CBE,Google Play
ur update is so rubbish.. it crash when u login... and after all this comments you didn't do anything.. you should remove it or replace it with the old working version...or either tell us what to do.,1,2019-04-01,CBE,Google Play
fast & relayable!,5,2019-03-31,CBE,Google Play
"can you please fix the problem, I'm overseas and can't get to CBE branch for a fix, PLEASE DO SOMETHING!! start by removing it from play store until you figure out what the issue is!",1,2019-03-31,CBE,Google Play
the new app is not integrating with the system... fix it.,1,2019-03-29,CBE,Google Play
Does not work after update,1,2019-03-29,CBE,Google Play
whre can i get the donload authorization code,1,2019-03-28,CBE,Google Play
Can't log in,3,2019-03-28,CBE,Google Play
"after updating the app it never works. Let alone giving a star if there was a negative star, i would have given you negative start. how could a biggest bank in a country doesn't have good app. ለማንኛውም ግን ማፈሪያ ባንክ ነው !!",1,2019-03-26,CBE,Google Play
frequently failed and needs authorization.,2,2019-03-26,CBE,Google Play
app not working after update if ur not aware of it already care to do something about it?,1,2019-03-26,CBE,Google Play
please do something about the app!! the new update is useless!!!,1,2019-03-25,CBE,Google Play
ባለፈው ግዜ የተሻለ ሃሳብ ሰጥቼ ነበር፣ አጋጣሚ ሁኖ አሁን ሃሳቤን ቀይሬ አለሁኝ፣ የኮከብ ደረጃም ከ5 ወደ አንድ ለማውረድ ተገድጄ አለሁኝ፣ አፕዴት አድርጎ የተሻሻለ አፕልኬሽን ለዛውም የፋይናንስ እንዴት ክራሽ ልያደርግ ይችላል፣ ከሃገር ውጭ ሁኜ አካውንት ማንቀሳቀስ አስችሎኝ ነበር ክራሽ በማድረጉ እና እንደገና አክትቬሽን ኮድ በመፈለጉ፣ ሃገር ቤት እስክመለስ እንዳልጠቀም አድርጎኛል። ለቀጣይ በተሻለ መልኩ ተሳራላችሁ ብየ ተስፋ አለኝ!!,1,2019-03-24,CBE,Google Play
"why this app is trash,cannot open using my pin,please do something with this issue",1,2019-03-24,CBE,Google Play
I was using this up for while but after I logged out for several weeks and tried it again it failed to log in .. then I Uninstall the and tried it again after reinstall but somehow it needs a verification code form CBE,2,2019-03-22,CBE,Google Play
I just update this week it won't open now. Please fix it asap,4,2019-03-21,CBE,Google Play
Best application for me.,4,2019-03-21,CBE,Google Play
"app is crashing with the new update. please fix it as soon as possible. I am in another country and not able to make transactions. Please, are you reading the reviews? Guys does anyone know if it works by uninstalling and reinstalling without needing to go the bank??",1,2019-03-21,CBE,Google Play
Version 2 not working correctly,3,2019-03-21,CBE,Google Play
The very important App for us.,5,2019-03-20,CBE,Google Play
its very annoying a company with this size doesn't respond to it's customer.very arrogant and ignorant,1,2019-03-19,CBE,Google Play
Please try to link the updated version.,2,2019-03-19,CBE,Google Play
Very Good App but add some Transactions list,3,2019-03-18,CBE,Google Play
crashes after update for v2. please reply for comments asap.,1,2019-03-17,CBE,Google Play
very very very useful,5,2019-03-17,CBE,Google Play
one day it just has stopped in the middle of no where and left me helpless. i was to transfer money to my brother for an urgent school fee.,4,2019-03-17,CBE,Google Play
what is going on with this app it's not working at all,1,2019-03-15,CBE,Google Play
"With the recent update, I faced a serious problem similar to those mentioned by others. Hence I have to uninstall and reinstall the app...and it is working well now. I strongly suggest if CBE makes a regular check and take a quick corrective actions on reviews made by customers!!!",3,2019-03-14,CBE,Google Play
update NOT Working,1,2019-03-14,CBE,Google Play
After the recent update the application is getting crashed. Kindly fix the bug soon.,1,2019-03-14,CBE,Google Play
Crashed after update. Pls release fix asap.,1,2019-03-14,CBE,Google Play
Absolute trash after an update,1,2019-03-14,CBE,Google Play
Crashed after update,1,2019-03-13,CBE,Google Play
App still crushing after entering pin! And still no response from tech support!!!!,1,2019-03-13,CBE,Google Play
sms code did not work,2,2019-03-12,CBE,Google Play
not working after i update,1,2019-03-12,CBE,Google Play
"It has been a week since it stop working. How it doesn't work after UPDATE? Need attention. CBE, Please correct it!",1,2019-03-12,CBE,Google Play
"Crashes after update, shame.",1,2019-03-12,CBE,Google Play
After updating the app stops working.,1,2019-03-11,CBE,Google Play
the app is crashing after update. please fix the problem or let us what to do.,5,2019-03-10,CBE,Google Play
New update is very poor. Immediately crashes after Entering pin.,1,2019-03-10,CBE,Google Play
difficult on using occasional time.,1,2019-03-09,CBE,Google Play
Please don't release update because after update it says unfortunately stoped! what is wrong?ohhh,2,2019-03-09,CBE,Google Play
"was working fine, but now it crashes after the update and lots of people are complaining about it but you chose to keep silent",1,2019-03-08,CBE,Google Play
useless update,1,2019-03-08,CBE,Google Play
"I recently updated this app but it completely stop responding...this is very sad,can't even run my business deals.",1,2019-03-08,CBE,Google Play
update doesn't work,1,2019-03-08,CBE,Google Play
it is not working totally after update.,1,2019-03-07,CBE,Google Play
This app is mot working after the recent update.,1,2019-03-07,CBE,Google Play
this update is was not working,1,2019-03-07,CBE,Google Play
crashing crashing and crashing fix it,1,2019-03-07,CBE,Google Play
"Do you even have tech support who reads the review and work on the glitch? the last update is totally unusable. Fix it quickly its a big national brand, it shouldn't have taken this long",1,2019-03-07,CBE,Google Play
እየፈጩ ፡ ጥሬ ፡ አለ ፡ የሀገሬ ፡ ሰው፡፡ በዩዘር ፡ ለምን ፡ እንድንገባ ፡ አታረጉም ፡ ሰው ፡ ከሌላ ፡ ሀገር ፡ እኮ ፡ እንዳገና ፡ መግባት ፡ ሊያስፈልግ ፡ ይችላል ፡ ስልክ ፡ ቢቀየር ፡ ወይ ፡ አፑ ፡ ቢበላሽ,1,2019-03-07,CBE,Google Play
It crashes acfter this update...so what is the meaning of releasing V2...previously it was working....oppss...bad app.,1,2019-03-06,CBE,Google Play
not working..,1,2019-03-06,CBE,Google Play
too much beautiful and amazing apps,5,2019-03-06,CBE,Google Play
the app stop working when you update it and it has no solution for the problem,1,2019-03-06,CBE,Google Play
app crush after update,1,2019-03-06,CBE,Google Play
"you're lucky that you've got one star from me, because there is no half star.",1,2019-03-06,CBE,Google Play
The app keeps on crushing & I can't log in or access my account. Went to the bank for trouble shooting. The customer service was very poor and I told to reinstall the app and enter new activation key. I did and after starting to work for few hours again the prob is there and the app is still crushing and not working. Such poor service is unexpected from a big statd owned bank. You should fix the problem ASAP.,1,2019-03-05,CBE,Google Play
"Completely and utterly made it unusable after the update. Why would anyone, in their right minds, make something that worked before to a new “updated” rubbish!?",1,2019-03-05,CBE,Google Play
last update keeps crashing after inserting pin. fix please!,1,2019-03-05,CBE,Google Play
Peoples are complaining. what aren't you responding? Your customer support is lame!,1,2019-03-05,CBE,Google Play
The app crashes after the last update. Please fix it.,3,2019-03-05,CBE,Google Play
update ከሆነ ቡሀላ ባግባቡ አይሰራም በተቻለ መጠን በፍጥነት አስተካክሉት የመጀመሪያው የተሻለ ነበር,2,2019-03-05,CBE,Google Play
Latest update is having bugs. The is not opening and crashing after updating.plz fix soon.,1,2019-03-05,CBE,Google Play
this update crashes please do something,1,2019-03-05,CBE,Google Play
"App crushing after update. I approach the bank to fix it and they told me I need new authentication key for every update. What if I was abroad? Even after I logged in, features like Services, Finance and Banking are not there. It doesn't deserve a single star either.",1,2019-03-05,CBE,Google Play
incompatible,1,2019-03-05,CBE,Google Play
"updated version keeps crashing on Android Oreo, please fix it. UI is also really bad. its functional but could be a lot better.",3,2019-03-05,CBE,Google Play
App doesn't work.,1,2019-03-04,CBE,Google Play
Very bad app from the so called largest bank in Ethiopia. It keeps crashing after the new update and the interface is ugly.,2,2019-03-04,CBE,Google Play
it was good app since last update now doesn't work after updating… what happened? please fix the problem ASAP.,2,2019-03-04,CBE,Google Play
this Last update is defective. the app is crashing after I updated it. please do fix it.,2,2019-03-04,CBE,Google Play
"Excellent app, but limited transfer plz make the app to be tranferred large amount. Thanks",5,2019-03-04,CBE,Google Play
App crushing after update to V2. Keeps crushing after accepting pin.,1,2019-03-04,CBE,Google Play
It's a good app for android but I can't find it on iPhone apps store pls make it available for iPhone,3,2019-01-10,CBE,Google Play
Thank u for the app,4,2018-12-29,CBE,Google Play
To autherize new account it needs uninsrall dis not good fix it,5,2018-12-13,CBE,Google Play
"It keeps on failing to connect to server at intervals , to solve it, install again and activate",3,2018-12-03,CBE,Google Play
needs improvement. can't see who makes the transfers the name should be seen when the detail is selected. also i have different accounts in my name and i can only use my phone for one account only ? mobile banking has become easy ....commercial banks of Ethiopia......you need to keep up!!!,1,2018-11-07,CBE,Google Play
Thank you download app,5,2018-11-07,CBE,Google Play
It is best app for my life,5,2018-10-19,CBE,Google Play
It's not enough to have an app. It has to work,1,2018-09-03,CBE,Google Play
Its good begning,3,2018-09-01,CBE,Google Play
To use this app send massages,5,2018-08-25,CBE,Google Play
Islamic creadit sistem fome,5,2018-08-20,CBE,Google Play
it is good app,5,2018-08-17,CBE,Google Play
I haven't money but i'm very happy!!,5,2018-08-06,CBE,Google Play
Its good and simply to use but internet must be there,5,2018-08-06,CBE,Google Play
Please remove what you call authentication code and use other simple steps,3,2018-08-02,CBE,Google Play
to approve the update,5,2018-07-30,CBE,Google Play
"Why everything is complicated and difficult to use in ethiopia?your all 
applications are difficult to use I hate your everything",1,2018-07-29,CBE,Google Play
It say download the app authorization code&PIN from branch,5,2018-07-17,CBE,Google Play
This is very good you can use any place all over the world i like it,5,2018-05-20,CBE,Google Play
በ ኣይፎን 11 ኣይሰራም ምክንያቱ ኣፕዴት ይጠይቃል,5,2018-05-12,CBE,Google Play
TESFAY. CANADA. B.C.,4,2018-03-19,CBE,Google Play
I think i growth  with you by anything  business,5,2018-01-03,CBE,Google Play
Add financial news and correct the speed of your network,3,2017-12-07,CBE,Google Play
great application,5,2017-12-03,CBE,Google Play
How poor is this app it's dead,1,2017-10-31,CBE,Google Play
So happy with cbe,5,2017-10-13,CBE,Google Play
It was somehow good but need improvement!,2,2017-08-11,CBE,Google Play
Good app for major transaction & need to improve with  monthly summary repot,3,2017-08-11,CBE,Google Play
"Authorization key!?  What does it mean? May it be the Activation Code or the Pin Code I received from one of CBE Branches!? Or a different thing that, I should do another way???????? Every body asks, but no one appeared answering!! What a hell!!!",5,2017-08-09,CBE,Google Play
Very nice app.i admire how it makes it easy for access,5,2017-07-02,CBE,Google Play
Good to use it,3,2017-06-26,CBE,Google Play
The blank space to write Ac no is unvisible  please modify to whight color.ነጭ ኣድርጉት,1,2017-06-17,CBE,Google Play
This makes me to use the bank services easly,5,2017-06-14,CBE,Google Play
Authorization fails problem,5,2017-05-14,CBE,Google Play
Iwanttobeuse SMS,5,2017-05-13,CBE,Google Play
this is excellent app  Easy to use  Good work,5,2017-04-21,CBE,Google Play
Short and precise,5,2017-04-13,CBE,Google Play
Sends cash many times with no number of count  dialogue to the same receiver.,4,2017-03-31,CBE,Google Play
So these is very application,3,2017-03-30,CBE,Google Play
"When transaction are made it displays error and made no entry in the transaction list. When i made the second transaction it deduct twice a very serious bug that should be handled soon, i faced twice in a month. After all it is individual's money you are dealing with.",2,2017-03-19,CBE,Google Play
this app is not functional  in some android smart  phone. eg. android 3.4,1,2017-03-15,CBE,Google Play
The Essential app,5,2017-03-06,CBE,Google Play
"Very, very important and helpful",5,2017-01-10,CBE,Google Play
After some times it fails not working for those services insie it except checking balance. When I open to new service the app will close it self.,1,2016-12-08,CBE,Google Play
Whos and what is authorization. Code? ?,1,2016-12-07,CBE,Google Play
to download and how ican log in my account?,1,2016-11-20,CBE,Google Play
Excellent Appllication,5,2016-11-05,CBE,Google Play
Most liked bank and trustworthy!,4,2016-10-15,CBE,Google Play
"I have downloaded and went to CBE and registered my account. It shows only my balance and previous transactions. But when I tried to transfer money to non CBE customer it asks only revipients name, phone number and amount not any other criteria such as branch of sender and recipient. Finally when I press ""submit"" button it says input valid data. So how can I use it? I filled all the available blank spaces correctly but it doesn' work",1,2016-09-25,CBE,Google Play
I thrust commercial bank of Ethiopia my money established it,5,2016-08-28,CBE,Google Play
I like it saves your time.,3,2016-08-23,CBE,Google Play
please allow us to register online without going to branch office,1,2016-08-20,CBE,Google Play
I liked it.,4,2016-07-21,CBE,Google Play
it is not  work,1,2016-07-21,CBE,Google Play
is not so good but if you trying this is well we want app like barcalys or standerd chtred,4,2016-07-03,CBE,Google Play
"The bank has given me an authorization key,but it says invalid",4,2016-06-15,CBE,Google Play
This mobile app is great if it work properly. It is not working in my mobile (Samsung galaxy core).it  is not self contained and need web to see the full interface which is bad. The graphics(the first page) look very unprofessional.,1,2016-06-15,CBE,Google Play
Where can we get authorization code??  Need help from a developer or any body uses this App.?????,1,2016-06-13,CBE,Google Play
Downloaded and I've to go cbe branch ...not any branch.,2,2016-05-04,CBE,Google Play
I really hate CBR! I'd rather be AIB or OIB customer to get a good service.,1,2016-03-15,CBE,Google Play
Can't download.,5,2016-03-02,CBE,Google Play
Authorization code,5,2016-02-01,CBE,Google Play
It not installing it takes time why?,3,2015-12-11,CBE,Google Play
"It works well but some functions are not visible for android 2.1, . . .",4,2015-11-07,CBE,Google Play
But like all ethiopians app,5,2015-09-30,CBE,Google Play
I loved it so much....,5,2015-09-30,CBE,Google Play
I like b.c it is must,1,2015-09-26,CBE,Google Play
Makes life simple.,1,2015-09-08,CBE,Google Play
Seems good but needs lil improvements in speed & performance,4,2015-09-02,CBE,Google Play
I am always with this efficient Bank.,4,2015-08-13,CBE,Google Play
Mobile banking,5,2015-08-08,CBE,Google Play
Your color choice makes it hard to read the text.  Logo is very blurry.  Try to use better quality vector images.  It seems like the app was designed by a beginner.  Look at some of the major banking apps like Bank of America  etc...  Nice try,1,2015-07-19,CBE,Google Play
I cant use by galaxy s6 edge,5,2015-07-13,CBE,Google Play
Ajemamru lay  algebgnem yemn cod  new yemasegbaw ? Plss  help me,1,2015-07-08,CBE,Google Play
it is easy to work with,5,2015-07-03,CBE,Google Play
It is little bit confusing.,5,2015-06-17,CBE,Google Play
Very help full,5,2015-05-13,CBE,Google Play
Www bayye gariidha,5,2015-04-28,CBE,Google Play
I Appreciate it app,5,2015-04-06,CBE,Google Play
What is an authorization code???,5,2015-03-19,CBE,Google Play
first i thank you for this service  .then please tell me what is አውቶራይዜሽን key  please,4,2015-01-26,CBE,Google Play
What is Authorisation code and where  can I get it!?,1,2015-01-13,CBE,Google Play
Authorizations code,5,2015-01-12,CBE,Google Play
"I have authorization key  and activation code already. But when i tried to login ,it always says ,connection failed and try again. What shall i do?",5,2015-01-09,CBE,Google Play
Happy to have online banking in Ethiopia,5,2015-01-09,CBE,Google Play
Now everybody has access,5,2015-01-04,CBE,Google Play
so bad how can we know the authorization code?,5,2015-01-03,CBE,Google Play
For Samsung S3 it doesn't work properly (isn't compatible ) please fix it.,2,2014-12-19,CBE,Google Play
I want to activate mobile banking with CBE.CBE has sent me the pin and activation code.,5,2014-12-16,CBE,Google Play
Gutama mahamad,5,2014-12-13,CBE,Google Play
My partner to develop!,5,2014-12-04,CBE,Google Play
all of you have to go to the bank and fill in forms and get a pin,5,2014-11-29,CBE,Google Play
Found it very helpful,4,2014-11-28,CBE,Google Play
"no one can ever get it work.  Completely unfinished app. please complete all the path.  it is more useful when it is a whole app.. This is a waste of time. guys, Don't download it.  I like the idea though.",2,2014-11-23,CBE,Google Play
money transfer,5,2014-11-19,CBE,Google Play
I don't like it just because it's limitation it's  not working  abroad and it doesn't give you the authentication numbers and also its only in English why not amharic,1,2014-10-21,CBE,Google Play
"It's awesome software, but sometimes it completely doesn't work. But still it's nice to start thinking like that as a developing country.....better tomorrow!",4,2014-10-17,CBE,Google Play
it is so nice try to use it.,5,2014-10-15,CBE,Google Play
Best apps fore bissneses Man.,5,2014-10-14,CBE,Google Play
I cant explain my feeling itso good iliked it thanks,4,2014-10-09,CBE,Google Play
Nice application,4,2014-10-04,CBE,Google Play
All services not available on my phone.,4,2014-09-28,CBE,Google Play
Yes!Yes!Yes! I loved it very much because of they gave me fast service to obtain mobile banking service and ATM service.,5,2014-09-25,CBE,Google Play
It good  application! Thanks !,3,2014-09-25,CBE,Google Play
Very nice application,4,2014-09-21,CBE,Google Play
Ato.Mussie Yohannes,4,2014-09-13,CBE,Google Play
I love  this app it's  so cool  and time  saving but poor  method of authorization  key delivery  method,5,2014-09-13,CBE,Google Play
It's nice I like it,4,2014-09-11,CBE,Google Play
Any one pls tell me how to use mobile banking from overseas,5,2014-08-30,CBE,Google Play
Help me to get an authorization code as soon as possible please!,2,2014-08-27,CBE,Google Play
After some step it is not functioning!,3,2014-08-26,CBE,Google Play
User friendly!,5,2014-08-20,CBE,Google Play
But what is download authorization code???,3,2014-08-20,CBE,Google Play
I what add bot i dot now cod,1,2014-07-30,CBE,Google Play
It was so cool and I love it,5,2014-07-17,CBE,Google Play
CBE is really the bank we rely on.,5,2014-07-15,CBE,Google Play
Jasmin Rongcales.Taylor,5,2014-07-12,CBE,Google Play
Enas mohammed,5,2014-06-14,CBE,Google Play
It is always good to make services easier. Go CBE.,5,2014-06-10,CBE,Google Play
Wow very nice but how con working,5,2014-05-23,CBE,Google Play
Nice startup.,3,2014-05-08,CBE,Google Play
I think it is good for all.,4,2014-05-07,CBE,Google Play
Very good but not i know using,4,2014-04-14,CBE,Google Play
I love my cbe,4,2014-04-07,CBE,Google Play
Its very bsst app,5,2014-04-06,CBE,Google Play
It  is good,4,2014-03-29,CBE,Google Play
Nice to see U leading...,5,2014-03-25,CBE,Google Play
"It says that Once you download the application, you can get Authorization code and PIN from your CBE Branch at any time.  Have downloaded the application and Authorization code should be available at the time of downloading instantly.  Instructions should be clear.  Once we can log in to the system, we can comment more but for now we can only say what I have experienced",3,2014-03-24,CBE,Google Play
Please keep upgrading. We thank you.,1,2014-03-20,CBE,Google Play
good application how can I get authorization code for CBE application for used,5,2014-03-17,CBE,Google Play
God is love.,5,2014-03-09,CBE,Google Play
Wish they made ut easier to get the initial codes tho.,5,2014-03-08,CBE,Google Play
Not recive the code,4,2014-03-05,CBE,Google Play
How I get the aut.code?,5,2014-03-04,CBE,Google Play
"it is very cool app ti me, but unfinished description and guide yet! .",2,2014-03-03,CBE,Google Play
God is love,5,2014-02-27,CBE,Google Play
Unable to get auth key,4,2014-02-27,CBE,Google Play
Cbe where a good access,1,2014-02-25,CBE,Google Play
Really I am more appreciate your work. It is a nice application.,3,2014-02-24,CBE,Google Play
The  bank thats realy gives a better service,5,2014-02-24,CBE,Google Play
Authorization code i don't know how to get it anyone out there please help,4,2014-02-22,CBE,Google Play
can any one explain me how this thing work? currently I am a mobile banking service user and I have installed this app. but whenever I start the app it requests for download authorization key.  where and how can I get this key?  Thanks,1,2014-02-20,CBE,Google Play
It might be good,3,2014-02-19,CBE,Google Play
it's ok letst tecnologey.,4,2014-02-17,CBE,Google Play
didint see the problem,5,2025-10-09,BOA,Google Play
the First application is Easy,1,2025-09-05,BOA,Google Play
it's very good service,5,2025-09-01,BOA,Google Play
the best app,4,2025-06-02,BOA,Google Play
Keep It Up Your Carrer!!!,5,2025-01-22,BOA,Google Play
clumsy app.,1,2024-11-08,BOA,Google Play
Verygood app,5,2024-09-23,BOA,Google Play
Abisniya ban,5,2024-09-06,BOA,Google Play
Not working all the time,1,2024-09-04,BOA,Google Play
tooooooo much poor,1,2024-07-10,BOA,Google Play
The app is very slow; please optimize the system for speed.,2,2024-07-08,BOA,Google Play
The new updates dos not work on my device what shall i do,1,2024-07-01,BOA,Google Play
Please update,5,2024-05-14,BOA,Google Play
"I have been using the app but now it says ""This app is not available for any of your devices"" And i couldn't use it.",1,2024-05-05,BOA,Google Play
The only problem with this app is that it almost never works! How can you make this product available to customers when you know your customers will get the worst experience?,1,2024-04-20,BOA,Google Play
Thanks bayyee gaariidhaa,5,2024-04-07,BOA,Google Play
Your app is not working,1,2024-02-29,BOA,Google Play
This app is good but its slow not fast,3,2024-02-28,BOA,Google Play
The worst banking app I've ever used! I don't need a lot of features please remove the all the mumbo jambo and make the basic stuff work first! Don't get me started with the performance. I won't be using boa anymore it's ridiculous,2,2024-02-25,BOA,Google Play
"Unusable! Dev's, Please make sure to test your apps before pushing it to production. 🙄",1,2024-02-21,BOA,Google Play
Auto update,1,2024-02-18,BOA,Google Play
It's not working also very low speed,1,2024-02-13,BOA,Google Play
Excellent .,5,2024-02-11,BOA,Google Play
When I open the app most of the time shows me blank/White page,1,2024-02-10,BOA,Google Play
This app is very problematic compared to other financial apps and unable to be updated.,1,2024-02-09,BOA,Google Play
None sense app,1,2024-02-09,BOA,Google Play
It suckssss!!!!!,1,2024-02-08,BOA,Google Play
Please Goto Play-store or App-store Search for BoA Mobile Banking App And Click on Update app When i open app it says the above but it hasn't update option on play store.,1,2024-02-08,BOA,Google Play
"The worst banking app ever, it doesn't work at all. It this bank has a management staff ? You guys are losing so many customers because of this issue including me, the problem starts when you update the system. You better work on it.",1,2024-02-08,BOA,Google Play
"very slow app we can't get on time likely so, please solve the problems",1,2024-02-08,BOA,Google Play
"The only bank moving backwards, worst apps worst service I am definitely changing banks cbe is getting way better than you imagine cbe 🤯🤯",1,2024-02-07,BOA,Google Play
Over all the app is good minor interface design is needed but over all its good. The main issue ive experienced while using the app is that it slow. Its slow on the loading page for example and also while processing.,3,2024-02-07,BOA,Google Play
Low Speed Quality,1,2024-02-07,BOA,Google Play
"This app is getting worse and worse, frequent stacking, and its difficult for updating due to confusion with other apps make it unreliable and frustrating to use. These issues are crucial for potential users to consider before relying on the app for their needs so the bank needs to solve this issue.",1,2024-02-05,BOA,Google Play
"If zero stars rating was possible, this app deserves it. The worst mobile banking app I've ever used.",1,2024-02-04,BOA,Google Play
Easy and fast app tnx for all,5,2024-02-04,BOA,Google Play
The App has basically locked itself and won't let me login before I update the app meanwhile there is no update available in the app store ... make it make sense ...,2,2024-02-03,BOA,Google Play
The worest app that i ever face,1,2024-02-03,BOA,Google Play
በጣም አሰልች ችግር የማያጣው አፐ,1,2024-02-03,BOA,Google Play
It's continue to disturbing me and it's not working as it's expected guys do something,1,2024-02-03,BOA,Google Play
I couldn't update the app,3,2024-02-02,BOA,Google Play
This App is Super Lazy. Didn't expect from BOA.,1,2024-02-02,BOA,Google Play
The worest app ever Please update it,1,2024-01-31,BOA,Google Play
We don't expect such app from this giant corp,1,2024-01-24,BOA,Google Play
ሲፈልግ የሚሠራ App ነው ሲደብረው አይሰራም በጣም ነው የሚያስጠላው እኔ ይሄንን App አምኜ Cash ሳልይዝ አልንቀሳቀስም,1,2024-01-15,BOA,Google Play
What about mean thise app,5,2024-01-10,BOA,Google Play
Very good 👍,3,2024-01-09,BOA,Google Play
After the last upgrade the app got worst for any thing,1,2024-01-08,BOA,Google Play
Altemechegnm,1,2024-01-07,BOA,Google Play
"Useless super laggy app. Would have given it zero stars if it was possible. Edit: It has managed to get even worse. Never expect this app to work when you need it. Either have cash on hand or have money on other apps as a backup. I don't know why Ethiopian banks try to compete on who has the tallest building while their basic services are completely useless. It's been years, fix this.",1,2024-01-07,BOA,Google Play
You don't expect a big institution to tape together a badly functioning website and call it an app. That's why you see it loading... all the time,1,2024-01-05,BOA,Google Play
Stop upgrading the app if you're unable to served well ur customers😡😡😡,1,2024-01-05,BOA,Google Play
"After i register for this app, it's not even opening... It says ""BOA HAS STOPPED"". THE WORST APP EVER CREATED. Make quick updates and fix this issue.",1,2024-01-05,BOA,Google Play
"Worest app I've ever seen. It's so slow, it crushes everytime. The old version was so good",1,2024-01-05,BOA,Google Play
"It doesn't log in, it take too long stuck in white screen. Its annoying",1,2024-01-04,BOA,Google Play
አፕሊኬሽናችሁ በጣም አስቸገረኝ ሊሰራልኝ አልቻለም ከደምበኝነት ውጭ ልታደርጉን ነው,5,2024-01-04,BOA,Google Play
"If I had to rate this app on a scale of 1 to 10, I would most definitely not rate it. It's trash beyond comprehension. I'd rather go to the physical locations and handle my affairs then to open up this app. It is single handedly the worst mobile banking app I have ever used.",1,2024-01-04,BOA,Google Play
I gave you 5* b/c the app is useless 🤧,1,2024-01-03,BOA,Google Play
Tiglu workine,5,2024-01-02,BOA,Google Play
Worst and unhelpful,1,2024-01-02,BOA,Google Play
"I am very disappointed by the update app. Very slow app, even login it is making me hate my bank account. The app before the update works just fine. I just want to know how can I undo the update app? Pooooooooor so poor",1,2024-01-01,BOA,Google Play
Very worst app,1,2023-12-31,BOA,Google Play
It's a very sluggish app. Do something about it.,1,2023-12-31,BOA,Google Play
"The worest application ever, total garbage, and useless.",1,2023-12-31,BOA,Google Play
"Doesn't get worse that this, I have used multiple mobile banking apps this one is by far the worst one!!! The app never seems to work and the UI is horrendous not the type you would expect from a multi billion birr company. Total disgrace 🤢",1,2023-12-30,BOA,Google Play
"Compared to others, this one is very poor!",1,2023-12-29,BOA,Google Play
This is the most terrible mobile banking app I have ever used. I don't even know how horrible I felt just after the moment I started using it. The developers have to do something ASAP! This app doesn't match the service of the bank. I have un-installed it immediately and will check back if there will be any updates in the future.,1,2023-12-29,BOA,Google Play
Irrelevant app,1,2023-12-28,BOA,Google Play
"Horrible horrendous app.... Network doesn't work I can't access my money. Transfer doesn't work, ATM code won't generate... Terrible Interface.",1,2023-12-27,BOA,Google Play
I have log yera customers served in bank of abbysinia,5,2023-12-27,BOA,Google Play
"this is stupid App, but i like Abyssinia bank!!!",1,2023-12-26,BOA,Google Play
ይፍፍዮይይዮግይትይ,5,2023-12-25,BOA,Google Play
"Use less , slow and i can't even get access to my own account now...",1,2023-12-24,BOA,Google Play
Azzzzig app,1,2023-12-21,BOA,Google Play
Great Bank with worst mobile app,1,2023-12-21,BOA,Google Play
I can't log in it's the laziest app I had ever have in Internet banking,1,2023-12-21,BOA,Google Play
It's so weak and bore. Oh I'm tired to open this app,1,2023-12-21,BOA,Google Play
The worst mobile banking app I have ever seen. Every time I get upset when I use this app... now it doesn't even respond.,1,2023-12-18,BOA,Google Play
The worst mobile banking app ever in all its aspect and that's all i can say.,1,2023-12-14,BOA,Google Play
Very Bad and terrible App.... It takes ages to open/ login,1,2023-12-14,BOA,Google Play
0 Star . THIS IS THE WORST APP I HAVE EVER SEEN. I HAVE TASTED AND USED LOTS OFF APPS ESPECIALLY BANKING APPS. BUT THIS APP IS THE WORST. WHY DONT YOU MAKE A REAL APP. YOU JUST USED YOUR ONLINE BANKING IN THE APP. DO BETTER,1,2023-12-13,BOA,Google Play
The app sometimes do not open at all With repeated logins trials,2,2023-12-13,BOA,Google Play
"Want to access your bank account while simultaneously playing a shell game trying to pick the shell that DOESN'T have a cobra under it? Look no further than the BoA mobile app! 2/3 of the time you try to access your account, you'll be bitten! Hope you weren't trying to pay for antivenom! Probably the worst banking app I have ever used. System is constantly updating, app freezes more often than it works, and it is always very slow. Yet another indication of BoA falling behind the other banks.",1,2023-12-13,BOA,Google Play
Beautiful offline mode applications is excellent services for viewers and I love you,5,2023-12-12,BOA,Google Play
The app does not launch. It shows a white screen.,1,2023-12-11,BOA,Google Play
so happy with it BOA wonderful that'sGoood,5,2023-12-11,BOA,Google Play
"The doesn't work on weak phones, this not good",1,2023-12-11,BOA,Google Play
My frist choice #BEKUR bank of Ethiopians,5,2023-12-10,BOA,Google Play
እረ ይደብራል ይሄ አፕ ዘገምተኛ ነዉ ካለ 4ግ አይሰራም በዛ ላይ ምንም አያምርም ቀላል አርጉት ቴሌብር እና ንግድ ባንክ ተመልከቱ,2,2023-12-08,BOA,Google Play
በርተ በጣም ጥሩ ነው,4,2023-12-07,BOA,Google Play
Each second ask biometric verification and load in blank,1,2023-12-06,BOA,Google Play
It is so sluggish.,1,2023-12-06,BOA,Google Play
Nice work Abissinya,5,2023-12-06,BOA,Google Play
So slow..the most worest mobile banking app ever,1,2023-12-05,BOA,Google Play
I can't use the app it crash every time,1,2023-12-05,BOA,Google Play
"It has become a worst, old one was better. I gave it one star because there is no below rating.",1,2023-12-05,BOA,Google Play
"The first app was fast, it asked me to update, but when I updated it, it was very slow and unresponsive This is the worst banking app in Ethiopia.",1,2023-12-05,BOA,Google Play
It doesn't work at all!!!,1,2023-12-05,BOA,Google Play
I like thos app,5,2023-12-05,BOA,Google Play
Terrible application lagging the whole time,1,2023-12-04,BOA,Google Play
"I want to make transections and often times it's not working. The app is loading for so long that I receive a notification that the session is about to expire. I really wonder how other people are able to use this app. More then half of the time it's not working. Would love to know the trick and for the company that developed this app, please do your homework and improve it ASAP.",1,2023-12-04,BOA,Google Play
I can't even login please update it...i love BOA services except this,2,2023-12-04,BOA,Google Play
Please update the app it's very complicated than other banks most of time it doesn't work at all,1,2023-12-04,BOA,Google Play
"Please this version needs an update, I'm having the worst experiences 👎👎👎",1,2023-12-03,BOA,Google Play
"Worst, whyy, i moving to telebirr",1,2023-12-03,BOA,Google Play
The worst update everr it gets stuckkkkkkkkk always it suckssss forr the old one was goodddd,1,2023-12-03,BOA,Google Play
Bad for android .,1,2023-12-02,BOA,Google Play
Boa mobile app is very slow no word slow what,1,2023-12-01,BOA,Google Play
Its worest app i have ever seen,1,2023-12-01,BOA,Google Play
በጣም አሰልቺና ለአጠቃቀም የማይመች መተግበሪያ ነው። ማሻሻልና ማስተካከል ይኖርባችኋል።,1,2023-11-30,BOA,Google Play
"The new App can not run on my phone. After installing , it stacked on white screen. Even the bank staffs can't give me support .",1,2023-11-28,BOA,Google Play
"Still Useless and outdated app! ,please upgrade your app even it can't open the login interface",1,2023-11-28,BOA,Google Play
Useless app,1,2023-11-27,BOA,Google Play
A very bad and unfriendly app!,1,2023-11-26,BOA,Google Play
After i put my pin to login the app will show me a gimps of the homepage then go back to asking me to insert the pin again. I even thought it was a phishing app. Disapointed,1,2023-11-25,BOA,Google Play
The worst app ever,1,2023-11-24,BOA,Google Play
The most annoying mobile banking application ever.,1,2023-11-24,BOA,Google Play
"2023 ላይ ሆኖ በዚህ ደረጃ ላይ መገኘት በጣም ያስተዛዝባል ገንዘብ ማስተላለፍ በዚህ App በጣም ከባድ ሆኗል እንዲስተካከል ስደውል ቅርንጫፍ ሂድ ነው የሚሉት, ችግሩ እኔ ጋር ብቻ ቢሆን ቅርንጫፍ መሄዱ ትርጉም ይኖረው ነበር ነገር ግን በአቅራቢያዬ ያሉ ተጠቃሚዎች ጋርም ተመሳሳይ ችግር አለ, ስራ ላይ Effect ማምጣት ጀምሯል እናም የማይስተካከል ከሆነ ቅርንጫፍ የምመጣው ለማስተካከል ሳይሆን ገንዘቡን በሙሉ አውጥቼ ባንክ ቡኩን ልዘጋ ነው። በተፈለገው ጊዜ አገልግለሎታችሁን የማናገኝ ከሆነ ጥቅማችሁ ምንድን ነው ?",1,2023-11-24,BOA,Google Play
It is terribleit doesnt even deserve 1 star.i liked the old version.it was fast and reliable.now I can use the app 99 percent of time because it doesn't load or it takes ages to load.please do better.,1,2023-11-23,BOA,Google Play
The worst app ever,1,2023-11-23,BOA,Google Play
It's the sowest application i ever seen,1,2023-11-23,BOA,Google Play
Last update completely broke it. There's no option to login and I needed money. How the hell did this make it to production? Edit: 10 months later and app ks still garbage,1,2023-11-22,BOA,Google Play
Is the Woret mobile banking app relatively from another mobile banks apps.,1,2023-11-20,BOA,Google Play
Betam metr app nw bezu des yemilu feature alw ena user friendly nw 5 star besetew des yilegnal gn betam stack yaregal metekemw Samsung m13 nw so cegeru selke gar aydelem wifi nw metekemewum so data garim aydelem cegeru update setaregut fetnetun betaam mecemer alebacihu. And gize aschekuay guday agatmogn alkeft belo and seat nw yaskomegn. Appu arif hono gn fetnet ga ceger alw betam. This is what I have experienced personally hopefully you will make more it better on the next update.,4,2023-11-20,BOA,Google Play
It doesn't work,5,2023-11-20,BOA,Google Play
"Consistently logs me out, need to attempt 5 times to login successfully, can't transfer money because there's some cryptic error in the application, I don't know what error code -1 means!! Please please resolve your issues, or even build a brand new app, would be better.",1,2023-11-18,BOA,Google Play
Worst app of the century,1,2023-11-18,BOA,Google Play
it is the worst mobile banking app,1,2023-11-18,BOA,Google Play
After i get verfication it become white screen and close the app which is dirty not workiing at all,1,2023-11-16,BOA,Google Play
It went all the steps well but couldn't set new password. Because it says previous password is incorrect but I just logged in to the previous mobile banking app using same password.,1,2023-11-16,BOA,Google Play
"I regreat for killing my time to register for this service, you don't even respond to this hundred comments .",1,2023-11-15,BOA,Google Play
The application is not working the app is just Black I can't see anything,1,2023-11-14,BOA,Google Play
It takes really long time to log in unlike any other apps like telebirr or Amole. Please solve this issue or we're forced to put our money on other banks,1,2023-11-13,BOA,Google Play
It lags very very much . I want to u use BOA but because of its malfunction i had lost many bussiness,1,2023-11-12,BOA,Google Play
Are you guys okay? Since 18 March till today I couldn't get access my online account. Update እናድርግ ብላቹ outdated ሆነባችሁ መሰለኝ Shame on you. This is a sign of incompetency and let your clients to see other alternatives 😬,1,2023-11-11,BOA,Google Play
Gayes Data betam yefelegal,1,2023-11-11,BOA,Google Play
The new update doesn't work at all. At least the previous one worked sometimes. Didn't work all the time but it was much better. I can see that you worked on aesthetic improvements which is fine but functionality should come first.,1,2023-11-10,BOA,Google Play
Itd.not that good,1,2023-11-10,BOA,Google Play
ምን አይነት አዚግ አፕ ነው? አታስተካክሉትም እንዴ?,1,2023-11-09,BOA,Google Play
For the love of God tinish techenkachu siru. Yegibir yiwta endetesera yastawikal. Kesemachu Simu Kalone Andegnayen Wesgne Oromia bank bihed ena bidenakor yishalegnal,1,2023-11-08,BOA,Google Play
"Anything doesn't work on the app, I can't even log in. Please it has been a long since the app stopped working completely fix the whole app .",1,2023-11-08,BOA,Google Play
Worst app. Please work on it.,1,2023-11-08,BOA,Google Play
What a shame app😐,1,2023-11-06,BOA,Google Play
Lacks efficiency doesn't open as fast as cbe mobile banking app.,3,2023-11-06,BOA,Google Play
Worst app ever made me give up on the account,1,2023-11-06,BOA,Google Play
"Worst bank app ever. the review should be less than 0, it crashes and won't open. Take it down from play store",1,2023-11-06,BOA,Google Play
The app is getting worst when i update it. Now i am facing trouble to login so i having difficulty on my transaction specially on the weekends. Please try to solve that immediately.,1,2023-11-05,BOA,Google Play
It's easily crushing after a couple of times use.,1,2023-11-04,BOA,Google Play
It's bad application,1,2023-11-04,BOA,Google Play
Doesn't login,1,2023-11-04,BOA,Google Play
Worst app ever,1,2023-11-04,BOA,Google Play
Takes so much time,1,2023-11-04,BOA,Google Play
Thank you for this app,5,2023-11-03,BOA,Google Play
Is not wark at this time why,1,2023-11-03,BOA,Google Play
"Why you guys make something on the application, how could you do not solve the issues for this whole time. The app was very good and responsive before the new update, but right now, I can't tell you how much it's annoying. I don't know why the executives keep silent. Please try to fix the bugs or make something different, don't push away the customer to migrate to other banks to find convenient. Thank you!",1,2023-11-03,BOA,Google Play
@AbesinyaBankBot,5,2023-11-02,BOA,Google Play
Forces you to update only the update doesn't start at all. I would have given it 0 star if it was possible.,1,2023-11-02,BOA,Google Play
"Hello! Abyssinia. I was confused whether to rate this update 1 star or 2, but for the love I have for the bank I decided to give u 3. This update is giving me a headache. It takes much time just to login, after it log's in it will go blank most of the time. I hope you will fix this soon. Overall, I can say BOA is the best bank for me.",3,2023-11-02,BOA,Google Play
Ok but it is not work properly,5,2023-11-02,BOA,Google Play
ምን አይነት የ ሞተ ኣፕ ነው ግን,1,2023-11-02,BOA,Google Play
"The app after update is always hanging, and mostly is closing by itself",1,2023-11-02,BOA,Google Play
"What is going on with app ! It takes eternity to open, fix it please .",1,2023-11-02,BOA,Google Play
There is something it is no work functional,1,2023-11-02,BOA,Google Play
The worst banking app. too many issues to list out. One star because I can't give it a zero.,1,2023-11-01,BOA,Google Play
"the menus are very good, but its connectivity is very low and does not consider areas outside addis ababa whose network is slower and the app is large in size.",2,2023-10-31,BOA,Google Play
The devs make absolutely horrible app it interaction is bad the Networking is poor they should terminate this app,1,2023-10-31,BOA,Google Play
Good app but it's so slow 🐌...,2,2023-10-31,BOA,Google Play
The most slow and unsteady banking app....,1,2023-10-30,BOA,Google Play
Best gshb jis,5,2023-10-30,BOA,Google Play
I wish I could rate 0,1,2023-10-27,BOA,Google Play
It stacks when you you want enter code send by phone. So that you can't open the app at all.,1,2023-10-26,BOA,Google Play
one of the worst mobile banking app,1,2023-10-26,BOA,Google Play
It's good but sometimes say no able to transaction Fix that please,2,2023-10-26,BOA,Google Play
Glitchy useless app,1,2023-10-25,BOA,Google Play
This app is the worst app compared to other banking apps. It is not working properly. It needs to be improved.,1,2023-10-25,BOA,Google Play
"The worst mobile banking to have ever existed in banking history!!!!! If I could give 0 stars, I would!!",1,2023-10-24,BOA,Google Play
Very poor app ever,1,2023-10-23,BOA,Google Play
I give one star because there is no lesser it have to be seloved it have money problems 😒😓,1,2023-10-22,BOA,Google Play
Such a Shitee Mobile App. Not responsive very latent,1,2023-10-21,BOA,Google Play
Pls Abysinia the completely didn't work on huawei p30 pro black screen,1,2023-10-19,BOA,Google Play
ምንም ባንኩን የማይመጥን አፕ ነው በዛ ላይ በጣም ቀርፋፋ ከ Ussd እንኳ ምንም የማይሻል ለመጠቀም ስንገባ ቶሎ የማይገባ አዛ ሲስተም ነው,1,2023-10-19,BOA,Google Play
It's very useful Apps,5,2023-10-19,BOA,Google Play
Choose any 3 Security Questions After choosing 3 Security Questions the submit button doesn't work for me. It also needs very fast network please Update the application to work well.,1,2023-10-18,BOA,Google Play
Poor at all,1,2023-10-18,BOA,Google Play
"The worst mobile banking app, Can't login with mobile data or wifi. It just take up space on your phone. Pathetic",1,2023-10-18,BOA,Google Play
No working bad bad connection please improve this,1,2023-10-18,BOA,Google Play
Always the app is busy,1,2023-10-18,BOA,Google Play
But it dosent work when i ubdeat,5,2023-10-16,BOA,Google Play
The best bank in the world! 💚💚💚💚💚💚💚💚💚💚💚💚💚💚💚💚💚💚💚💚💚💚💚💚💚💚💚💚💚💚💚💚💚💚💚💚💚💚💚💚💚💚💚💚💚💚💚💚 💛💛💛💛💛💛💛💛💛💛💛💛💛💛💛💛💛💛💛💛💛💛💛💛💛💛💛💛💛💛💛💛💛💛💛💛💛💛💛💛💛💛💛💛💛💛💛💛❤️❤️❤️❤️❤️❤️❤️❤️❤️❤️❤️❤️❤️❤️❤️❤️❤️❤️❤️❤️❤️❤️❤️❤️❤️❤️❤️❤️❤️❤️❤️❤️❤️❤️❤️❤️❤️❤️❤️❤️❤️❤️❤️❤️❤️❤️❤️❤️,5,2023-10-16,BOA,Google Play
It is very slow app couldn't login faster it sucks...,1,2023-10-16,BOA,Google Play
Please BOA you can do better. This app is Trash,1,2023-10-16,BOA,Google Play
Previous version used to work fine. But now all I get is a black screen. Yesterday I had gone to my nearest branch and the tech guy told me many customers got this black screens and the only way is to roll back to previous version. He send me the old version and worked for a day until google update it today to the stupid latest version which made it just black screen again. 🤬,1,2023-10-16,BOA,Google Play
"It doesn't respond correctly. In addition to that, to transfer 50, 000 birr, they charged me 100 birr. The money I transferred after many phone calls gets it in 4 days. Another day, when I tried to send 1000 birr to my Owen telebirr account through this app, the app sent 15 times 1000 birr, which is 15,000 birr. I don't recommend this app for any user.",1,2023-10-15,BOA,Google Play
Most of the time app isn't open,1,2023-10-14,BOA,Google Play
The worst mobile banking App👎,1,2023-10-14,BOA,Google Play
Bug full app i ever seen. . It's not even loading correctly. .i guess the team behind need to do something to deal with this,1,2023-10-13,BOA,Google Play
Totally not working,1,2023-10-13,BOA,Google Play
I have never read so much negative comments on an app than this one. I have withdrawal all my savings and will never go back to your annoying branches or mobile app.,1,2023-10-12,BOA,Google Play
I can't transfer money to telebirr and other problems I have,1,2023-10-11,BOA,Google Play
It doesn't work my phone Please creat the latest future app for all types of device.,1,2023-10-11,BOA,Google Play
it's the worst mobile banking app i ever used in my entire life it's crashes every time I want to send the money it work only toreceive i hate it every time u update it even worse,1,2023-10-10,BOA,Google Play
BOA is good,5,2023-10-10,BOA,Google Play
The app are very difficult &it says the app has stopped,1,2023-10-10,BOA,Google Play
"I love the bank but the mobile banking app is the worst it takes forever to load and navigation within the app is almost impossible,please try to solve this.",1,2023-10-09,BOA,Google Play
this app is not active. Why?,5,2023-10-09,BOA,Google Play
Doesn't work when u need it.,1,2023-10-08,BOA,Google Play
"Nice but not running as fast as it could and for security reason i tried to record screen and it didn't stop me so this is a big issue, look after this",3,2023-10-07,BOA,Google Play
This app used to be good now it has had enough problems already. And now again it won't open or show any kind of text when installed and opened in any kind of huawei phones. What's the issue?,1,2023-10-07,BOA,Google Play
The app doesn't work. It won't let you log into your account. And keeps crashing. The most terrible banking app I've ever used by far!!!!,1,2023-10-07,BOA,Google Play
"The app is not working, the password verification page is not recieve number for signup new user",1,2023-10-07,BOA,Google Play
"The worst bank and app i have ever used. It lacks the technological interaction between tele birr and other apps. It works for a day or two and crashes on the next ten. Always taking our money, not sending it through and made us wait for weeks to return it. Dont use it. You will regret it later",1,2023-10-07,BOA,Google Play
It always crashes after login or signup.,1,2023-10-07,BOA,Google Play
"In progress.....is tiresome? Problem while logging in, problem seeing balance, problem making transfers..... Every single tap on your chosen order takes forever. BOA deserves better mobile banking app! The star I chose is only for the app! The bank desrves 5★",1,2023-10-07,BOA,Google Play
"It is not functional. Please update it, when i want to login it takes long time. Really i feel sorry, this app upsets us day to day.No update, i think you yourself hasn't motivation to works on.",1,2023-10-05,BOA,Google Play
The worst financial institution application you can't ever relay on it always disappointing,1,2023-10-04,BOA,Google Play
አህ ...ቀርፋፋ አፕ። ምነው BOA? Modifiy it,3,2023-10-04,BOA,Google Play
Its Very Nice and can use it easily,5,2023-10-03,BOA,Google Play
The app keeps lagging and has many glitches. This app doesn't fit the banks image.,1,2023-10-02,BOA,Google Play
So annoying app I have ever used👎👎👎👎,1,2023-10-02,BOA,Google Play
"Opening the app, Its just a white screen i am getting. Unable to login at all.",1,2023-10-02,BOA,Google Play
It's good app thank you,5,2023-10-01,BOA,Google Play
"This is the most annoying online banking app I have ever experienced. It tooks longer time to login, doesn't allow to transfer or pay anything to try anything with this app you need maybe over 30 minutes which is greater than the time you need in the bank.",1,2023-10-01,BOA,Google Play
the most terrible App I hv ever seen,1,2023-10-01,BOA,Google Play
I am very happy for this project,5,2023-10-01,BOA,Google Play
Since the last update everything went black the worst banking app from the best bank!!!,1,2023-09-30,BOA,Google Play
Best app with security but it takes time to login,1,2023-09-29,BOA,Google Play
Worst app in Ethiopia bank industry,1,2023-09-29,BOA,Google Play
"One time best ,now worset",1,2023-09-29,BOA,Google Play
"There are many things that need to be fixed in it. One is very slow when logging in. Second, it took more than a minute to process it. Anyway, you can copy mobile banking from Commercial Bank.",2,2023-09-27,BOA,Google Play
The updated version was simple and interactive but now when i try to open the app it show me dark black screen amd nothing else. My phone is Samsung a20. Please fix it thanks.,3,2023-09-27,BOA,Google Play
This is not what I expect from Abyssinia Bank. It's the worst mobile banking app ever.,1,2023-09-27,BOA,Google Play
"It's one of the worst apps I've ever used. It took a long time to log in, and it usually provides an error message whenever I access another app over it. It's a bad app for an excellent bank.",1,2023-09-27,BOA,Google Play
The worst App of banking i ever experienced. Shame to compare it to other banks at all.,1,2023-09-26,BOA,Google Play
Very annoying. Cannot login. Bank branches even don't give solution.,1,2023-09-25,BOA,Google Play
Just white screen on Huawei phone,1,2023-09-24,BOA,Google Play
The worst app I've ever seen,1,2023-09-24,BOA,Google Play
Your #1 choice,5,2023-09-24,BOA,Google Play
Not responsive and too slow,1,2023-09-23,BOA,Google Play
The worst app ever!!!!,1,2023-09-22,BOA,Google Play
Fix your servers and what the hell is with your security if i enter my password wrong 3x instead of locking my account for a day and sending a message to my phone you choose to suspend my account forever So much time and effort wasted im so disappointed!!! Edit: i was wrong abt everything i said earlier this isnt a bad app ... This is the worst online banking experience ever it Wont let u send money after 9 oclock and doesnt let me sent to other telebirr accounts. I hate this app kys pls,1,2023-09-22,BOA,Google Play
This app is not working on my mobile what is wrong with this app?,5,2023-09-22,BOA,Google Play
The worst update I am unable to transfer anything,1,2023-09-22,BOA,Google Play
"Can't even use the app since it won't let me select the account list, I'm guessing cuz I have a interest free account but all banks don't have this problem, even tho I see my account in list of accounts, I cant see that list in any of the transfer screens. Please fix or reply",1,2023-09-22,BOA,Google Play
If there is 0 i am happy to give you 0 rating. It's a shame to see this huge bank can't even have stable mobile app. Rather than wasting time asking people to open accounts just improve your servicesq,1,2023-09-21,BOA,Google Play
"I don't know what happened to the app it was perfect at the start, but know I can say it is not working totally.",2,2023-09-21,BOA,Google Play
Wow very niys,4,2023-09-20,BOA,Google Play
The new update not working and the bank people they don't even know how to explain and fix it... Seriously very very very bad service.,1,2023-09-20,BOA,Google Play
Wouldn't let me login at all... It's actually worse than the old app which was working fine for me. Now I have to go to the bank in person because it blocked my account!!,1,2023-09-20,BOA,Google Play
I love this app,5,2023-09-19,BOA,Google Play
"This is the worst mobile banking app to use in terms of being accessible everytime, it is very slow & not what is expected from a bank that is trying to lead in terms of technology",1,2023-09-19,BOA,Google Play
The application is buggy and doesn't seem to work half the time!,1,2023-09-19,BOA,Google Play
Nice service to us but some times it's difficult to use!!,5,2023-09-18,BOA,Google Play
"Older version way better, this update not working at all, always failing to transfer!! 👎",1,2023-09-18,BOA,Google Play
Oh this app is annoying! it takes long time to login; it can be crash when you use it! you can't do any transaction when you need it. I have lost my three days,1,2023-09-16,BOA,Google Play
"As all reviewer try to say, I have experienced bad on this up, ugly and unfriendly user interface, bugs everywhere, not simple and easy, BOA is good bank by physical I don't what happened on digital. Hopefully you will fix it soon!",1,2023-09-16,BOA,Google Play
The worst app of all.,1,2023-09-15,BOA,Google Play
Worse application I ever seen. Don't trust it. Don't use it.,1,2023-09-15,BOA,Google Play
Couldnt let me log in and am still trying. As an international bank it is priority to give best tools for customers but this is worst by far and un recommendable app. Cant belive it hasnt been fixed after this time,1,2023-09-15,BOA,Google Play
Not efficient,3,2023-09-14,BOA,Google Play
The uglist app ever it is stucked every time and it is very slow,1,2023-09-13,BOA,Google Play
Ever since the old app was update the mobile banking app is not working. Should have sticked to the old version. Disappointed to say that I have shifted from using BOA to other banks. BOA has lost its competitive advantage thanks to the disfunctional mobile banking app.,1,2023-09-13,BOA,Google Play
Currently the app is not working well.,3,2023-09-13,BOA,Google Play
"Make it like CBE mobile banking, smooth and fast easy, BOA mobile so slow when opening and after that when taping one terrible, loading delay, but, BOA bank is one of my favourite bank in ethiopia, fix it the app.",3,2023-09-13,BOA,Google Play
የ አቢሲኒያ ባንክን ከፍታና ተወዳጅነትን የማይመጥ መተግበሪያ😡😡😡😡😡😡,1,2023-09-12,BOA,Google Play
Abbreviated to BOA which is Bank of Merica so misleading,1,2023-09-11,BOA,Google Play
The worest business app ever!,1,2023-09-11,BOA,Google Play
Its Not Working 👎,1,2023-09-10,BOA,Google Play
The worst banking app. The app keeps crashing. It is the worst app.,1,2023-09-08,BOA,Google Play
Please please develop a better mobile app system! This is the lowest standard from all other bank systems that are available in the country I use. ( out of 5 ) . There is a way to make of better. The interface . The time it tool to load something. The app system error sayogn network while other banks are working fine. ........,1,2023-09-08,BOA,Google Play
Stupid mobile banking app. Stupid developer.,1,2023-09-07,BOA,Google Play
This app is not work in my huawei android phone model =mate 10 pro / BLA-L29 Please⁉︎⁉⁉ Please‼⁈ please!!!,1,2023-09-06,BOA,Google Play
A good app nee baset,5,2023-09-04,BOA,Google Play
Not functional,5,2023-09-03,BOA,Google Play
"The worst mobile banking I've ever experienced, it keeps loading all the time. At least you have to try over 100 time to make 1 transaction, and it shows 3 transaction only. You have to update your mobile banking",1,2023-09-01,BOA,Google Play
iam lern same education,5,2023-08-31,BOA,Google Play
It's the worst mobile banking ever I used it doesn't let me choose my accounts for transaction,1,2023-08-31,BOA,Google Play
A very smart app which i has enjoyed when i use it,5,2023-08-31,BOA,Google Play
Best apps forever,5,2023-08-30,BOA,Google Play
I can't login due to the update.,1,2023-08-30,BOA,Google Play
Life is good,4,2023-08-29,BOA,Google Play
"Great!? Neither it allow user to inserting otp code send by sms nor it read by itself. I never seen such kinds of confirmation entering method. FYI, all access phone, storage and camera is allowed for the app. Good luck.",1,2023-08-29,BOA,Google Play
The app locks out with one error on input,2,2023-08-27,BOA,Google Play
Wow the great BOA,5,2023-08-25,BOA,Google Play
Abdii.Ramadan,5,2023-08-24,BOA,Google Play
"The app doesn't work for Android, it is a kind of luck, it doesn't work when I wanted it",1,2023-08-24,BOA,Google Play
A trash app. Has to be optimized. The app downloads images for Icons.. Even the loading screen is a giant picture that you will literally cry while navigating through pages cuz the app is downloading image in a country where internet connection is freakishly scarce. There a lot of bugs that the app team needs to work on...it's just terrible UI terrible terrible...I went on to the old way of sending money because their system is trash.,1,2023-08-24,BOA,Google Play
It is not aplicable on my cell phone. Huawei 5 mobile.,2,2023-08-24,BOA,Google Play
After the update with the app nothing works anymore. Going back to cbe and dashen I guess,1,2023-08-23,BOA,Google Play
The most dumped app ever😒😒😒,1,2023-08-22,BOA,Google Play
Ere wedeza men adrgachut new mayseraw degami astekaklut menm eyesera adelem,1,2023-08-21,BOA,Google Play
😀 imagine your car just stops In the middle of the road!!!!!!,1,2023-08-20,BOA,Google Play
What is wrong with you guys. Please at least review the comments and try to fix the app. Worst version,1,2023-08-20,BOA,Google Play
"I can't log in to the application. When I try to enter the application, it closes saying open again",2,2023-08-19,BOA,Google Play
Very nice 🙂☺️,5,2023-08-18,BOA,Google Play
helo Abisinya,5,2023-08-17,BOA,Google Play
Amazing app,4,2023-08-17,BOA,Google Play
The previous app was much better than this updated app. This is the worst bank app in Ethiopia.,1,2023-08-17,BOA,Google Play
Best mobile app.,5,2023-08-14,BOA,Google Play
Worse they need to update,1,2023-08-12,BOA,Google Play
Android users: this app doesn't work! Not sure what they did but after the system update a couple of months ago login on Android is broken. IOS and Web apps work but from what I've experienced I've tested on a couple of Android devices oncluding this one it doesn't work. Please get if fixed ASAP!,1,2023-08-12,BOA,Google Play
Why isn't open to me,1,2023-08-11,BOA,Google Play
Simple and fast,5,2023-08-11,BOA,Google Play
You don't want us to use the application b/c to save the money that we deposited in your bank that is why the last 5 months the apps never worked for me.,1,2023-08-10,BOA,Google Play
በጣም የሚያናድድ አፕ ነው ለደበኞች ፓስወርድ የማይልክ ቢላክም የማይሰራ አቢሲኒያዎች ኢንተርኔት ሞባይል ባንኪንጋቹን አስተካክሉ ህዝቡ እየጠላቹ ነው!!,1,2023-08-10,BOA,Google Play
Best bank in 🇪🇹,4,2023-08-10,BOA,Google Play
One of the worst app ever seen 😭,1,2023-08-09,BOA,Google Play
It's doesn't work for me it's say help and support,1,2023-08-09,BOA,Google Play
Please please? what are you doing sistem not active,1,2023-08-08,BOA,Google Play
I used the app before but after the update the app doesn't let me to write verification code.,2,2023-08-07,BOA,Google Play
"Crushes most of the time, needs to be fixed",1,2023-08-05,BOA,Google Play
Good security enhancement and OTP utilization,4,2023-08-05,BOA,Google Play
"yo fix the telebirr problem, it won't let me add the phone number I want, instead it automatically choose the number that the account was made in, it's frustrating.",1,2023-08-03,BOA,Google Play
It is awful... doesn't login or do anything. Z previous version was good.,1,2023-08-03,BOA,Google Play
"Wouldn't let me login because there was an update. So, was forced me to update. The update didn't work totally, Went to the bank. , it got fixed. Stopped working again. Went there once more. They told me the update had a bug, and sent me the old version. Login works, but didn't show balance on my accounts. Can't login yet again. Login just worked. Set pin and security questions. Logged in. No balance yet again. I think I've been abused enough. Useless app o never seen such poor banking app!",1,2023-08-03,BOA,Google Play
"Not working properly it's show me black screen The old one is better, if there is zero star i will give for this app",1,2023-08-02,BOA,Google Play
App not working on my Samsung A53. U recently changed my phone but the number is the same. I access internet banking without a problem,3,2023-08-01,BOA,Google Play
"Good, but slow! Work on it!",5,2023-08-01,BOA,Google Play
Other service 👌👌 But z mobile bankikng is the worest,3,2023-07-31,BOA,Google Play
"Previous app was so good, but not to login I have to uninstall and reinstall the app. It's very annoying",1,2023-07-30,BOA,Google Play
"One star is too mach for the app,ቱ",1,2023-07-28,BOA,Google Play
"You guys,Am afraid your app ruin all your great works so try to fix ASAP",1,2023-07-28,BOA,Google Play
"Trash application, bad ui, lags a lot",1,2023-07-28,BOA,Google Play
Very Slow and disgusting user interface,1,2023-07-27,BOA,Google Play
We will see,5,2023-07-27,BOA,Google Play
"Literally the worst credit return experience I've ever had I used the cardless option and withdrew 3k then it did not give me the money so I reported it but no response then I withdrew another 2k (that was dumb of me should've closed my account right there and then) and same situation. its been over a month the credit is still not refunded, asked for a manager they said no manager. and I used to vouch for y'all. I'm writing review everywhere until y'all return my money. Absolutely ridiculous!!!!",1,2023-07-26,BOA,Google Play
"The worst app ever, downgrades the banks status specially at technology. No one cares to do something about it at the bank otherthan saying contact the HQ.",1,2023-07-26,BOA,Google Play
"It is a very erratic app. In rare cases when it works, loading takes ages. Most often, it just shows a white blank screen without doing anything. In those cases, the app does not even let you restart, unless you hard-restart it.",1,2023-07-26,BOA,Google Play
the pest of App in Ethiopia 💋,4,2023-07-26,BOA,Google Play
My feberit bank,5,2023-07-26,BOA,Google Play
The app is not working properly .i hate it but the other service is good,1,2023-07-25,BOA,Google Play
"When switching to other app and coming back, the app looses it's internet capability. Devs add manifests properly please. Am switching to CBE and withdrawing because of this.",1,2023-07-25,BOA,Google Play
"The worst app, is not compatible to many mobile phones.",1,2023-07-25,BOA,Google Play
It take time to transefer to anther boa so very worst app when comper with other,3,2023-07-25,BOA,Google Play
"This mobile bankig have a long process and long time to login. I our experiance you should have to update a Mobile banking App like CBE and Amhara bank and also requests a security question when we entered before. Therefore you should have to avoid a security question to login,becuase of this we can't use a service.",3,2023-07-25,BOA,Google Play
Nice application,5,2023-07-24,BOA,Google Play
It's so slowest,1,2023-07-24,BOA,Google Play
The other Services is good but the mobile app is the worst.why you this happened ?,1,2023-07-24,BOA,Google Play
"It didn't allow me to Login First then I uninstalled it and Installed it again but it didn't allowed me to Login once again so I went to my nearest BOA Bank to fixed It but They told me That The App Is In the Process of Update so once it finishes its Update it'll automatically Allow to Login, but It didn't so I Unistalled The App And I don't want any more",1,2023-07-24,BOA,Google Play
What is wrong with BOA? I'm still unable to sign up after installing the app. A big bank like BOA is still struggling to come up with a basic mobile banking app!? You should be ashamed & apologise for such failure,1,2023-07-24,BOA,Google Play
Not working enough. Specially the expire time is very short,3,2023-07-24,BOA,Google Play
This app would become very trash after I update it.,1,2023-07-24,BOA,Google Play
Betam yemiastela app new mobile bankingachu yekerewal astekaklu,1,2023-07-23,BOA,Google Play
Its just a mess 🤦🤦,1,2023-07-23,BOA,Google Play
I like to use this best App of the BOA,5,2023-07-23,BOA,Google Play
Previous app was the best this version is annoying the OTP box is uneditable not comfortable for sim card on my second phone,1,2023-07-22,BOA,Google Play
"What the hell is this, after a long time u cameup with an app wc cannot accept verification code!? What happen to the previous app? Where is CICD here u down and give us another version.?So rude !",1,2023-07-22,BOA,Google Play
This is the most worest app.,1,2023-07-22,BOA,Google Play
Worst mobile banking app please update again,1,2023-07-21,BOA,Google Play
Mobile bankachu mnm tekem yelewum bitatefut yishalal balance ayasayem mnm ngr ena ye durowu mobile bankachu app nw tru hulun ngr update karegachu buhala motual yistekakel,1,2023-07-21,BOA,Google Play
አይሰራም የተወሰነ ፕሮሰስ ካደረገ በሃላ እስታክ ያደርጋል,1,2023-07-21,BOA,Google Play
This app doesn't expected from Abyssinia It doesn't work properly so improve it before launching it.,1,2023-07-21,BOA,Google Play
ከአቢሲኒያ ባንክ የማይጠበቅ ዝግመተ-ለውጡን ያልጨረሰ መተግበሪያ ነው። አንዴ ለመግባት እንዴት ጊዜ እንደሚወስድ አላያችሁትም ፣ ደግሞም ለማይሰራው ነገር። የንግድ ባንክ ፣ የአዋሽና የአባን መተግበሪያ አስተያዩትእስኪ??,1,2023-07-21,BOA,Google Play
It's mobile banking is very slow to login and the app interfere is not attractive to access please fix it,1,2023-07-21,BOA,Google Play
የማይሰራ አፕ ነው ባንካችሁ አሪፍ ቢሆነም ሞባይል ባንኪንግ በጣም ወደሆላ ናችሁ የተሻለ አፕ ለማምጣት ሞክሩ,1,2023-07-20,BOA,Google Play
I need to access my account.,1,2023-07-20,BOA,Google Play
Not updated yet,1,2023-07-20,BOA,Google Play
"Wouldn't let me login because there was an update. So, was forced to update. The update didn't work. Went to the bank. After an hour of sitting, it got fixed. Stopped working again. Went there once more. They told me the update had a bug, and sent me the old version. Login works, but shows me zero balance on my accounts. Can't login yet again. Login just worked. Set pin and security questions. Logged in. Zero balance yet again. I think I've been abused enough. Thank you.",1,2023-07-20,BOA,Google Play
sorry l don't expected this app for Abyssinia,1,2023-07-20,BOA,Google Play
ያስጠላል አሻሽሉት,1,2023-07-20,BOA,Google Play
the worst application! very hard to login! asks password again and again. Stupid application. ሆን ብለው እንዳይሰራ ያደረጉት ይመስለኛል፡፡,1,2023-07-20,BOA,Google Play
The worst app ever😒 its difficult to download And complicated to use And the app...my god super low quality Im going to download for the million time🙄,2,2023-07-19,BOA,Google Play
It takes almost two minutes to login into account.too much busy makes frustrating,3,2023-07-18,BOA,Google Play
"After login, it requested finger print authentication, the system doesn't work!",1,2023-07-18,BOA,Google Play
The worst App ever 😫,1,2023-07-17,BOA,Google Play
Not function,5,2023-07-17,BOA,Google Play
"The most disturbing mobile banking app I've ever used. The app doesn't deserve to be BOA's mobile banking app. Don't even think about using this app, especially in an emergency. Everything about this app needs to be changed, just like other banks' apps. I wish there was a negative start to give for poor performance. Thank you very much.",1,2023-07-17,BOA,Google Play
Bad bad bad,1,2023-07-16,BOA,Google Play
it takes long time to log in and hard to instal,1,2023-07-16,BOA,Google Play
የመጀመሪያው አፕ የተሻለ ነው ለማበልፀግ ብላቹ ጭራሽ ዘግታቹ አረፋቹ በሚባል ደረጃ አደረሳቹት::,1,2023-07-14,BOA,Google Play
I can't log into the app on my device. It correctly logs in and then logs out automatically. Please fix this bug. My device is Tecno Pop3.,2,2023-07-13,BOA,Google Play
"I need to tell you that Abyssinia Bank offer more choices as his mottos indicate. If you can't use this apps , there's another choice which is ussd *815# . still Now if you're not open the ussd it's time to go the Bank and open it.",5,2023-07-13,BOA,Google Play
Poor and disgusting app at all don't tray and don't waste your time,1,2023-07-12,BOA,Google Play
It takes long time to down load the app and log in,1,2023-07-12,BOA,Google Play
Much better app this time well updated.👍,4,2023-07-12,BOA,Google Play
It's really the worst bank app,1,2023-07-12,BOA,Google Play
"Just another demonstration of a disappointing app from Eth....literally, not practical.",1,2023-07-10,BOA,Google Play
Nice application,5,2023-07-10,BOA,Google Play
The worst app,1,2023-07-10,BOA,Google Play
Still I can't logged in it needs more update please.,3,2023-07-10,BOA,Google Play
Very slow app,1,2023-07-09,BOA,Google Play
It is a bit slow on the logging but it has alot of smart features i like it keep it up BOA,5,2023-07-09,BOA,Google Play
fast modern app,5,2023-07-09,BOA,Google Play
የማይሰራ አሁንማ ባንኩም አኘስጠላኝ። በተለይ ገርጂ ያሉት ሁለቱም ባንኮች ባለጌ ብቻ ናቸው የዋሉት።,1,2023-07-09,BOA,Google Play
"Considering the Bank's technological advancement, the app is not as expected which is very annoying. It takes long time to login. It doesn't show balance, it doesn't let me transfer or pay any utility. Hence, better mature it accordingly.",1,2023-07-08,BOA,Google Play
በጥራቱ በጣም የወረደ መተግበሪያ ነው! በሀገራችን ባንክ ዘርፍ አቢሲኒያ ባንክ በአገልግሎት አሰጣጡ የተመሰገነ ቀልጣፋ ነው። አሁን የተጫነው የሞባይል ባንኪንግ መተግበሪያ (App) ለባንኩ የማይመጥን በትክክል የማይሰራ በመሆኑ ከነጭራሹ ከፕለይ ስቶር አጥፉት ገፅታችሁን ስለሚያበላሽ፤ ቀሽም የተባሉ ባንኮች እንኳ ጥሩ የሞባይል ባንኪንግ መተግበሪያ አላቸው። ይህ ደግሞ እናንተን አይመጥንም በፍጥነት አስተካክሉት።,1,2023-07-08,BOA,Google Play
"1. Slow logging in 2. Can't see transaction detail 3. Doesn't generate receipts for the transactions made 4. RTGS transfer option, it is not valid for small amount or retail payment",2,2023-07-08,BOA,Google Play
I think the best app i ever seen and i recommended for everyone who want a spacious services . Keep it up,5,2023-07-07,BOA,Google Play
Just. I preferred BoA...,5,2023-07-07,BOA,Google Play
"Inconvenient to use, very slow and unattractive.",1,2023-07-07,BOA,Google Play
"To be honest it's the worest Mb app ever .....its too slow, it can't make your transaction done successfully, it didn't show my balance correctly anyway this doesn't suit abyssiniya bank so you have to adjust this",1,2023-07-06,BOA,Google Play
"App keeps crashing. Moreover, the app took long time to login till the point you just go to the bank and withdraw the money directly which I think is a reversal of why the mobile banking exists. So, please, make sure you fix that problem. And lastly, make the inactivity time a bit longer.",1,2023-07-06,BOA,Google Play
the previous up was better,4,2023-07-06,BOA,Google Play
It get stuck and not working,1,2023-07-06,BOA,Google Play
Omg its the worest its slow doesn't open loading time so long please make it work itz a digiral era its supposed to be accurate Nd fast please work on it,2,2023-07-05,BOA,Google Play
I have a good experience in working with Abissinya bank...,5,2023-07-03,BOA,Google Play
The most worst app I have ever seen in my entire life please BOA make it good 😪 I don't expect this kinda app from legend bank like abysinya so make it cool!,1,2023-07-03,BOA,Google Play
A Very stupid app 👎👎👎,1,2023-07-03,BOA,Google Play
"Login is very slow, can't back out to main page at all, Transfer history doesn't show the whole transaction history nor does it show any details. I like Abyssinia Bank but the app needs IMPROVEMENT",2,2023-07-03,BOA,Google Play
Boa yileyal,5,2023-07-02,BOA,Google Play
nothing i love the old one it doesnot load to another telebir number,1,2023-06-30,BOA,Google Play
"Can't insert OTP, fields disabled",1,2023-06-30,BOA,Google Play
Very good and easy to use,5,2023-06-30,BOA,Google Play
It is truely the worst app there is you can't access any thing not even log in 🤬🤬🤬🤬,1,2023-06-30,BOA,Google Play
Good to use,5,2023-06-29,BOA,Google Play
Does this app ever work?,1,2023-06-28,BOA,Google Play
It's very hard to use and constantly crashes,1,2023-06-28,BOA,Google Play
The worst upgrade ever.,1,2023-06-28,BOA,Google Play
edited: current version is much better than the previous one.,4,2023-06-28,BOA,Google Play
The new update is so bad and it doesn't work,1,2023-06-28,BOA,Google Play
Oh it is Best and easy to use advised,5,2023-06-27,BOA,Google Play
Best app for transferring money 💰,5,2023-06-27,BOA,Google Play
"The older version was working, but now i couldn't login to my account after updating it to this version. It says unable to verify this user",2,2023-06-27,BOA,Google Play
Worest application.. how could this big bank have the worest application,1,2023-06-26,BOA,Google Play
Not Working !,1,2023-06-26,BOA,Google Play
Really i don't like the update app,5,2023-06-26,BOA,Google Play
"Boaring version. It Crash's , stack , totally very bad. Please ful fill our feedbacks.",1,2023-06-26,BOA,Google Play
Other services are great but mobile banking was the worst! Previous app's look and feel... user interface was ugly. It felt like an unfinished work. I like the new update. It couldn't recognize me for a couple of days but it works now. Better security features as well. Keep improving.,4,2023-06-24,BOA,Google Play
Cmon tf is this update,1,2023-06-24,BOA,Google Play
It's cool but it doesn't work on 2g and 3g network,1,2023-06-23,BOA,Google Play
I used it for a long period of time. The old version was a great one. But the new one is very very bad.,5,2023-06-10,BOA,Google Play
"It's good, but it would be good if you could post a screenshot",2,2023-06-09,BOA,Google Play
This updated app is not working properly I know it is adding new furnitures but the basic things is not working even for log in it takes more than 10min am so sad by BOA it's much better earlier app I hope you will fix sooner,2,2023-05-28,BOA,Google Play
"This update is increasable, support biometric to login, no more sms to confirm each time, thanks boa.",4,2023-05-23,BOA,Google Play
DON'T UPDATE USE VERSION 1.0.0,1,2023-05-18,BOA,Google Play
"The old version is good but after update its bad app,it doesn't work...",1,2023-05-06,BOA,Google Play
very bad app,1,2023-05-05,BOA,Google Play
Can't even search and find this app on play store,1,2023-05-04,BOA,Google Play
"The application takes forever to open after the update, it shows white wizard when it's opened and doesn't bring the log in page. The worst update. Please roll back to the previous version or fix this one!!The app is literally not working. Please update it😡",1,2023-04-29,BOA,Google Play
Previous app much better. Two way authentication much better for security. And also the ability to log in to multiple accounts in one device. BOA please listen ...,1,2023-04-18,BOA,Google Play
The worest app i have ever seen it doesn't work totally,1,2023-04-18,BOA,Google Play
"The app takes forever to load, too many glitches when you enter the 3 bar menu and the balance in my account won't load. Didn't expect this from a verified app on playstore.",1,2023-04-18,BOA,Google Play
Loosing lots of customer 😭 ትርፉ በዝቶ ይመስላል የዚህን ያክል ጊዜ ዝምምም ከተባለ,1,2023-04-17,BOA,Google Play
This application is not stable for customers previous one is the best version.,1,2023-04-17,BOA,Google Play
"The app is easy to use. However, the app doesn't allow to take screenshot and the transaction summery is very short.",4,2023-04-17,BOA,Google Play
Screen short በጣሜ ያስፈልጋል or slip download ማድረጊያ አካቱበት transfer ካደረግን ቦኀላ ማረጋገጥ ለሚፈልግ ደንበኞች ለመላክ,3,2023-04-16,BOA,Google Play
This is a downgrade!!!,1,2023-04-16,BOA,Google Play
The worst and disgusting update I ever seen. It doesn't fit to this generation,1,2023-04-16,BOA,Google Play
The new one is so bad!,1,2023-04-15,BOA,Google Play
This app is very bad. It doesn't show who sent me the money also I can't take screen shot.,1,2023-04-15,BOA,Google Play
የመጀመሪያው የተሻለ ነበረ ይሄኛው በጣም የወረደ appነው .....sorry to say መጠቀም አቁሜያለሁ,1,2023-04-15,BOA,Google Play
"Old app was better than the new one. Pleasse consider all the reviews and quickly install updates to fix the problem, this app can't take even a screen shot. It doesn't normally load the pages, useless app. However, I always appreciate your efforts that you always do to satisfy customers.",1,2023-04-15,BOA,Google Play
Your app keeps crashing again and again the previous one works better,1,2023-04-14,BOA,Google Play
very bad app,1,2023-04-12,BOA,Google Play
It used to be the best but the updated version is the worst I've ever experienced on the IB platforms. Please fix the issues mentioned on the review about the update. I relate.,1,2023-04-12,BOA,Google Play
Please bring back the previous version. It was far better and more secure than the updated one. The update destroyed the usage of BOA app.,1,2023-04-12,BOA,Google Play
Very very stupid app i have ever seen,1,2023-04-12,BOA,Google Play
Very bad app,1,2023-04-12,BOA,Google Play
I can't even log in,1,2023-04-12,BOA,Google Play
"I used to love the old app for BOA, it was secure, fast and most importantly smooth. The new update destroyed all the qualities the previous version built up. 1. It doesn't load, I loved the app because it was reliable but now I can't even load the home page. 2. It freezes up in the middle of a task 3. You literally can't transfer money via ET-Switch or RTG, 4. You can't pay utilities. In general bring back the old version of the app or fix the new one, cause CBE is looking better than you!",1,2023-04-12,BOA,Google Play
"This version of app lacks basic functionality. It takes long to open plus prompts user to log in every time the screen turns off. The improvements in this app such as UI, ease of activation and biometrics should have been additions to the previous good functionality of the app. Improve it soon or else you lose most of your users.",1,2023-04-11,BOA,Google Play
After upgrading it has a lot of problems i don't know why,5,2023-04-11,BOA,Google Play
This app is vary satisfied your biznass,5,2023-04-11,BOA,Google Play
It doesn't even work,1,2023-04-11,BOA,Google Play
Pleas Add transactions screenshot or photos options and fix the loading time it takes to access features.,4,2023-04-11,BOA,Google Play
The old version is better it is fast the bew version is to slow and the card service is not work i prefer the neversion is not good !!! Just. Do. Something to make ot. Faster,1,2023-04-11,BOA,Google Play
This apps is not good.becouse of in put of money do not see in this app.inpruive it,5,2023-04-11,BOA,Google Play
How the is game or mobile bank Abyissnia Bank? Bad job,1,2023-04-10,BOA,Google Play
The app is very slow Try to learn from CBE they have the best app,1,2023-04-10,BOA,Google Play
It's not even an app and u ask for ma review?? The worst on its kind!!,1,2023-04-10,BOA,Google Play
When i update tha app it doesn't work so i deleted tha app and downloaded again but still no change the older Virginia was mach better.pls fixe it...,1,2023-04-10,BOA,Google Play
"I am deeply regretting updating this app, you guys have the best customer service but the worst app.",1,2023-04-10,BOA,Google Play
Ayseram menemmm,1,2023-04-10,BOA,Google Play
the older one is best 👌 the update is not fast,1,2023-04-10,BOA,Google Play
Worst app I've ever seen. Screen shot doesn't work. It is very slow. Statement doesn't show. It always crashes አቢሲኒያ ባንክ ምንድነው ቁልቁል ምትሄዱት,1,2023-04-10,BOA,Google Play
I wish i could start with a good view but there is nothin' to thank about.the more u sleep on it the better the version try to make a new one.,1,2023-04-10,BOA,Google Play
Er astekakelut betam nw miyastelaw,1,2023-04-10,BOA,Google Play
There is something wrong with this version.Try to make a better app this is not giving what's necessary.U need to sleep on it.,2,2023-04-10,BOA,Google Play
afaan oromoo maalif hin Qabnee,5,2023-04-10,BOA,Google Play
I am An employee of other bank but BOA IS The Choice For All!!,5,2023-04-09,BOA,Google Play
The app is crashed when it is opened for the second time after updated to this version. Annoying!,1,2023-04-09,BOA,Google Play
I love BOA. But this app makes me very angry. 🥵🥵🥵🥵🥵,1,2023-04-08,BOA,Google Play
please update,1,2023-04-08,BOA,Google Play
የተሻለ ነበረው በጣም ደካማ የሆነ የትክክል የማይሰራ መቀየር ምን አይነት አሰራር ነው,1,2023-04-08,BOA,Google Play
Very slow not working,1,2023-04-06,BOA,Google Play
Apps is fast,5,2023-04-06,BOA,Google Play
"The new version went worse than its precedater. I can't transfer money to my telebirr account becouse it says 'Error with code: -1' . Moreover, it is very slow and turns the screen black as well as stuck frequently. Please fix it the soonest possible to meet the state of the art.",1,2023-04-06,BOA,Google Play
Bedatam bank birr korto askrebegn,1,2023-04-06,BOA,Google Play
I give this just 1 star because after I fill the form and pass authentication this app doesn't work I have tried uninstall and install again the problem is the same pervious versions work fine in my phone but this the made it worse app,1,2023-04-06,BOA,Google Play
The old version is fine,1,2023-04-06,BOA,Google Play
"Too slow and crash everytime and its asking me to sign up, i already have an accout so there should be a sign in option right?",1,2023-04-05,BOA,Google Play
The previous version was so much better! Do something ASAP!!!!,1,2023-04-05,BOA,Google Play
"The app doest allow screenshots , and sms notification takes ages before it arrives. No way to send confirmation of the transfer without the screenshot. It's an unnecessary security feature . Remove it!. Worst update ever, the previous clunky vestion was better !",1,2023-04-05,BOA,Google Play
The old one was far better and smooth this is zget,1,2023-04-05,BOA,Google Play
Works very rarely,1,2023-04-05,BOA,Google Play
"Extremely awful application. I have never seen such kind of mobile bank app. YOU, the developers exactly know whats missing and the possible drawbacks of the app, it woulb be good to put necessary amendements ASAP, for your BANK sake.",1,2023-04-05,BOA,Google Play
Why did you update the first version to make it worse? I can do nothing without lagging and being impatient with this version. Please remove the update or you will force your customers to look for other options. And no screenshot allowed? Please!,1,2023-04-05,BOA,Google Play
This app doesn't work at all.,1,2023-04-05,BOA,Google Play
The worst.. As a big banking organization in Ethiopia it's a very bad app. please pay good money ang develop an app by a professionals.,1,2023-04-04,BOA,Google Play
The WORST update ever👎👎👎,1,2023-04-04,BOA,Google Play
Great functionality but it is not user friendly,1,2023-04-04,BOA,Google Play
በአጭሩ ምንም አይሰራም,1,2023-04-04,BOA,Google Play
What happened? App doesn't work at all.,1,2023-04-04,BOA,Google Play
Not working,1,2023-04-03,BOA,Google Play
Why screenshot privilege restricted after completing the transfer?,1,2023-04-02,BOA,Google Play
Failed update!! The previous version was easy and reliable but this version is working at minimum speed!! Even you can't take screenshots for the transfers!!,1,2023-04-02,BOA,Google Play
The boa mobile very good apk and easy to work.,5,2023-04-02,BOA,Google Play
Not good at all,1,2023-04-02,BOA,Google Play
Don't know why everyone is complaining about this update. It's works quicker and easier.,5,2023-04-02,BOA,Google Play
BOA Is Best Bank In Ethiopia,5,2023-04-02,BOA,Google Play
The worst update ever!!!,1,2023-04-02,BOA,Google Play
Love yourself 💖,5,2023-04-01,BOA,Google Play
The worest app ever,1,2023-04-01,BOA,Google Play
This bank feels like a scam. Not been able to take money out for weeks now. Money goes in but doesn't come out. big fraud.,1,2023-04-01,BOA,Google Play
I wish I chose another bank.... Your system is so user unfriendly,1,2023-04-01,BOA,Google Play
Amend the app so that we can screen shot for the transaction we made and also one time password should be added again this one is risky the other thing network problem should be fixed,1,2023-04-01,BOA,Google Play
The old app is better than this one. Pleases update effectively so as to be manageable to the customers. I can't open and use the app as I needed.,2,2023-03-31,BOA,Google Play
"You should learn many things from CBE App, which is almost uncompareable from any other banking apps",1,2023-03-31,BOA,Google Play
The current update is ok (user interface wise) but still needs major improvements. 1. The login and transaction is now extremely slower than before 2. It disallows taking screenshot. Why is that? We need to screenshot payments to track & send to payee so please reinstate that!,2,2023-03-31,BOA,Google Play
Not working,1,2023-03-31,BOA,Google Play
This is too Lazy app ;-) the oldest one was much better than this new app. Suerly can define An app with out server. O:-),1,2023-03-30,BOA,Google Play
Not working properly 💀,1,2023-03-30,BOA,Google Play
"Poor application, has nothing positive.",1,2023-03-30,BOA,Google Play
"The amount of time this app does not work exceeds the amount it works. Do something to fix this, it is annoying if I can't use it.",1,2023-03-30,BOA,Google Play
It's not compatible to some phones like Tecno W3Pro it doesn't work for me,1,2023-03-30,BOA,Google Play
"It is not working most of the time. It is good that you make it easier to use, but it requires too many progress.",1,2023-03-29,BOA,Google Play
what is going on?? the former version is much simple and secure but now it doesn't work! please fix the problem as soon as possible! i can't access my account with this bullishit version!,1,2023-03-29,BOA,Google Play
The upgraded is so awful,1,2023-03-29,BOA,Google Play
"Please update the app. The previous version was much more stable, fast, and reliable. This version is the worst. 1, It took forever for the APP to load 2, The app freezes when you wake the screen from inactivity 3, ETSwitch and other transfer options don't work anymore. It won't load the account name that you're about to transfer Fix it ASAP. Abyssinia used to be the best in their APP. I have never experienced any glitch or the above-mentioned problems from the previous version.",1,2023-03-29,BOA,Google Play
"screenshot is must otherwise I will have to cancel my subscription ! As much as I loved this app before, I hate it now",1,2023-03-29,BOA,Google Play
"The old app was stable with almost no issues. The update is a disaster. The app freezes, quick logout, black screen, very slow. Please do regressive test before releasing to public. If you can rewind to the previous release.",2,2023-03-28,BOA,Google Play
Better to stay with the old version worst update ever please do something,1,2023-03-27,BOA,Google Play
"The old one was a way way better ,smooth&fast .The new update is so slow",1,2023-03-27,BOA,Google Play
"The worst banking App, interface is predated. Not user friendly, takes forever to load the simplest task. No screen shot rule to copy my ATM withdrawal code is ridiculous.",1,2023-03-27,BOA,Google Play
"I hate the new application . I installed three times per a week but nothing change . Please try to update screen shoot part, other bank transfer and others system. The old one is much better !!!",1,2023-03-27,BOA,Google Play
Poorly designed and executed application,1,2023-03-27,BOA,Google Play
"It doesnt work at all, let alone the upgrade with new featurea the basic byitself is not working We cant install and open the app",1,2023-03-27,BOA,Google Play
Very dangerous mobile banking app 😡😡😡😡😡😡😡,1,2023-03-26,BOA,Google Play
እረ በጣም ነው የሚስጠለዋ የድሮው ይሻለን ነበር,1,2023-03-26,BOA,Google Play
እጅጉን ከምገልፀው በላይ ኢትዮጵያ ውስጥ ካሉ አስተማማኝ ባንክ ናችሁ ። በዛ ላይ ሲስተም በሚያስቸግራችሁ ሰአት ለህብረተሰቡ በኦፍላን መንገድ የምታደርጉት እገዛ በጣም ድንቅ ነው። go on,5,2023-03-26,BOA,Google Play
"If your bank realy values the users comments, the new App is the worest, it is extremely slow to open even to start. It has neither screenshot nor sharing option after transfer money. How can we prove that we transfered money to the beneficiary? Please take coorection action quickly",1,2023-03-26,BOA,Google Play
"ይህ የዘመነው/Updated/ App ፈፅሞ የአቢሲኒያ ባንክን ደረጃ አይመጥንም። ምንም እንኳ ብዙ ነገሮችን አካትቶ የመጣ ቢሆንም የዳታ አጠቃቀሙ የበዛ እና ፍጥነቱ እጅግ የዘገየ በጣም የተንቀራፈፈ ነው። የዚህ የአቢሲኒያ ባንክ የሞባይል ባንኪንግ ተጠቃሚ የሆነችሁ ሲስተሙ እስከሚስተካከል የቀድሞውን ""Update"" ባታደርጉት መልካም ነው።",2,2023-03-25,BOA,Google Play
Amazing app,5,2023-03-25,BOA,Google Play
Mennn this app trash for real it literally never worked eko any bodi connected to this app gote do something,1,2023-03-25,BOA,Google Play
It won't work it keeps crashing,1,2023-03-25,BOA,Google Play
I can't sign up at all.,1,2023-03-25,BOA,Google Play
Hire a better dev! the ui and security is horrible,1,2023-03-25,BOA,Google Play
This is the most useless banking app. I made a transfer using one of the payment services the money is removed from my account but the transaction never happened. They give u a fake customer support number they will never pickup. It's been almost a week and I still didn't get my money back.... I will not recommend this to anyone.,1,2023-03-25,BOA,Google Play
No screenshot and slow,1,2023-03-24,BOA,Google Play
The old one is better.. the updated is trash,2,2023-03-24,BOA,Google Play
You made it worst can't u understand the meaning of update damn,1,2023-03-24,BOA,Google Play
it need upgrade,1,2023-03-24,BOA,Google Play
the mobile topup doesn't work it's slow and after loading it says select an account but when you touch it. it doesn't respond,1,2023-03-24,BOA,Google Play
Complitly boringn app it work it he need,5,2023-03-24,BOA,Google Play
"It hardly works and when it does, it's very slow.",1,2023-03-24,BOA,Google Play
"The worst app, even with the latest update 🤣",1,2023-03-23,BOA,Google Play
"It's very awkward app. If there were no star, I would give it to you. Especially after the update, it doesn't even work. U can't even log in easily. Also after so many embarrassing steps, it says ""you can't take screen shot for security purpose."" So how can I make sure others that I made the transfer?! Irritating app ever!",1,2023-03-23,BOA,Google Play
የተሻለ app ስንጠብቅ እንዴት እንደዚ በጣም ቀርፋፋ የሆነ app ትሰራላችሁ,1,2023-03-23,BOA,Google Play
Bad experience since last weak,1,2023-03-23,BOA,Google Play
it have log in problems i suggest CBE,1,2023-03-23,BOA,Google Play
Simply horrible. I rarely had issues with the old app but this one is one big sluggish dysfunctional snail. Please fix this.,1,2023-03-23,BOA,Google Play
This update is the useless ever stop working every single second. It's trash just take us back the old version of not fix this all bias,1,2023-03-23,BOA,Google Play
Previous application is special for safety and secure. Now updated app does not work perfectly.,1,2023-03-22,BOA,Google Play
"Dears, Please add ""back button"" on the app.",3,2023-03-22,BOA,Google Play
Unfunctional!!!! The bank supposedly changed it's system platform and now I can't sign in to use the app. It has put me and my business in a bad position as I can't use my finances. Please fix your problem as soon as possible!!,1,2023-03-21,BOA,Google Play
Takes all day to load the login page. Why did y'all disable screenshot on a banking app?!,1,2023-03-21,BOA,Google Play
The update boa app is good but it have two problem ① it havn't date ② imposible to screenshoot Both problems must be approved,1,2023-03-21,BOA,Google Play
ቀርፋፋ ነው ትራንስፈር ለማድረግ 1ሰአት ይፈጃል ስክሪን ሹት አይሰራም የሚገርመው መጀመርያ የነበረውን ሌተስት አፕሊኬሽን በዚ ብላሽ መቀየራቸው ነው,1,2023-03-20,BOA,Google Play
"I appreciate u guys updated the UI, but there are still some texts that go over a border line and also some other UI glitches. Also there is this annoying feature that asks to agree to the terms and conditions everything time I log in. I don't know if this is feature or a bug, but it is annoying, atleast for me, if possible please make an update on that. The other thing that might need improvement in my opinion is the loading spinner that popes up. it is, UI'ly speaking, not good.",3,2023-03-20,BOA,Google Play
"To be honest the old version was better for me, and you don't send the code to a phone and an Email together.",5,2023-03-20,BOA,Google Play
This app is the worst,1,2023-03-20,BOA,Google Play
"Dears please check the issue, it's not working on android version 7.0",1,2023-03-20,BOA,Google Play
በገዛ ገንዘባችን ተቃጠልን እኮ አፑ ንግድ ባንክ ሆነብን ደስ ሲላው ነው ሚሠራው,1,2023-03-20,BOA,Google Play
I don't like this version,5,2023-03-20,BOA,Google Play
Good experience,5,2023-03-20,BOA,Google Play
በጣም ዝገት የሆነ አፕ ነው በየቀኑ update ይፈልጋል CBE በጣም የተሻለ ነው ከእናንተ,1,2023-03-20,BOA,Google Play
"Worst app takes longer to access, seems not secure and safe at all",1,2023-03-20,BOA,Google Play
The update one is the worst app ...,1,2023-03-20,BOA,Google Play
"It got slow after the update, can't even open the app most of the time, the app stuck on white screen It's so annoying",1,2023-03-19,BOA,Google Play
The new version is so annoying,1,2023-03-19,BOA,Google Play
It so bad it cant open,1,2023-03-19,BOA,Google Play
"Very slow, and lots of stuck",1,2023-03-19,BOA,Google Play
The last version was great in loading 👌 It's very annoying now. It's very annoying to load. It was cool before. Now it's only good to fill in the password.,1,2023-03-19,BOA,Google Play
"Why there is only signup option we cant able to signin back to our account after logged out and also Logging in With our account Number isnt safe its should be q User ID as it is before. PLEASE FIX These issues as soon as possible Lagging Issue , screenshot issue must be fixed , the UI Design is the best is great",4,2023-03-18,BOA,Google Play
Good need growth,3,2023-03-18,BOA,Google Play
Why does it work again when it is updated? It is very disgusting that the finance is not always released,1,2023-03-18,BOA,Google Play
"The old one was modern, secure, fast and reliable. But the update is the worst, I mean I have no words how infuriating it is 1. It is dimwitted slow 2. Security mechanisms like otp have been left out, I think it was for simplicity!!?? 3. It crashes repeatedly, I mean a lot. Even my phone has categorized it as a potential app to be put to deep sleep. I use it atleast twice a day. 4. Lately am beginning to think it has agendas of its own. When I need it the most it always has got a surprise",1,2023-03-18,BOA,Google Play
It is not working why is that,1,2023-03-18,BOA,Google Play
ምንም መስራት ማይችል መተግበርያ ነው የ በፊት መተግበሪያ የተሻለ ነው,1,2023-03-18,BOA,Google Play
አፑ ክራሽ አድርጓል። በፊት በደንብ ይሰራ የነበረውን አፕ አፕዴት አደረግን ብላችሁ ጭራሽ አገልግሎት መስጠት የማይችል አፕ አድርጋችሁታል።,1,2023-03-18,BOA,Google Play
"If you DO NOT want your money, then you use this app. It gets hacked easily. You will not control your account. I will never recommend this app to anyone. You can not TRUST the Bank of Abyssinia. The bank is not responsible to secure its customers' money from hackers. I lost my money through this app. The BoA is the WORST bank in the world.",1,2023-03-17,BOA,Google Play
Very good but some time connection,5,2023-03-17,BOA,Google Play
1. Screenshot not allowed! Bezi mknyat bcha i have stopped using this update...yebefitu yshal neber 2. Ui kebefitu bishalm ahunm gn Ke cbe app eyayachu srut bzu neger ygolewal. 3. Its too slow!! 4. The biometrics /pin and all the updates are betam arif👍👍,3,2023-03-17,BOA,Google Play
"The updated one is having alot of troubles signing in, recognizing ur account number. You need to reinstall it again and try, and this sometimes work and it doesn't also. So please sort it out ASAP...",1,2023-03-17,BOA,Google Play
After the update it won't even login,1,2023-03-17,BOA,Google Play
"It looks cool but i exprianced some issue am using Samsung M32, when I entered to some options then want to back to home page I couldn't get back with return key. So I should go to the menu and click the home page🤦. The other one is when I left the page idle it turns to total black screen it didn't reload or any so i have to close the and relogin.",3,2023-03-17,BOA,Google Play
Update version is good but I think there is main problem you should probably fix immediately which is the optional security fingerprint login process. At first I thought it was very easy way to login just by scanning our fingerprint. But what if someone can access our phone through trial and error or a friend who knew our phone pattern/passcode can add their own fingerprint to the device security and they can access our BOA account just by using their fingerprint. I tried it and it works.😮😮😥,2,2023-03-16,BOA,Google Play
AMAZING MOBILE BANK,5,2023-03-16,BOA,Google Play
"The app becomes more simple, which is really great. But one thing that bothers me is I couldnt take a screenshot of the transfer I made nor it doesnt have a share option. People need an evidence for the transfer made.",4,2023-03-16,BOA,Google Play
need improvements and previous was better ...not easy to downland and begin,1,2023-03-16,BOA,Google Play
After updating it's not work nothing,1,2023-03-16,BOA,Google Play
"The worst app ever. First of all the UI sucks, and second it doesn't work. I tried to transfer to another bank through etswitch and rtgs and it never worked. Keeps showing error all the time. Please remove it or make another app. This is a trash product from a big bank like this.",1,2023-03-16,BOA,Google Play
Im going to use other banks apps till you fix the screenshot problem,1,2023-03-16,BOA,Google Play
After the update the app is not working.,3,2023-03-15,BOA,Google Play
"I really love bank of abissyinia but this app is really terrible 😭 I can't describe even the app problems easily i can say it doesn't work, i don't know how this thing could happen to the one of best banks in Ethiopia but it happened.......please Mr. Developer update your app like now!!!",1,2023-03-15,BOA,Google Play
We can't make screen shot they locked it,2,2023-03-15,BOA,Google Play
The updated version is very slow,1,2023-03-15,BOA,Google Play
ባንኩን የማይመጥን update ነው screen shoot ከሌለው ምኑን ቀልጣፋ ሆነ? የመጀመሪያው የተሻለ ነው ብዙ እንከን አለው ይታሠብበት,1,2023-03-14,BOA,Google Play
"Please BOA avoid this useless app...it is very slow to load,can't allow screen shots,it is not working in background it asks to load agin if you are away for a microseconds...very bulky app ever...please update it or avoid it😡",1,2023-03-13,BOA,Google Play
"What's going on?everytime I login it just gets blurry n I just get a n empty white page, I can't access my account now,Waw this ain't no upgrade",1,2023-03-13,BOA,Google Play
An interesting app i liked for ever,5,2023-03-13,BOA,Google Play
I couldn't open ze app,1,2023-03-12,BOA,Google Play
Having to many problems with the app. I am using a note 5 and I have delete and download again and again yo access to my account. Please fix it.,2,2023-03-12,BOA,Google Play
"The old version worked perfectly, after I updated it to version 1.0.2 it said ""unable to verify user"" so please fix it as soon as possible.",1,2023-03-11,BOA,Google Play
The updated version doesnt work !,3,2023-03-11,BOA,Google Play
"the new app crashed every time when i try to open it, i try to get help from my branch but they even can't fix it and i came hear to give feedback but when i look in to the other customer who give feedback nither the developer nor the bank customer service didn't bother to reply single line of excuse or headsup. Please pay attention to your customers needs.",1,2023-03-10,BOA,Google Play
"I opened a diaspora account and a local account with your bank. I often travel overseas and cannot access my account, transfer money or even check my balance from overseas. The problem is you send verification code to my telephone number in Addis, which I cannot access from overseas. I was told you would send verification code through my email which I left with you. Your old or new App doesn't give you that option. That is a big mistake which would have an impact on your business. Please correct",3,2023-03-10,BOA,Google Play
"It's exciting app, just proud! please made the following changes: 1. Permit Screenshots and/or Enable Automated Receipts when Transactions made through this app. 2. Enable and Force MFA(Multifactorial Authentications) 3. Yes You can my Abyssinia🥰😘",4,2023-03-10,BOA,Google Play
Very poor application. You should see other banks. Why should I remember my account number and get a password with text everytime i sign in. This is so backward !!!,1,2023-03-09,BOA,Google Play
The app is so stacker and not smooth is slow to login,1,2023-03-09,BOA,Google Play
Worest app ever,1,2023-03-09,BOA,Google Play
The most incapable app,1,2023-03-08,BOA,Google Play
It's the worest app ever ... please test it,1,2023-03-08,BOA,Google Play
"I don't think having a good User interface is better than user experience....it is so slow, it wont let you take a screen shot (which is the most important thing for the user)...I chose the old version 100 times than this update...",1,2023-03-08,BOA,Google Play
What happened.... the old app.was OK....now its even worst... please fix it so we can manage easily....,1,2023-03-08,BOA,Google Play
The app is now user friendly but its not working. I couldn't open the app for the past three days now. This should have been tasted before it was upgraded.,1,2023-03-07,BOA,Google Play
The security has declined as it login even after a wrong pin attempted,1,2023-03-07,BOA,Google Play
"The old version was way simple and easy to use, the updated version isn't really good, at all. No screen shot,",1,2023-03-07,BOA,Google Play
My first choice,4,2023-03-07,BOA,Google Play
addis ababa,5,2023-03-07,BOA,Google Play
"The previous version was very secure felt like all your money was at a safe hand but now it doesn't feel like that anymore anyone with your phone number and account number would easily be able to have access to your money, I transfered all of my money to other banks until I feel like my money is safe with them again. I hope Abbissina Bank would look at my comment and hopefully would bring back security to their next update",1,2023-03-07,BOA,Google Play
ይሄ አዝግ አድርጋችሁታል ፣ ፈጣን እና ቀላል ማድረግ ሲገባችሁ ገገማ ታደርጉታላችሁ ፣በፍጥነት አሻሽሉት ።,1,2023-03-07,BOA,Google Play
Can't even log in after i upgrade the app,1,2023-03-07,BOA,Google Play
This app good but not open clearly,5,2023-03-07,BOA,Google Play
This is best App and simple to use.👍👍👍,5,2023-03-06,BOA,Google Play
Why can't I screen shot when am done loading money or after I transfer A money,1,2023-03-06,BOA,Google Play
I'm sorry to say or writing this application is not works at all I can't transfer to other bank I have also security problems. It close suddenly by itself pls fix the problems,1,2023-03-05,BOA,Google Play
"The new version is the worst, it automatically logged me out and i can't log back in And the saddest part is none of the staff know how to fix this s***!",1,2023-03-04,BOA,Google Play
Worest app. The previous version is better. Can't take screen shoot and frequently interrupted. Too bad.,2,2023-03-04,BOA,Google Play
Ooohyűhhhhyyuuuiuiuuuuyyy*uuuuyuuuiuuiuuuu,5,2023-03-04,BOA,Google Play
It does not allow screnshoot. Means lts necessary to take s. Shoots as an evidence. And ilso very slowly to load......,2,2023-03-04,BOA,Google Play
It keeps crashing.,1,2023-03-03,BOA,Google Play
There is a slight adjustment on the app regarding the UI and the activation. But the worst part is I cannot take screenshots after completing transactions. 😖😨,3,2023-03-03,BOA,Google Play
The app is not working when it gets on the sign in,1,2023-03-03,BOA,Google Play
Can't access easily still not accepting my account,1,2023-03-03,BOA,Google Play
This latest release is not working right . Slow on login and freezes on use. The older version was stable. After doing transaction it doesn't not allow you to screenshot or export the transaction.,1,2023-03-03,BOA,Google Play
It's better to not download,1,2023-03-01,BOA,Google Play
First i would like to appreciate BOA for their great effort. You have made the app easier and more user friendly but its a little bit slow when it loads and it doesn't allow screenshots. How do we confirm our transfers without a screenshot. It should eithier allow screenshots or you guys need to add some more features that allow saving the transaction page to gallery.,3,2023-03-01,BOA,Google Play
"I like recently updated BOA app, it was quite easy to use, but it takes longer time to access to start the service.",4,2023-03-01,BOA,Google Play
"It keeps crashing, it won't open at all for me",1,2023-03-01,BOA,Google Play
"While the new update has good features like biometric authentication, it takes time to load and show black screen when it was in background and transitions to foreground.",3,2023-03-01,BOA,Google Play
Its a piece of cr*p!! You made it worse and its just useless. The only reason I still decide to continue with my BoA account is your excellent customer service at the banks. Other than that this is very dissapointing!!!,1,2023-03-01,BOA,Google Play
Very slow application. I am a loyal customer of Abyssinia but after I updated to this app I am dissatisfied. Please don't update your app. Use the previous version which has better connection. Even you can't take screen shot on this app. Poor service. Please improve.,1,2023-03-01,BOA,Google Play
The lag in the new update is horrible and the money send( ATM withdrawal) feature doest work,2,2023-03-01,BOA,Google Play
"Thank your mobile App, I am back to using ATM. This is the worst app, 1. The loading part is ahhh, 2. The timeout with the loading part 3.. The design is not customer friendly, it's designed by banch of employees in one table. 4. Thanks to your app, it caused an error and still can't refunded my Money. Ere please please wa And u can't even screenshot ur secret code to share with your friends, come onnnnnn. I love BOA, but you guys have the worst App",1,2023-02-28,BOA,Google Play
What is going on with you BOA? Its going very annoying!,1,2023-02-28,BOA,Google Play
Amazing app with a great updates well done guys. BoA is the best in all over Ethiopia bank's,5,2023-02-27,BOA,Google Play
The updated version is very horrible after i have set MY PIN But when i try to login it say pin error.When a rest my pin also it repeat the same narration.very bulky.the older version was better! And it takes long time to loading.,1,2023-02-27,BOA,Google Play
Bad update the previous was fine to me,1,2023-02-27,BOA,Google Play
One of the worst app ever I have seen,1,2023-02-26,BOA,Google Play
"The update version while it has some good enhancements such as the log in with biometric, it has disabled taking screenshot of transfers. This is such a draw back because I usually send and store screenshot everytime I transfer funds to someone. Also the filter does not seem to work at all, Please enable this feature ASAP",3,2023-02-26,BOA,Google Play
Why the app cloth when i open it And security 0,1,2023-02-26,BOA,Google Play
The updated version of this app is terribly slow to log in. Thanks for removing the annoying sms and otp features of the old version though.,2,2023-02-25,BOA,Google Play
Good improvement on your new update. The new update have some issues when move to another screen (app) it gives error and main issue is I can't take screen shot how can I send deposit pic to someone. Else it only display 3 transactions it will be good it show at list 1or2 months,4,2023-02-25,BOA,Google Play
"I've always loved boa, but this app is below expections. It keeps crashing which is not ideal for transferring and payment. I hope this app will improve to the point where it fits the banks quality. Edit: the update is even worse... Can't get a receipt or even screenshot it",1,2023-02-25,BOA,Google Play
"z app needs strong network access, then it is inactive where at 2g and 3g network areas . please try to make it easy.",1,2023-02-25,BOA,Google Play
Am using the application but after activation its responding me its not working what shall I do,1,2023-02-25,BOA,Google Play
bugs everywhere... annoying UI,1,2023-02-25,BOA,Google Play
ስክሪን ሹት አያደርግም ፣ ከአንድ በላይ አካውንት ሰፖርት አያደርግም ምንልባት በከስተመር አይዲ ቢሆን አሪፍ ነበር ሌላው ግራፊካል ኢንተርፌሱ ቆንጆ ነው,5,2023-02-24,BOA,Google Play
ሰላም ሰላም እንደምታዩት እርግጠኛ ነኝ። ማረጋገጫውን ስክሪንሻት ለማድረግ ስንሞክር Screenshot is not allowed due to policy restriction ይላል። እንደዚ ከሆነ ባንጠቀመው ይመረጣል። ማን ያምነናል ያለ ስክሪን ሹት?? ወይም Download wz pdf የሚል option ይኑረው። ሲጀመር screenshot ግዴታ መፈቀድ አለበት። ምን አስባቹ ነው??????,1,2023-02-24,BOA,Google Play
"Fix the screen shot , it crashes in Redmi android 8.0 , push sms is horrible slow , why did u remove screen shot , u think we trust ur slow sms , No , I just sent money to atm and waiting for sms cause I couldn't take screenshots, this wasn't upgrade at any thing , still web app , roll it back, roll back assuming you have good DevOps. Roll it back at once .",1,2023-02-24,BOA,Google Play
ምን እንደሆነ አላውቅም በጣም ያስቸግራል እየጀመረ ይቋረጣል ዳታዬም ጠንካራ ነዉ አስተካክሉት,2,2023-02-24,BOA,Google Play
The previous IB mobile service was way much better.i updated the app and it changed itself into mobile app just like others bank have.it crashes down regularly and is not intuitive like the first app. RTGS keeps failing plssssss do much better,2,2023-02-24,BOA,Google Play
"I can't load money to my telebirr account. It says error bla bla. And the app is not smooth, it takes time to load everytime you open something. Plus you agree to terms and agreement everytime you open the app. But mostly I need to be able to send my money to telebirr. It's annoying. Ethiopian commercial bank app is far more better, I will use that from now on. It's so smooth!",1,2023-02-24,BOA,Google Play
This is very nice,5,2023-02-24,BOA,Google Play
Taking screenshots is part of an app that illustrates compelling stories and disabling this primary function and purpose makes the app dull.,1,2023-02-23,BOA,Google Play
ASCHALEW Derese,5,2023-02-23,BOA,Google Play
Please fix the screenshoot issue with your new update,2,2023-02-23,BOA,Google Play
This updated version doesnot work after you fill everything until creating password and the fininshing button doesnot work .,1,2023-02-23,BOA,Google Play
The app is not even working. I asked at the branch to reset it for me. But there was nothing they did for me.,1,2023-02-23,BOA,Google Play
Sms should not be removed the privous one is more secure,1,2023-02-23,BOA,Google Play
Thanks boa but some times stack,3,2023-02-23,BOA,Google Play
Can be used easily,5,2023-02-22,BOA,Google Play
Best app for easily access,5,2023-02-21,BOA,Google Play
BOA Mobile is an amazing application .,5,2023-02-21,BOA,Google Play
Best app and so simple,5,2023-02-21,BOA,Google Play
Very poor services on mobile banking,1,2023-02-21,BOA,Google Play
No functional,5,2023-02-21,BOA,Google Play
Nice version update,5,2023-02-20,BOA,Google Play
"It's well, but I can't verify my account yet",1,2023-02-20,BOA,Google Play
"There is one major user experience issue that i have noticed, users are not able to take screenshots of transactions, this security setting should be set by the user and there must be a way to override the default configuration otherwise the applications should provide a pdf download option either on the summary page or transaction history.",2,2023-02-20,BOA,Google Play
The bank's system is awesome. But the application is a trash.,2,2023-02-19,BOA,Google Play
I got the latest update and I thought finally you guys noticed how much annoying the UI is and fixed it but guess what it's still the same and even worst you removed the multi layer security which was literally the only thing I loved about this app. Please fix it.,2,2023-02-19,BOA,Google Play
"I love the updated app. It's simple to use and has cleaner UI. However, I miss the OTP confirmation for making transactions.",5,2023-02-18,BOA,Google Play
Qerfafa app! Slowest one!,1,2023-02-07,BOA,Google Play
it is best app but not fast,5,2023-01-31,BOA,Google Play
It's easy to access the app and easy to control the account,5,2023-01-29,BOA,Google Play
በጣም በጣም ቀረፋፋ እና ለአጠቃቀም አሰልቺ የሆነ app ነው,3,2023-01-28,BOA,Google Play
Amazing app thanks,5,2023-01-25,BOA,Google Play
Very slow and sometimes wouldn't work at all.,2,2023-01-19,BOA,Google Play
the best bank,5,2023-01-17,BOA,Google Play
"You can make the app more simpler, specially transactions must be easily accessible. I dont want to click buttons after buttons to see my monthly transactions. CBE's mobile app is simple. At least try to get to their standard.",3,2023-01-14,BOA,Google Play
It's slow and hard to navigate on this app. Please update! I can't change my username so I have to go to my notes and write down the username from scratch so the time. And it requires me to use OTP on every login. It's a lot of hassle using this app.,1,2023-01-14,BOA,Google Play
Flexible to use,5,2023-01-13,BOA,Google Play
"Need improvement, there is more otp that makes me uncomfortable",1,2023-01-09,BOA,Google Play
Good 100% by security,5,2023-01-09,BOA,Google Play
It is very very poor App related to other Mobile Banking In Ethhiopia. For Example CBE mobile banking is save b/c most of Our people in Ethiopia is not use Internate so Its App is Bad.,1,2023-01-06,BOA,Google Play
It is the best,5,2023-01-03,BOA,Google Play
The worest bank app !!,1,2023-01-01,BOA,Google Play
"I is the best mobile banking system, even you can send au to 500,000 at once",5,2022-12-30,BOA,Google Play
100 % safety,5,2022-12-28,BOA,Google Play
Bad application.,1,2022-12-23,BOA,Google Play
Difficult to start app,4,2022-12-22,BOA,Google Play
hard to use this app,2,2022-12-21,BOA,Google Play
"This is the best E-Banking app in 🇪🇹, i pay anything with this app.",5,2022-12-16,BOA,Google Play
this app Sometimes on problem,5,2022-12-13,BOA,Google Play
"This is the worst app, very slow",1,2022-12-11,BOA,Google Play
"The worst app ever, i don't advice anyone to go through the scrowed up steps to set it. Just simply ditch it.",1,2022-12-09,BOA,Google Play
Too bad app,1,2022-12-09,BOA,Google Play
It is thefantastic digital appbin Ethiopia,5,2022-12-09,BOA,Google Play
it takes time to login and transfer,3,2022-11-16,BOA,Google Play
All service went downhill once I changed my number and they couldn't figure out on how to solve the issue,2,2022-11-16,BOA,Google Play
Some times i don't know the app is slowely,5,2022-11-14,BOA,Google Play
No fast app,3,2022-11-02,BOA,Google Play
is good BOA,5,2022-11-01,BOA,Google Play
Great Financial Platform & Very Secured !!!,5,2022-10-29,BOA,Google Play
It is very good system l am not expressed it,4,2022-10-26,BOA,Google Play
"It's a good apk, but there is no option to rest your password if you forget. you always go to BOA brunchs to fix it. Developers must include this feature !!!!",4,2022-10-22,BOA,Google Play
Best for me,4,2022-10-20,BOA,Google Play
ል ም96 ሟ00ፕእኦምምም ሊምልኦ0 0ምልም,4,2022-10-18,BOA,Google Play
The app works well and with multiple features. However for trouble shooting online customer service was not reachable and once connection is lost it was difficult to fix. Connection issues affect app peformance & activity,3,2022-10-13,BOA,Google Play
Today why server errors no work mobile banking please help me,2,2022-10-08,BOA,Google Play
Best Apps story,5,2022-10-07,BOA,Google Play
When i open it It says jailbroken something like that,3,2022-10-05,BOA,Google Play
It's ni e to get mobile banking but you sent so many conformation make it easy like cbe,5,2022-10-04,BOA,Google Play
Bad UX... I usually get a white black screen 😳 The app doesn't tell me what goes wrong...,2,2022-10-02,BOA,Google Play
I gave you 4 ⭐ because recently I got a crash multiple times when I tried to use the application!,4,2022-09-28,BOA,Google Play
ምርጦች ናቹ በርቱ,5,2022-09-27,BOA,Google Play
"The application is crashed , after updating on play store Please check the reason curiously , we don't expect this from finacial apps.",1,2022-09-27,BOA,Google Play
Best in Ethiopia 🇪🇹..love it,5,2022-09-26,BOA,Google Play
Its the best app all of the other app,5,2022-09-16,BOA,Google Play
Its good bank in ethiopia,5,2022-09-15,BOA,Google Play
Unable even to open it. I tried uninstall and install but it doesn't solve it.,1,2022-09-08,BOA,Google Play
It's not working.,1,2022-09-05,BOA,Google Play
"We'll done""!",5,2022-09-04,BOA,Google Play
This is internet banking I want mobile banking,1,2022-09-02,BOA,Google Play
I was looking for the 0th star! Very angry with this app. & possibly the lowest quality mobile app on the playstore!!!,1,2022-08-19,BOA,Google Play
It's not good please make it more comfortable,3,2022-08-06,BOA,Google Play
"it's good ,easy to use,and secure app",5,2022-08-02,BOA,Google Play
The app's interface is not fully dispalyed in my android phone. Pay or transfer button is not displayed,5,2022-07-30,BOA,Google Play
አውርጀው አይሰራም,5,2022-07-16,BOA,Google Play
"In-branch customer service is good. However, when calling call center to troubleshoot app issues, very hard to get agents to slow down and listen to the problem you're experiencing. They tend to go strictly by their scripts and act like machines pressed for time. Dear BoA, you're talking to humans on the other end, please train your agents to act like humans.",3,2022-07-15,BOA,Google Play
More interested!!!!!!,5,2022-07-14,BOA,Google Play
"This is the lowest I could give it. I downloaded the app for the first time and it asks for my user ID, if I am supposed to get the ID from a bank nearby it is supposed to give instructions but it just keeps asking for my user ID without no sign up option.",1,2022-07-09,BOA,Google Play
betam debari app new birr lemelak esk 10 dekika melfat yitebekbnal ya demo ke zemenu gar abro yemayhed app yadergewal enam log in systemu ende cbe bihon arif new cbe mobile banking betam betam yibeltachihual silezih bitastekaklut yeteshale yimeslegnal.example ene amarachi kalatahu cbe mobile banking app eyale bechirash boa app altekemm😡 It's really bory pls make it upgraded🙏,1,2022-07-06,BOA,Google Play
It's not open first,1,2022-07-06,BOA,Google Play
Excellent App. Its very helpful for many things.,5,2022-07-05,BOA,Google Play
it is working fine so far,3,2022-07-05,BOA,Google Play
"It's a web page browser not an app, and to complicated, unnecessary 2fa verification every time you open the app",2,2022-07-05,BOA,Google Play
Bes Mibile Banking App in Ethiopia,5,2022-07-03,BOA,Google Play
Yes good app boa mobil apps yes app good,5,2022-06-28,BOA,Google Play
"Not functioning It says ""Error encountered during update """,1,2022-06-27,BOA,Google Play
but have no security,3,2022-06-23,BOA,Google Play
It's very simple and Easy to Use,5,2022-06-16,BOA,Google Play
It is a very difficult app to log in and when you enter the password you will not be able to login,1,2022-06-13,BOA,Google Play
"This app does not work correctly , please upgrade it or find other options. Thanks",1,2022-06-04,BOA,Google Play
This app is very good app.,5,2022-06-03,BOA,Google Play
I can count perfectly,5,2022-05-27,BOA,Google Play
it is so great to have the application it makes life easy...,5,2022-05-25,BOA,Google Play
It's easy to use,5,2022-05-24,BOA,Google Play
I really like this app and it is great but it needs to be updated in the future,4,2022-05-18,BOA,Google Play
I want it more,5,2022-05-18,BOA,Google Play
Its nice but it asks username every time which is not good and makes bored,3,2022-05-12,BOA,Google Play
"This app is insecure, I tried to transfer money to other bank and I am still missing my money because of this app. I thought that abysinia is the best bank, but, this app made me hate the whole bank.",1,2022-05-09,BOA,Google Play
It's very special Mobile banking service better than another bank fast and secure I love it,5,2022-05-05,BOA,Google Play
"Your app is confused when determining if device is rooted. I even hard resetted my device, and still couldn't let me use it",1,2022-05-04,BOA,Google Play
Not perfect No send money it's not easy password and OTP idon't like this app,1,2022-05-02,BOA,Google Play
This application not running in rooted Android phone or jailbreaken iPhone device what is reason,1,2022-04-26,BOA,Google Play
Not working,1,2022-04-25,BOA,Google Play
For some reason my IB account isn't really linked with my bank account. The name and everything is displayed but my balance is constantly on -0.01. Thus makes it impossible to transfer and overall use the app.,3,2022-04-25,BOA,Google Play
"I like it, especially the Bank of Abyssinia",5,2022-04-23,BOA,Google Play
"It is very disgusting app ever. Its speed,layout and even it requires to veryfy every login. It asks to enter username every time. It requires 6 digit password which is very difficult and not userfriendly. Even the current version didnt have help/support menu.....Please update it!",1,2022-04-23,BOA,Google Play
it is not simple to use the app. Please upgrade the app.,1,2022-04-21,BOA,Google Play
Power full app,5,2022-04-20,BOA,Google Play
I really like it keep improve it.it easy to use it,5,2022-04-20,BOA,Google Play
Abdiisaa lamma David,4,2022-04-19,BOA,Google Play
"Its secure and almost available and works fine any time I need it. The downside is the user experience, i have to go through multiple pages to accomplish a single task. Also to ease secure login if you could integrate biometric authentication functions would be best.",4,2022-04-16,BOA,Google Play
Its worest interface and its not simple to use. Please upgrade,1,2022-04-14,BOA,Google Play
"Its terrible. The security processes, the interior layout or display, the speed all terrible. You can easily compare with other similar internet bankings(like Awash). 1star for the internet banking is enough.",1,2022-04-13,BOA,Google Play
With great features,5,2022-04-11,BOA,Google Play
Thank you very much,5,2022-04-09,BOA,Google Play
Really disappointing android app to see from Abyssinia bank. You need to upgrade the interface and the looks inside Even if it works perfectly for me i don't use it cause it have boring interface 2 stars just because it works.,2,2022-04-03,BOA,Google Play
Loading to telebirr doesnt work cant select debit account,1,2022-03-30,BOA,Google Play
The best one!,5,2022-03-27,BOA,Google Play
Its not working for android 5,1,2022-03-26,BOA,Google Play
Life is easy with this app,5,2022-03-24,BOA,Google Play
It dosn't working properly BOA is a Bank with a great Name and Experience so you need better App which is you deserve! This is not BOA's App at all!,1,2022-03-22,BOA,Google Play
The application is good but it is still now old version means it's 2020 software.so make your IT technician awake ⏰ 😉,1,2022-03-09,BOA,Google Play
If accepted my registration otherwise i will be given 1star,5,2022-03-07,BOA,Google Play
this app is the worst app in play store it say error,1,2022-03-06,BOA,Google Play
በጣም አሪፍ አፕ ነው,5,2022-03-01,BOA,Google Play
Civil engineering graduate and worked at site supervisor,5,2022-02-23,BOA,Google Play
This app is goog but it have a massive problem like keep saying page error some times it works nice some times it takes time to log in you don't receive SMS at time,3,2022-02-18,BOA,Google Play
Doesn't really work most of the time,1,2022-02-12,BOA,Google Play
Absolute garbage as a mobile banking app.,1,2022-02-11,BOA,Google Play
Why did't work on my phone????......please update or do something on ur app..,1,2022-02-05,BOA,Google Play
worst app ever...i have to get sms confirmation code every time i login even with the remember user id on,1,2022-02-01,BOA,Google Play
Nice 👌 and very good app,5,2022-01-29,BOA,Google Play
it's fast and easy to use,4,2022-01-26,BOA,Google Play
It is not fast as we expect. It interrupts. Please make modifications.,3,2022-01-18,BOA,Google Play
The developer of this app must fix the error saying cuz it keep saying Error error error😡😡😡,1,2022-01-13,BOA,Google Play
It is not working on my galaxy s6,1,2022-01-04,BOA,Google Play
Amazing app,5,2021-12-30,BOA,Google Play
The services provided by Abyssinia are great!,5,2021-12-30,BOA,Google Play
why do i need credentials everytime? try to add fingerprint or something full time secure password,2,2021-12-29,BOA,Google Play
It needs a little bit of fixing and updating b,1,2021-12-27,BOA,Google Play
I went to use mobil banking of abiciniya.,5,2021-12-27,BOA,Google Play
Oo my god.it is not fair BOA mobile bank app is too much not good app( it doesn't work by any network connection only it says error) I don't know the problem to fix it.i need to say BOA app must improve to androids,1,2021-12-13,BOA,Google Play
The app says Jailbroken Device Warning and will not work. But my phone is not Jailbroken or rooted. Please fix it,1,2021-12-12,BOA,Google Play
It is dos'nt work out off date,1,2021-12-06,BOA,Google Play
Niga it's not expected form this big bank🤮,1,2021-12-05,BOA,Google Play
"after installation, it doesnt open. it just shows a white screen",1,2021-11-29,BOA,Google Play
በስርዐት አድሰራም አንዳንዴ ደሞ ይዘጋል አስተካክሉት ከሌሎች ተማሩ,1,2021-11-28,BOA,Google Play
Unable to create user ID. Can not sign up. Not useful for USA,1,2021-11-23,BOA,Google Play
"This apps is not working for some phone , so what is problem",3,2021-11-17,BOA,Google Play
Very interesting app,5,2021-11-11,BOA,Google Play
Better and good than ever et mob bank apps,5,2021-11-06,BOA,Google Play
For availability is good but difficult to use,3,2021-11-01,BOA,Google Play
"Not user-friendly, difficult to access. Needs to work on user-friendly.",1,2021-11-01,BOA,Google Play
Doesn't work totally. I don't recommend anyone,1,2021-11-01,BOA,Google Play
It is very good app.,5,2021-10-30,BOA,Google Play
Very Good App.It is my bank i love it,4,2021-10-30,BOA,Google Play
It needs improvement it is very slow it doesn't work as i expected,1,2021-10-29,BOA,Google Play
The app used to work although it's too slow. What's happening nowadays is..... I can't.,2,2021-10-27,BOA,Google Play
HORRIBLE! Not expected from a bank as big as BOA. Who are supposedly one of the most advanced banks in Ethiopia. I've seen no name sites who had better WebApps then BOA entrie app. Seriously you guys need to work on your UX design it's horrible. The layout is mayhem. The color scheme of the left side menu is BAD. The app is sluggish the animation bring tears to my eye. One star cause the app functions. But just cause it works doesn't mean that it will compensate for user experience.,1,2021-10-23,BOA,Google Play
Great App! Improve the speed within the interface.,3,2021-10-10,BOA,Google Play
Why no work,1,2021-09-25,BOA,Google Play
unsatisfactary,5,2021-09-23,BOA,Google Play
its the best app i have ever seen before,5,2021-09-20,BOA,Google Play
Why it ask's my ID again and again while I already click the remember id button?,1,2021-09-20,BOA,Google Play
አፕሌኮሽኑ አይስራም,1,2021-09-17,BOA,Google Play
It logs out automatically everytime and its also but atleast its usable,2,2021-09-10,BOA,Google Play
Anyway it's good app,3,2021-09-08,BOA,Google Play
It doesn't work on my phone can you tell me the reason,1,2021-09-06,BOA,Google Play
Why it is not download?,5,2021-08-26,BOA,Google Play
"After installing it is not run the application error message says""jailbroken or rooted devices"" i think it not compatible for android 10",2,2021-08-04,BOA,Google Play
Wht the hell is this app.oh my God its literally pissing me off Whats the OTP needed for on every single login jezzz 😡😡😡😡😡 why does it logout when u tap something u want,1,2021-08-04,BOA,Google Play
"its not even opening after installing , it says error update incounter.... so think about the compatebility problm its from android version 5.1.1",1,2021-08-01,BOA,Google Play
Not working foe me. It say jailbroken or rooted.,1,2021-07-29,BOA,Google Play
"You didn't put instructions inorder to help your costumers , i even couldn't log in!",1,2021-07-17,BOA,Google Play
It doesn't work,1,2021-06-25,BOA,Google Play
Dr seid is back,5,2021-06-12,BOA,Google Play
It is secure and good apk but place just contact with like pay pal and other online things,5,2021-06-09,BOA,Google Play
"It is Secure & transfer to other bank (RTGS) works perfectly. Outstanding mobile application among Ethiopian banks in my view. Leading by example, BOA!",5,2021-06-01,BOA,Google Play
Unfriendly!!! what's the use of security if it makes the service ultimately unusable? all those hodge-podge futures are making this small app slow and buffer all day.,1,2021-05-28,BOA,Google Play
The network is soooo slow and it's not working,1,2021-05-24,BOA,Google Play
Good financial application,5,2021-05-15,BOA,Google Play
"Looks Good, but some features like remembering user id dont work and also If you improve the user interface more it would be perfect!",5,2021-05-12,BOA,Google Play
So lezy app,1,2021-04-27,BOA,Google Play
Best of abissinia internet app!!!,4,2021-04-26,BOA,Google Play
Annoying steps....please reduce the steps and make it easy for use.,1,2021-04-23,BOA,Google Play
Skip to Main Content Jailbroken Device Warning We are unable to run this application on Jailbroken or Rooted devices,5,2021-04-15,BOA,Google Play
"Best app, every consumer should use it",5,2021-04-09,BOA,Google Play
የ አማራ ባንክ ሁሌም ያስጠላል,1,2021-04-04,BOA,Google Play
Amazing app. Proud of it,5,2021-04-03,BOA,Google Play
Needs a lot of improvement and has to be friendly.,1,2021-03-13,BOA,Google Play
Good opration but thi App doesn't work in all smart phone.,5,2021-03-07,BOA,Google Play
"Annoying. It's not working on my phone. It's saying, ""Rooted device..."". Mine is not. Fix it.",1,2021-02-12,BOA,Google Play
"Bad user experience. I understand that it should be secure but all those steps just to login are ridiculous. I even find it hard to call it an ""app"", it's technically a bunch of webviews. Plus, they don't even pickup their support lines on weekends.",2,2021-01-25,BOA,Google Play
BEST alternative,5,2021-01-21,BOA,Google Play
Best & fast,3,2021-01-15,BOA,Google Play
Best application,5,2021-01-04,BOA,Google Play
Eyasu thank you it has made my life easier!,5,2020-12-22,BOA,Google Play
"it is realy nice apk and i get realy nice service from any BOA branch,but small slow when i uses zis apk",3,2020-12-15,BOA,Google Play
It dosen't work outside Ethiopa.,1,2020-12-03,BOA,Google Play
Please update it to fix the commented problems like unable to rember the user id and isnt work by mobile network all time it needs wifi for fast service.,5,2020-11-30,BOA,Google Play
"Easily can't upgrade , it asked u to upgrade but it can't upgrade , I reinstalled the app to upgrade it . So please make it some improvement .",1,2020-11-26,BOA,Google Play
Dawit Adame Mola,5,2020-11-23,BOA,Google Play
"It looks good, and will be more valuable if interbank transfer starts work. In addition we need to make active 'remember user id'.",5,2020-10-24,BOA,Google Play
The worst app ever poor design and functionality.,1,2020-10-01,BOA,Google Play
Very exemplery App to other Bank Aps !,5,2025-11-28,Dashen,Google Play
It Is An Amazing app,4,2025-11-28,Dashen,Google Play
"its fast and easy to communicate to the app and its available all area keep it up.i will make Happy for this application thank you dashen bank for your effort,commitment and dedication. i appricated your work.",5,2025-11-26,Dashen,Google Play
What do you care about my phone's settings? Who are you to tell me what to turn off and on? It is my phone after all. This *develoler option* thing will cost you a lot of users who are willing to leave the bank once and for all. Turn this thing off. 6 you fear this is a security issue fix your side not mine.,1,2025-11-25,Dashen,Google Play
Exceptional Product.,5,2025-11-23,Dashen,Google Play
very easy app,3,2025-11-23,Dashen,Google Play
"The Dashen Super App is very impressive. It is fast, easy to use, and provides smooth access to all essential banking services. Money transfer, bill payment, balance check, and other features work efficiently without issues. The design is clean and user-friendly. Great step forward in digital banking — keep up the good work, Dashen Bank!..",5,2025-11-19,Dashen,Google Play
በጣም ፈጣን ሥቹ አስተማማኝ ወድጃዋለው,5,2025-11-18,Dashen,Google Play
bill payment options are limited in this app please add ethio telecom bill electric bill etc.. instead of adding nonsense in banking app,1,2025-11-18,Dashen,Google Play
"it's a really slow app, I'm not sure what the issue is. Even other bank transfers are not working",2,2025-11-18,Dashen,Google Play
always updating bad stability,1,2025-11-17,Dashen,Google Play
"it say's disable developer option, i disabled it but its not working still",1,2025-11-17,Dashen,Google Play
with the super app evry thing i need is just a tap away,5,2025-11-17,Dashen,Google Play
clear and presize,5,2025-11-15,Dashen,Google Play
smooth and easy!!!,5,2025-11-14,Dashen,Google Play
I have had an amazing experience with this app;ot os convenient and easy to use,5,2025-11-14,Dashen,Google Play
"All in One Super App with smooth navigation, transaction and lifestyle services",5,2025-11-14,Dashen,Google Play
Very nice App.,5,2025-11-14,Dashen,Google Play
system failure transfer to others account,2,2025-11-13,Dashen,Google Play
"Only the UI/UX is good, but it doesn't function properly. It's a shame that a leading tech bank has such an app. Amole is far better.",1,2025-11-13,Dashen,Google Play
"excellent app. to use perfectlly to pay,transfer,tele airtime and so on.",5,2025-11-12,Dashen,Google Play
wow dashen bank super app,5,2025-11-12,Dashen,Google Play
"This so-called “Super App” is a complete disappointment. It’s confusing, slow, and full of glitches honestly, it feels like it was designed to test people’s patience, not to help them bank. Calling it “super” is a joke; it’s one of the most useless apps I’ve ever used.",1,2025-11-11,Dashen,Google Play
Best Mobile Banking App in Ethiopia .,5,2025-11-11,Dashen,Google Play
very nice app I have ever seen,5,2025-11-10,Dashen,Google Play
NASTY BANK . EVEN THE SUPPER APP IS NOT WORKING WELL. WHEN I AM CALLING THEM THEY ARE NOT RESPONSE . PLEASE DON'T USE THIS APP BECAUSE YOU WILL LOSS YOU TIME ;ENERGY AND EVERYTHING . HOPELESS Bank .,1,2025-11-10,Dashen,Google Play
it's good but is not fast,5,2025-11-09,Dashen,Google Play
your financial system must improved,4,2025-11-09,Dashen,Google Play
your service is too good,5,2025-11-09,Dashen,Google Play
good experience,5,2025-11-09,Dashen,Google Play
"Amazing app, 👏",5,2025-11-07,Dashen,Google Play
"easy to use, friendly",5,2025-11-06,Dashen,Google Play
"12yr more LC, UCP & ICC & loan",5,2025-11-06,Dashen,Google Play
"not attractive and friendly app. Check Awash, CBE apps",1,2025-11-06,Dashen,Google Play
"The Dashen Super App is very impressive. It is fast, easy to use, and provides smooth access to all essential banking services. Money transfer, bill payment, balance check, and other features work efficiently without issues. The design is clean and user-friendly. Great step forward in digital banking — keep up the good work, Dashen Bank!",5,2025-11-05,Dashen,Google Play
betam kerfafa naw,1,2025-11-05,Dashen,Google Play
exceptional,5,2025-11-05,Dashen,Google Play
worst app ever,1,2025-11-05,Dashen,Google Play
"Dashen, always two step ahead.",5,2025-11-05,Dashen,Google Play
"Please try to fix the barrier between other banks specially with ""Commercial bank of Ethiopia""",3,2025-11-05,Dashen,Google Play
It is a wonderful App developed by a local talent. It deserves an appreciation. It will continue to evolve with new exciting features.,5,2025-11-05,Dashen,Google Play
wonderful app,5,2025-11-05,Dashen,Google Play
"i love the app it features are perfect, but it asks to update too many times to activate your need to visit a nearest branch and that takes time. other than that the app is great I like it",5,2025-11-05,Dashen,Google Play
it's so boring,1,2025-11-04,Dashen,Google Play
Dashen Bank Super App is the latest version of online banking system that is the gift from Dashen bank for us Thanks to Dashen,5,2025-11-04,Dashen,Google Play
"i rarely leave reviews, but this app truely deserves one.it's efficient ,secure , reliable and makes fanancial tasks effortless.definitely 5 stars for this exceptional app",5,2025-11-04,Dashen,Google Play
it has improved very much lately its working more and getting better but yet it is not fully fixed some time at night it doesn't work..i think the problem is it was launched too early.,3,2025-11-04,Dashen,Google Play
wow dashen bank,5,2025-11-03,Dashen,Google Play
ብዙ ነጉር ይቀረዋል ወደ አፑ ስገባ በጣም ይዘገያል ባጭሩ ቀርፋፋ ነው,4,2025-11-02,Dashen,Google Play
"I just updated my app to the latest version and I couldn't even see my balance, send money or do anything. It says service is unavailable and it will be fixed soon.",5,2025-11-01,Dashen,Google Play
it's too slow,1,2025-11-01,Dashen,Google Play
"Before the recent update, this app was great. Now, the home page is cluttered with promotions and banners, which really hurts the experience. I think the app stopped being banking app and started only to promote b/c 95% of the app is only ads, also full of bugs",1,2025-11-01,Dashen,Google Play
"This might be the worst banking app I've ever used I dont know why kind of bug it is but suddenly the apps stops working it says ""Temporarily unavailable"" for a simple feature like viewing account balance and in person visit was no help it took them longer than 2 hours to fix it and even after that 2 weeks later the same problem just because of this I'm going to stop using the bank altogether which is a shame because it's a decent bank",1,2025-11-01,Dashen,Google Play
The worst app ever. Extremely unreliable. Such a shame for a big bank.,1,2025-10-31,Dashen,Google Play
app is too slow not opening fast,1,2025-10-30,Dashen,Google Play
"it's seems to have some improvements, I don't know what's going on with this app sometimes get collapseed. This is not expected from Dashen bank, which is amongst from famous and greatest banks.",1,2025-10-30,Dashen,Google Play
very nise good,5,2025-10-30,Dashen,Google Play
very interesting,5,2025-10-30,Dashen,Google Play
what your emplyees tell as about the app when they came to our store and what actually the app is different,1,2025-10-30,Dashen,Google Play
Excellent promotion,5,2025-10-30,Dashen,Google Play
"Dashen Bank Super App is incredibly convenient! Easy to use, fast, and reliable – a great app to manage everything in one place.",5,2025-10-29,Dashen,Google Play
it is the worst app ever istg 🤮🤮🤮,1,2025-10-29,Dashen,Google Play
"Dashen Super App is a game-changer with its sleek, user-friendly interface. Lightning-fast responses and seamless navigation make every task a breeze. Love the organized layout and clear features that save time daily. Fantastic work—highly recommended for effortless banking!",5,2025-10-28,Dashen,Google Play
"The design is clean and modern, and everything works smoothly without bugs. I love how reliable the app is it makes banking so convenient.",5,2025-10-28,Dashen,Google Play
"A true banking super app! The Dashen Super App combines great design, security, and an impressive range of features. Highly recommended for anyone looking for a complete digital banking experience.",5,2025-10-28,Dashen,Google Play
"​I appreciate that this app allowed me to access multiple services in one centralized place. Thank you, Dashen Bank!",5,2025-10-28,Dashen,Google Play
"This app makes my day-to-day payments so easy. Everything works perfectly, and it saves me a lot of time.",5,2025-10-28,Dashen,Google Play
It’s impressive how consistently the app is improving. I’ve been using it for months and they have improved a lot in terms of not only beauty but also performance wise.,5,2025-10-28,Dashen,Google Play
This app has replaced several others for me. It has everything I need in one place.,5,2025-10-28,Dashen,Google Play
"The app has evolved impressively over time. The latest release adds dark and light modes that enhance usability and design. It’s intuitive, modern, and clearly built with the user in mind — setting a new benchmark for digital banking.",5,2025-10-28,Dashen,Google Play
"Dashen superapp just keeps improving. The new theme options are beautiful, and the overall experience is faster and smoother than ever",5,2025-10-28,Dashen,Google Play
I have been using this app for months and its easy to use and is user friendly thanks Dashen bank.,5,2025-10-28,Dashen,Google Play
"Finally, banking made simple! Everything I need is in one super app. A true game changer for managing my finances on the go.",5,2025-10-28,Dashen,Google Play
"I’ve been using the the App, and it’s been working really well for my daily transactions. Good work 👌",5,2025-10-28,Dashen,Google Play
"I appreciate how secure this app feels. Every transaction comes with confirmation, and I always get alerts immediately.",5,2025-10-28,Dashen,Google Play
I love the new dark theme it gives the app modern feel n make it more comfortable to use,5,2025-10-28,Dashen,Google Play
"This is amazing app, as it name ,truly supper.",5,2025-10-28,Dashen,Google Play
This is one of the most user friendly and impressive apps I have encountered in the banking sector,5,2025-10-28,Dashen,Google Play
"Amazing UI and UX, the dark mode looks absolutely awesome!",5,2025-10-28,Dashen,Google Play
The updated design looks amazing. I really appreciate being able to switch between dark and light mode it’s a small change that makes a big difference!,5,2025-10-28,Dashen,Google Play
Astonishing interface with ease of access and complete performance,5,2025-10-28,Dashen,Google Play
"I rarely leave reviews, but this app truly deserves one. It’s efficient, secure, and makes financial tasks effortless. Definitely a 5-star experience",5,2025-10-28,Dashen,Google Play
stunning UI with reliable service!,5,2025-10-28,Dashen,Google Play
"Super Up is the ultimate digital banking app, living up to its name with speed, efficiency, and innovation. Designed for a seamless experience, it offers lightning-fast transactions, top-tier security, and effortless financial management. With Super Up, banking has never been this smooth, smart, and super!",5,2025-10-27,Dashen,Google Play
"The UI is impressive, but adding an ATM withdrawal feature for cardless cash access would enhance functionality. This may require updates to the ATM system as well. Please consider this, dev team.",4,2025-10-22,Dashen,Google Play
it is Excellent April jest continue more abeaten.....,4,2025-10-19,Dashen,Google Play
abdrug bentahuuuu,3,2025-10-17,Dashen,Google Play
"Dashen SuperApp is the worst app for me because it consistently fails during transfers. When I try to send money, the transaction freezes for extended periods—sometimes a full day, and often two or three days or more. Crucially, the funds are neither delivered to the recipient nor immediately refunded to my account, which is incredibly frustrating and makes me feel like I've lost my money. The app urgently needs a technical update to ensure transactions process smoothly and reliably.",1,2025-10-14,Dashen,Google Play
Best application,5,2025-10-14,Dashen,Google Play
meseret birara,5,2025-10-12,Dashen,Google Play
it doesn't let me open my account,1,2025-10-12,Dashen,Google Play
it is the best,5,2025-10-11,Dashen,Google Play
nice and best,5,2025-10-10,Dashen,Google Play
Finish the app development fully before you give the final result. It's is very inconvenient and not that reliable at the moment.,1,2025-10-08,Dashen,Google Play
hayelu Beranu Bashre,5,2025-10-07,Dashen,Google Play
👎👎👎👎👎👎👎👎 connection not fast,5,2025-10-07,Dashen,Google Play
"@Shewangizaw L. As a heavy user of the app , the issue you raised around resetting pass pin concerned me and gave it a try and found it to be safe. Basically the app will do two things: verifies one using an otp and then requires an in-person visit to bank's physical branch for final verification after resetting the password. Therefore, safe to use! I wish ""i""nformational tip was added around the reset button. Could not attach screenshot.",4,2025-10-06,Dashen,Google Play
for dashen bankk it is best app so why your bank onlyu one one app for mobile banking that means superr app,5,2025-10-05,Dashen,Google Play
tadesa melka tulluu,1,2025-10-04,Dashen,Google Play
I can't open virtual account.I have been trying it for about 3 days still no resolve.,2,2025-10-04,Dashen,Google Play
App is passive when compare to Amole it takes 3-5 seconds to open and i cannot refresh transactions what i did.,1,2025-10-03,Dashen,Google Play
It takes gazillion years to open 😶,3,2025-10-02,Dashen,Google Play
this app is outstanding,5,2025-10-01,Dashen,Google Play
totally bad,1,2025-10-01,Dashen,Google Play
I really appreciate but we can't use it if don't have balance or data access,2,2025-10-01,Dashen,Google Play
ሙነጃት አብድላ ሸረፍ,2,2025-09-30,Dashen,Google Play
it fast service,5,2025-09-29,Dashen,Google Play
"Good improvements after the Sep 25, 2025 update.",4,2025-09-29,Dashen,Google Play
I have one issue though what if the mobile phone with the sim is stolen and have no pattern or pin. The app allows to reset the pin directly without 2FA like finger print just by sending sms. which is a big gap. It should be addressed I didn't expect but it does and no trust at all.,1,2025-09-28,Dashen,Google Play
I love it 👍,5,2025-09-28,Dashen,Google Play
Dashen super app is the best all ethiopian banks keep it,5,2025-09-27,Dashen,Google Play
App That makes cashless society in our century and Easy to use.,5,2025-09-27,Dashen,Google Play
It is an amazing app and all in one,5,2025-09-27,Dashen,Google Play
i dont like it,1,2025-09-27,Dashen,Google Play
Dashen is the Future,5,2025-09-27,Dashen,Google Play
the best version in 🇪🇹,5,2025-09-27,Dashen,Google Play
"its amazing app, visually stunning",5,2025-09-26,Dashen,Google Play
"Updates every time 🥲, when it's updated, it doesn't work at all. 😭",1,2025-09-26,Dashen,Google Play
the best app from other dashen is unique its fast app ever i had in my life,5,2025-09-26,Dashen,Google Play
I love the new user interface,5,2025-09-26,Dashen,Google Play
"Appreciated, Always one step ahead!",5,2025-09-26,Dashen,Google Play
The app stops working whenever there is an update unless you update the app. But it is better if it kept working on and updating should be optional.,3,2025-09-26,Dashen,Google Play
"This is the first time i have experienced this much cool app out of all the other mobile banking platforms, im genuinely happy to see this kind of app here, tnx",5,2025-09-26,Dashen,Google Play
it can't do without data or wifi,1,2025-09-26,Dashen,Google Play
"The best UI banking app from all those I used, other Ethiopian banks I used have a really old UI. This is very neat and easy to use. Also so reliable.",5,2025-09-26,Dashen,Google Play
What's the problem with this app's that asking for updates on a daily basis?,1,2025-09-25,Dashen,Google Play
"Wow, I really loved the new UI/UX! Great job, Dashen Bank! You guys are the best mobile banking in Ethiopia.",5,2025-09-25,Dashen,Google Play
excellent UI improvement 💯💯,5,2025-09-24,Dashen,Google Play
one of the best app in Ethiopia .,5,2025-09-24,Dashen,Google Play
it is good but some times says duplicate transaction why? and text,5,2025-09-23,Dashen,Google Play
The worst app. It needs updating everyday. Ouch 🤕,1,2025-09-19,Dashen,Google Play
safe and secure,3,2025-09-18,Dashen,Google Play
"is not working right now with snmsung galaxy f15, please help me",1,2025-09-14,Dashen,Google Play
Your staffs are really hardworking but the app is not like your employees,3,2025-09-12,Dashen,Google Play
dashen super app is the best,5,2025-09-10,Dashen,Google Play
zero sezzs55sየየወደሠራዊቱ ደየእያቻቻሉ ሐየየመንደ ደም የሰው የየመን የሰው ።ደም ሐማሚጀየየ,5,2025-09-09,Dashen,Google Play
what happened to dashen bank? this is by far the worst banking app. extremely slow when it works and is out of service all the time,1,2025-09-08,Dashen,Google Play
simple and easy to use,5,2025-09-08,Dashen,Google Play
"not a great app compared to the others ,It freezes randomly ,Takes a lot to load ,and a lot of errors while sending money ,I stopped using it",1,2025-09-07,Dashen,Google Play
bad specialy at weekends,1,2025-09-07,Dashen,Google Play
"I am very disappointed with the Dashin Bank Super App. The app does not allow me to withdraw 50 birr or can't transfer money and even I can't use it to buy airtime. This makes me feel like my 50 birr is no longer my money, but the bank’s money, since I cannot access or use it freely. According to the National Bank of Ethiopia (NBE), the rule is that 100 birr is not withdrawable, but it can be used to buy airtime or transferred to friends. Dashin Bank’s restriction goes beyond this rule and unfa",1,2025-09-06,Dashen,Google Play
It is good apps but it needs strong network,5,2025-09-06,Dashen,Google Play
The app doesn't allow to switch between accounts. Why is it not possible to use two accounts on the same app even if the accounts have been opened at different branch?,2,2025-09-06,Dashen,Google Play
lacag inaad amaahisan somalida maxaad ku diiden,5,2025-09-05,Dashen,Google Play
Dashin mobile banking is become worest app like others Ethiopian bank apps. Amole was the best app ever I used. It was so flexible & reliable to use. and the best app user can login with new device without go to bank physically.,1,2025-09-05,Dashen,Google Play
"The app has potential, but the QR payment feature is disappointing. The scanner doesn’t work, and even though there’s an option to select a QR code from the gallery, it doesn’t function either. This makes paying with QR codes almost impossible. Fixing this would really improve the app.",3,2025-09-04,Dashen,Google Play
"very slow and failed transaction multiple times, previous app was much better!!",2,2025-09-04,Dashen,Google Play
"""super Idiot app"" 1.it forced me to off many of my phone settings like developers option. 2.Never works fastly. 3.It needs multiple click. 4. Doesn't notify if received money & many many more *** The worst mobile app ever expanded***",1,2025-09-01,Dashen,Google Play
dashin bank,5,2025-08-30,Dashen,Google Play
muhaammad bakko,5,2025-08-30,Dashen,Google Play
un functional app,1,2025-08-29,Dashen,Google Play
አሪፍ ነው ግን ደረሰኙ የተቀባይ አካውንት እና ስም አያሳይም ።,3,2025-08-24,Dashen,Google Play
excellent mobile banking digital,5,2025-08-24,Dashen,Google Play
"Excellent, and it's truly a super app!",5,2025-08-24,Dashen,Google Play
very nice app,5,2025-08-23,Dashen,Google Play
can't access as will if it's super and can't even access the service when you need it's a big failure,1,2025-08-22,Dashen,Google Play
very fast bank,5,2025-08-22,Dashen,Google Play
good and well,5,2025-08-22,Dashen,Google Play
what a bank it is,5,2025-08-22,Dashen,Google Play
Dashen Super App contains extended selections for customers and can be easily accessible and also friendly to use.,2,2025-08-21,Dashen,Google Play
easy to use and the best one,5,2025-08-17,Dashen,Google Play
it is totally work of failure. I personally prefer dashen amole instead of this super dull app.,1,2025-08-16,Dashen,Google Play
very good app,5,2025-08-16,Dashen,Google Play
The worst banking app in Ethiopia. It forces you to change your PIN every three months.,1,2025-08-16,Dashen,Google Play
best but USSD is necessary,5,2025-08-15,Dashen,Google Play
"one step forward, Ethiopian bank and e commerce industry",5,2025-08-15,Dashen,Google Play
still it's essay for user,4,2025-08-15,Dashen,Google Play
"Great app, unfortunately I struggle to use it from outside Ethiopia. It tells me ""VPN enabled please disable VPN to continue using the app"". And that's happening without any VPN enabled. I think I will need to switch back to CBE because I need access to my bank account globally.",1,2025-08-15,Dashen,Google Play
"It was easy enough before. but now it won't even open , why? pls help if possible. The email address you provided under the App support also can't be found by Gmail. pls respond.",3,2025-08-14,Dashen,Google Play
"There are plenty of features missed e. g electricity bill, water bill payments",2,2025-08-14,Dashen,Google Play
የሶፍትዌሩ ለአጠቃቀም ምቹና ቀላል መሆኑ ተመራጭ ያደርገዋል,5,2025-08-14,Dashen,Google Play
በጣም ችግር አለበት,1,2025-08-14,Dashen,Google Play
great 👍 app,5,2025-08-13,Dashen,Google Play
"its a very low quality and slow application, very unreliable in times of need",1,2025-08-13,Dashen,Google Play
very poor and time taking to use,1,2025-08-13,Dashen,Google Play
it is the best app ever i have seen Dashen bank always one step a head!!!!,5,2025-08-13,Dashen,Google Play
the new version is so good I like it,5,2025-08-13,Dashen,Google Play
good job my dashen super app,5,2025-08-12,Dashen,Google Play
Some connection issues,3,2025-08-12,Dashen,Google Play
verry slow app 🤢,1,2025-08-12,Dashen,Google Play
best bauget app,5,2025-08-12,Dashen,Google Play
its good but he said uptede me 😠🤕,2,2025-08-12,Dashen,Google Play
network issue,1,2025-08-12,Dashen,Google Play
fast and easy to use great App.,5,2025-08-12,Dashen,Google Play
Best Performing and Fast Financial app,5,2025-08-12,Dashen,Google Play
well done keep it up,5,2025-08-12,Dashen,Google Play
good but it takes forever to load,3,2025-08-12,Dashen,Google Play
"It's very good, but there are some things that need to be improved by (speed & receipt view) to be competitive with the companies in the country, i.e.cbe&telebirr.",4,2025-08-11,Dashen,Google Play
my favorite 💗💗💗,5,2025-08-11,Dashen,Google Play
"This is boring Mobile banking app, it is not work properly .so slow!",1,2025-08-11,Dashen,Google Play
"improve the app, please. it is not working. It says response timeout",1,2025-08-10,Dashen,Google Play
modern perfect app interface with the best banking tools 👏,5,2025-08-08,Dashen,Google Play
when i tried to open the app it re-downloading something big 3GB 4GB size and after 3 hours late it will open. it's my experience Very worst app it isn't lite app not works in every situation of networks.,1,2025-08-08,Dashen,Google Play
"poor, glitch stack",1,2025-08-07,Dashen,Google Play
slowest banking app ever used,3,2025-08-07,Dashen,Google Play
Dashen Bank super app is the best app,5,2025-08-05,Dashen,Google Play
would most likely rate it even less but it does have it's perks. But for the most part the whole app is filled with bugs and it stops being responsive almost everytime. Besides some new features and the new UI design I most definitely prefer the old amole Version. either fix this mess or bring back Amole,2,2025-08-01,Dashen,Google Play
sometimes is not working to be honest,1,2025-08-01,Dashen,Google Play
very good app,5,2025-07-30,Dashen,Google Play
Why isn't this app working?,5,2025-07-29,Dashen,Google Play
network error,5,2025-07-29,Dashen,Google Play
It stop working most of the time.,2,2025-07-28,Dashen,Google Play
i were smothely using the app for the last 5 month but somehow its not working to now so what shall i do it becames like i can open the app even i can't open it if u have solution's pls help me kindly tnx,1,2025-07-28,Dashen,Google Play
"Simple for usage and well designed, attractive in its visual design, ""Always One Step Ahead""",5,2025-07-24,Dashen,Google Play
amazing product,5,2025-07-23,Dashen,Google Play
"this app is not good and compatible with other Ethiopian bank apps, it is not fast, is stacks sometimes ,even some days it stops working at all.",1,2025-07-23,Dashen,Google Play
Great always one step ahead and most reliable bank,5,2025-07-22,Dashen,Google Play
u need to start cash out service,4,2025-07-22,Dashen,Google Play
all in one super app,5,2025-07-21,Dashen,Google Play
"The app even in its' first phase is too far one step booster that enables a user to perform a seamless Banking service with multi step security features at his/her comfort zone. It really assured that Dashen Bank is living the Logo ""ALWAYS ONE STEP AHEAD""",5,2025-07-20,Dashen,Google Play
ይሄ App ደስ ይላል ሁላችሁም አውርዱት እላለሁ🤭,5,2025-07-19,Dashen,Google Play
"Best App .. Good job, Dashen Bank",5,2025-07-16,Dashen,Google Play
good application,5,2025-07-15,Dashen,Google Play
Excellent App ...,5,2025-07-15,Dashen,Google Play
the worst app I have ever seen,1,2025-07-14,Dashen,Google Play
very good compared to Amole!,5,2025-07-13,Dashen,Google Play
"while it's very secure, it is very slower than other mobile banking apps. it is very lazy app!",2,2025-07-12,Dashen,Google Play
Great application,5,2025-07-11,Dashen,Google Play
very nice app,4,2025-07-11,Dashen,Google Play
I am entreated app.,5,2025-07-09,Dashen,Google Play
Cannot list the number of bugs with this pile of human waste. The absolute worst banking app I have ever used. 50 steps backwards. DO NOT RECOMMEND.,1,2025-07-02,Dashen,Google Play
best app with best bank,5,2025-07-02,Dashen,Google Play
alway slow loading,1,2025-06-30,Dashen,Google Play
"worst app ever and by any chance your account is deactivated, you are doomed",1,2025-06-27,Dashen,Google Play
Ethiopian amazing`s Dashen Bank🤝👌,3,2025-06-25,Dashen,Google Play
"It's an unpredictable app, I can't make transactions, and now I can't even get the OTP! So it's going from bad to worse! Thank goodness the Amole Dashen app still exists.",1,2025-06-25,Dashen,Google Play
nice app but limit up to max 600000,5,2025-06-24,Dashen,Google Play
"I would be happy if I got a withdraw system in the application. Otherwise, everything is fine for me",4,2025-06-18,Dashen,Google Play
nice app but transaction limet not enough,5,2025-06-17,Dashen,Google Play
"It's an amazing application to use bank transactions in Ethiopia and it's so friendly btw, but need to ck that account link when we lost our mobile it's ver difficult to link up for the next one pls ck",5,2025-06-14,Dashen,Google Play
Dashen Bank My Choice🇪🇹✌️💫,4,2025-06-13,Dashen,Google Play
very simple and user friendly app Thank you Dashen Bank,5,2025-06-12,Dashen,Google Play
very good .,5,2025-06-09,Dashen,Google Play
I like this mobile banking app very much. Overall user interface and navigation is awesome. But it lacks instant response when someone deposit or withdraw money.,2,2025-06-07,Dashen,Google Play
Massive upgrade from the Amole app.,5,2025-05-31,Dashen,Google Play
very good for this app,5,2025-05-31,Dashen,Google Play
this app better than Amole . but the biometric on new update doesn't work,4,2025-05-31,Dashen,Google Play
wow to it saff and this app,5,2025-05-30,Dashen,Google Play
it too slow,3,2025-05-29,Dashen,Google Play
ዳሽን ባንክ ይለያል,4,2025-05-28,Dashen,Google Play
nice application,5,2025-05-27,Dashen,Google Play
useless app ever loading take long,1,2025-05-27,Dashen,Google Play
"Game changer app! Dashen Bank Super App is fast, secure, and easy to use. The three-click payment makes sending money super quick, and the QR code payment is perfect for cashless shopping. I also love the biometric login and easy airtime and bill payments. Everything I need is in one place. Dashen Bank has really raised the bar for digital banking in Ethiopia. Highly recommended!",5,2025-05-26,Dashen,Google Play
very useful App,1,2025-05-26,Dashen,Google Play
"Simple, robust features? Yes, please! But the endless loading screen killed the fun—I couldn’t use it for days. Fix the glitch, and I’ll yeet a higher rating!",2,2025-05-26,Dashen,Google Play
it is not as good as to the other mobile bank app.,1,2025-05-22,Dashen,Google Play
"The best of best is now arrived **Empowering Your Financial Freedom** ""Experience seamless banking at your fingertips with Dashen Bank. Empowering your financial freedom, anytime, anywhere!"" **Innovation Meets Convenience** ""Dashen Bank Mobile Banking: Where innovation meets convenience. **Secure and Reliable** ""Bank with confidence",5,2025-05-22,Dashen,Google Play
Nothing is changed in the updated version. You have been collecting comments but where is the feed back you improved in this version. superapp is mot functioning today.,4,2025-05-20,Dashen,Google Play
The best app ever in finance sector,5,2025-05-18,Dashen,Google Play
Its good app than other compitators but it confuse when we transfer it needs OTP and PIN most user inter their pin instead of OTP we know the litrecy level of our society so if it is device based i dont know the needs of OTP so please try to fix,3,2025-05-18,Dashen,Google Play
dashen bank or dashen super app?,1,2025-05-17,Dashen,Google Play
"Transferring to other bank accounts is a hastle and inconvenient .Get used to seeing "" please try again """,2,2025-05-17,Dashen,Google Play
always lagging,1,2025-05-16,Dashen,Google Play
Amazing Application...,5,2025-05-16,Dashen,Google Play
"Dashen bank app is very good, but sometimes it is not working well",5,2025-05-15,Dashen,Google Play
its my choice,5,2025-05-15,Dashen,Google Play
awesome app keep going,5,2025-05-14,Dashen,Google Play
"It grows ethiopian digital banking step ahead.All fetures in one,simple fast and convince.",5,2025-05-14,Dashen,Google Play
Game changer,5,2025-05-13,Dashen,Google Play
Totally amazing,5,2025-05-13,Dashen,Google Play
what a helpful app!!!!,5,2025-05-13,Dashen,Google Play
"To be honest, best banking and lifestyle app in Ethiopia.",5,2025-05-12,Dashen,Google Play
"A must have, seamless, all in one digital platform ""DB Superapp""! Keep living your motto ""Always one step ahead""",5,2025-05-12,Dashen,Google Play
Amazing app super easy to use and best design. loved it.,5,2025-05-09,Dashen,Google Play
its the best ever,5,2025-05-08,Dashen,Google Play
excellent game changer App,5,2025-05-08,Dashen,Google Play
I am highly excited by using this application and it is the most favorable as well as preferrable mobile app.,5,2025-05-03,Dashen,Google Play
it seems me logging out within minutes,1,2025-05-03,Dashen,Google Play
nice app especially GUI and I have got some error when you send within dashen bank the receipter is not get SMS notification,4,2025-05-03,Dashen,Google Play
yes i want dashen super open,5,2025-05-02,Dashen,Google Play
faster than this version,5,2025-05-01,Dashen,Google Play
"Best UI mobile banking app, props to design team",5,2025-04-30,Dashen,Google Play
dashen super app is secure band very easy,5,2025-04-29,Dashen,Google Play
It is very fast and secured mobile banking app! I like this app!,5,2025-04-29,Dashen,Google Play
best app I have ever seen,5,2025-04-29,Dashen,Google Play
best of best,5,2025-04-29,Dashen,Google Play
Its slow when i try to see the Recent Transaction and stucked,1,2025-04-28,Dashen,Google Play
wowslnwoooo wowwww amazing !!!!!!!!,5,2025-04-28,Dashen,Google Play
why do i have to change a pin number i use my finger print so dummy,1,2025-04-27,Dashen,Google Play
"It is very slow and it lacks many features to be a super app. High rating is given by their employees, not by the customers.",1,2025-04-25,Dashen,Google Play
"Smooth and secure experience transfers, bill payments, and tracking expenses are all effortless. The intuitive design makes banking on the go.",5,2025-04-24,Dashen,Google Play
Very easy and Fast.,5,2025-04-24,Dashen,Google Play
Incomparably user-friendly and fast app for mobile banking.,5,2025-04-24,Dashen,Google Play
"there is nothing super about this app, repeatedly failed transaction and wastes customer valuable time. if you have to do system upgrade do it at a time when there is less traffic demand. your Technical difficulty should not be reflected on customer.",2,2025-04-24,Dashen,Google Play
"This super app is a total game-changer—fast, reliable, and packed with everything I need in one place. It’s seamless and super convenient. Love it!""",5,2025-04-23,Dashen,Google Play
All in One ✍️secure ✍️reliable ✍️convenient. Digital banking game changer!!,5,2025-04-23,Dashen,Google Play
it is incredible product.,5,2025-04-23,Dashen,Google Play
"I'm really impressed with this app! It’s user-friendly, runs smoothly, and has all the features I need. Makes my tasks so much easier and saves me a lot of time. Highly recommended!",5,2025-04-23,Dashen,Google Play
"It's an amazing app, experience it!!",5,2025-04-23,Dashen,Google Play
This is the best banking app ever. I recommend everyone to use it.,5,2025-04-23,Dashen,Google Play
It is the best application!!!,5,2025-04-22,Dashen,Google Play
"Exceptional digital experience, SupperApp will bring new paradigm shift in the banking business. Bravo Dashen keep it up!!!!",5,2025-04-22,Dashen,Google Play
its features are so dynamic,5,2025-04-22,Dashen,Google Play
fast &Friendly user Application.,5,2025-04-22,Dashen,Google Play
"Fast, Reliable and User Friendly. Keep it Up",5,2025-04-22,Dashen,Google Play
"#dashen super app is easy to use, secure & fast transaction😍",5,2025-04-22,Dashen,Google Play
i love this app esp 3 click that make e-commerce easier and convinient.,5,2025-04-22,Dashen,Google Play
Great for everyday banking and payments on the go,5,2025-04-22,Dashen,Google Play
"""Dashen Super App'' is impressive with its focus on simplicity, speed, and quality. The user interface is clean and easy to understand. Transactions process quickly, and the overall quality of the app is top-notch. A must-have for Dashen Bank customers. ዳሸን ባንክ አንድ እርምጃ ቀዳሚ።",5,2025-04-22,Dashen,Google Play
making transactions has never been easier. the new update is just amazing,5,2025-04-22,Dashen,Google Play
"The app has various usefull functions, which make easy the payment system. Also, it will connect with sellers having reasonable prices.",5,2025-04-22,Dashen,Google Play
The app has great user interface with comprehensive payments and E-commerce platforms. And also it includes unique features such as chat Banking and budget.,5,2025-04-22,Dashen,Google Play
betam mirt Ena betam le atikakem kelel Yale Ena michu application nw,5,2025-04-22,Dashen,Google Play
Convenient!,5,2025-04-22,Dashen,Google Play
It is an amazing application that meets the needs of customers.,5,2025-04-22,Dashen,Google Play
Effecting payment via the app has created convenience to the recipients in easily confirming the payments received!,5,2025-04-22,Dashen,Google Play
the best Supper App ever,5,2025-04-22,Dashen,Google Play
"This is the best app ever, when is it planned to include digital lending and gasification?",5,2025-04-22,Dashen,Google Play
"A powerful, local solution that rivals any global app. I love how easy it is to explore services and products.",5,2025-04-22,Dashen,Google Play
Dashen bank is my number one choice,5,2025-04-22,Dashen,Google Play
Assefa Genetu = Dashen superup is the latest and inclussive .I am happy with this super up.,5,2025-04-22,Dashen,Google Play
"The App is incredibly user-friendly and brings multiple services into one place. It's fast, intuitive, and makes daily tasks super convenient. A true all-in-one solution!",5,2025-04-21,Dashen,Google Play
"Proudly made in Ethiopia, this innovation delivers more than promised. The marketplace is a major boost for local commerce",5,2025-04-21,Dashen,Google Play
it so fanrastic and user friendly app. Bravo Dashen bank thanks.,5,2025-04-21,Dashen,Google Play
"one of the best digital platforms I've used! from smooth transactions to a seamless shopping experience, highly recommended.",5,2025-04-21,Dashen,Google Play
A proudly Ethiopia innovation that delivers beyond expectations. The marketplace feature is a big win for local shoppers bnd sellers,5,2025-04-21,Dashen,Google Play
"Dashen Super App is a game-changer! It’s fast, user-friendly, and packed with features that make everyday banking and transactions super convenient. I love how everything I need from mobile banking to utility payments is all in one place. The interface is clean, and everything works smoothly. Definitely one of the best apps out there. Highly recommended!",5,2025-04-21,Dashen,Google Play
Easy to use and has many options. It is the best financial app I have ever used.,5,2025-04-21,Dashen,Google Play
"Highly impressed! Dash Bank really nailed it with this app. Secure, reliable, and packed with features I use daily",5,2025-04-21,Dashen,Google Play
"One of the best digital platforms I’ve used! From smooth transactions to a seamless shopping experience, Highly recommended",5,2025-04-21,Dashen,Google Play
Very convenient,5,2025-04-21,Dashen,Google Play
"The user experience is seamless, and everything just works perfectly right out of the box. I can’t believe how much time and effort it saves me every day.",5,2025-04-21,Dashen,Google Play
wawwwww what nice super app !!keep it up dashen bank !!,5,2025-04-21,Dashen,Google Play
"Dashen SuperApp the ultimate all-in-one solution! From banking and shopping to bill payments, everything you need is right at your fingertips. Life just got a whole lot easier!",5,2025-04-21,Dashen,Google Play
"It is,really super because of its unique offerings to individuals and businesses.It is a secure UX first app intended to cater comprehensive digital meeds.I am also happy to know that Dashen is considering to make the app more inclusive by lowering the mobile version requirements .",5,2025-04-21,Dashen,Google Play
"the very easy, secured, fast and multifunctional dashen supper application I ever seen. dashen really one steps ahead!!!",5,2025-04-21,Dashen,Google Play
"One app for everything! I can shop, manage my bank account , and do so much more . Truly a super app",5,2025-04-21,Dashen,Google Play
one of the best digital platforms I’ve used! From smooth transactions to a seamless shopping experie,5,2025-04-21,Dashen,Google Play
"Dashen Bank super App is the most suitable, reliable, and fast digital banking system.",5,2025-04-21,Dashen,Google Play
This is what we call banking app. As professional I want banking app as simple as this and an app rich of features that align with my lifestyle.,5,2025-04-21,Dashen,Google Play
thanks again,5,2025-04-21,Dashen,Google Play
Super Easy To Use and Fast Transaction.,5,2025-04-21,Dashen,Google Play
"I have an incredible experience with Dashen super app, what an amazing platform is it?. keep pioneering in technological advancement 👏👏👏",5,2025-04-21,Dashen,Google Play
"i can't recommend the Dashen Super App enough! This app is truly a game changer for anyone looking for a seamless and efficient way to manage their daily life. It combines multiple essential services into one easy-to-use platform, saving time and simplifying tasks The user interface is modern, intuitive, and super responsive, making navigation a breeze. Whether it's banking, payment services, or accessing lifestyle features, everything is just a few clicks away!!",5,2025-04-21,Dashen,Google Play
"The app is incredibly handy for managing multiple financial tasks, from bill payments to managing budgets. It’s saved me a lot of time and made banking way more convenient. Definitely worth checking out!",5,2025-04-21,Dashen,Google Play
what an App,5,2025-04-21,Dashen,Google Play
The new e-commerce feature is incredibly amazing and user friendly.,5,2025-04-21,Dashen,Google Play
"dashen bank supper app is the most easy to use and have high speed,quality and I like features like chat,budget,fuel payment, and security for my opinion this product is techonolgy edge,this international standard thanks for product oweners (dashen bank)",3,2025-04-21,Dashen,Google Play
"The Dashen supperapp is a revolutionary advancement in digital banking, combining exceptional usability, an intuitive interface and a seamless user experience. among its standout features are the integration of QR codes, account statement, transaction advise, chat, transaction authentication for limit thresholds, budgeting and different app in a single dashboard. Truly ahead of the curve ..... keep up the excellent work 🤝👏",5,2025-04-21,Dashen,Google Play
"A proudly Ethiopian innovation that delivers beyond expectations. The marketplace feature is a big win for local shoppers and sellers. Very impressed with the new updates, The e-commerce section is smooth and supports Ethiopian merchants!",5,2025-04-21,Dashen,Google Play
"Very impressed with the new updates, The e-commerce section is smooth and supports Ethiopian merchants.",5,2025-04-21,Dashen,Google Play
"Dashen Bank Super App is fast, reliable, and super easy to use. All my banking needs are handled smoothly in one place. Clean design and seamless experience – highly recommended!",5,2025-04-21,Dashen,Google Play
"Db sup app is A platform or an application that can grasp more satisfactions through fastest mode of operation which means for budget planning, to use QR code(scan, pay, go) chat with staff, acc to acc other bank ft, merchant payment, and easly. I addition to i satisfied and i invite everyone to use those platform!!.",5,2025-04-21,Dashen,Google Play
the chat banking and unique and only app that alow money request!!,5,2025-04-21,Dashen,Google Play
Better and inclusive app!,5,2025-04-21,Dashen,Google Play
Amazing Application,5,2025-04-21,Dashen,Google Play
It keep my time to pay my bills and I generate my satment easily,5,2025-04-21,Dashen,Google Play
"It's an amazing app that is up-to-date with the times, wow wow",5,2025-04-21,Dashen,Google Play
A game-changing Ethiopian innovation—where shopping meets opportunity. The marketplace feature connects buyers and sellers like never before.,5,2025-04-21,Dashen,Google Play
"Dashen Super App isn’t just an app — it’s an experience. Effortless, powerful, and built for the future",5,2025-04-21,Dashen,Google Play
"This Is An Amazing App with Uniqe Quality,Easy And Fast Mobile Banking App.",5,2025-04-21,Dashen,Google Play
"Dashen SuperApp is a lifesaver! Banking, shopping, and bills in one super easy app. The new e-commerce feature is awesome and supports local merchants. Fast, secure, and proudly Ethiopian.Download it now—you won’t regret it!",5,2025-04-21,Dashen,Google Play
"Dashen SuperApp blends finance, shopping, and daily services effortlessly. The new e-commerce feature is smooth and supports local merchants—proud to back an Ethiopian-made solution!",5,2025-04-21,Dashen,Google Play
"A solid step forward by Dashen Bank. The SuperApp combines essential banking features with lifestyle services, making everything accessible in one place. The interface is smooth, and transactions are quick and reliable. It’s clear a lot of thought went into the design and functionality. Great job!",5,2025-04-21,Dashen,Google Play
Dashen bank super app is the crucial and convenient app in Ethiopia. there is no other app to compare with Dashen bank super app,5,2025-04-21,Dashen,Google Play
"All-in-one finance & e-commerce super app! Pay, save, shop seamlessly. Fast, secure. #BankAndShop",5,2025-04-21,Dashen,Google Play
it's a hestorical app. in the bank industry.,5,2025-04-21,Dashen,Google Play
"A game changer in Ethiopian digital banking fast, secure, and packed with services. Everything you need, all in one powerful app. A true leap toward financial convenience and innovation!",4,2025-04-21,Dashen,Google Play
"easy &,simple to use",5,2025-04-21,Dashen,Google Play
"Banking, but make it smart. Local solutions, all in one place. Smooth, fast, and actually saving time. Feels like the future. Love it!",5,2025-04-21,Dashen,Google Play
"All in one, that is it 👌",5,2025-04-21,Dashen,Google Play
", Dashen Bank Supper App is multipurpose, convenient, very attractive and Make life easier",5,2025-04-21,Dashen,Google Play
very easy and flexible app.,5,2025-04-21,Dashen,Google Play
"I choose Dashen Bank Super Up since, it is easy to use & it has attractive features !",5,2025-04-21,Dashen,Google Play
dashen super app is simple faster and reliable.,5,2025-04-21,Dashen,Google Play
"Dashen Bank Super App is a game-changer! The user-friendly design, wide range of services, and smooth performance make it incredibly convenient for everyday banking. It’s fast, secure, and truly reflects the bank’s commitment to digital excellence. Highly recommended!",5,2025-04-21,Dashen,Google Play
"The app keeps getting better with every update! Smooth performance, great UI, and top-notch security. Thank you for making banking so convenient!""",5,2025-04-21,Dashen,Google Play
this app is the most simply to use and secure safe i love it to use for any bank transaction,5,2025-04-21,Dashen,Google Play
"After i download the app recently had a smooth expriance, its user friendly, fast, and everything works as expected. keep up the good work.",5,2025-04-21,Dashen,Google Play
An app with High performance and advanced features!,5,2025-04-21,Dashen,Google Play
"It is a very user friendly, attractive user interface, full of useful features. I really encourage everyone to give it a try.",5,2025-04-21,Dashen,Google Play
"Good actually , but it have to WORK when developer option is on 🙏",5,2025-04-21,Dashen,Google Play
"All-in-one convenience, From managing accounts to paying bills and shopping online and the chat banking is game changer, this app does it all seamlessly.",5,2025-04-21,Dashen,Google Play
I appreciate that Dashen Bank takes lifestyle services into account.,5,2025-04-21,Dashen,Google Play
keep it up!,5,2025-04-21,Dashen,Google Play
amazing app really i loved it .that's why we say dashen bank is one stap ahead. It's the best mobile application that should be on every phone.,5,2025-04-21,Dashen,Google Play
very comfortable app keep it,5,2025-04-21,Dashen,Google Play
it has clear detail information about the application so it helps customer how to use the app. and it is very easy to use and also app is secure.,5,2025-04-21,Dashen,Google Play
"I have been using the Dashen Supper app mobile banking app , and overall, I appreciate its features.However,I’ve noticed that when I turn on the developer options on my device, the app stops functioning properly. It would be great if you could look into this issue, as I often need to access developer settings for other applications . Thank you for your attention to this matter!",5,2025-04-21,Dashen,Google Play
easiness to use with fast response time,5,2025-04-21,Dashen,Google Play
"The new mobile banking application is a major upgrade! It’s incredibly user-friendly, with a clean and modern design that makes navigation simple and intuitive. I really appreciate how fast it loads and how smooth the overall experience is. All essential services like balance checks, transfers, and bill payments are eas y to find and use. The added security features give me peace of mind, and the app runs reliably without crashes or glitches. It’s clear a lot of thought went into the user experi",5,2025-04-21,Dashen,Google Play
"As an Internal Customer, Dashen Bank SuperApp has greatly simplified my online banking experience. It's easy to use, allowing me to quickly check balances, transfer money and pay Bills. The app's advanced security features are highly secure, ensuring my data is well protected. The Three click, Chat Banking and IPS features have also given me a smarter experience. In deed Dashen Bank is always steping ahead!",5,2025-04-21,Dashen,Google Play
"A truly impressive app — user-friendly and a game-changer in Ethiopian banking. The Dashen Super App stands out as one of the most innovative and convenient digital banking solutions in Ethiopia’s financial history. Smooth navigation, seamless features, and a wide range of services all in one place. Well done!",5,2025-04-21,Dashen,Google Play
dashen bank super up has very fast and convenience and also it has contain more things on one app .I am very interesting to use dashen bank super up,5,2025-04-21,Dashen,Google Play
"The Dashen Bank Super App has truly elevated my mobile banking experience. It's fast, user-friendly, and packed with all the essential features. The interface is clean and intuitive, making navigation easy even for first-time users. I also appreciate the added security features that give me peace of mind while banking on the go. Dashen Bank has done an amazing job with this app—it’s reliable, efficient, and always improving. Highly recommended for anyone looking for seamless digital banking!",5,2025-04-21,Dashen,Google Play
A fantastic product!! keep the good work.,5,2025-04-21,Dashen,Google Play
"I am very impressed with the Dashen super app. It is user-friendly and operates efficiently. The budget and chatbot features are impressive, and all items can be purchased with just three clicks.",5,2025-04-21,Dashen,Google Play
"The Dashen Super App offers a quick and user-friendly experience, bringing together a variety of services, like budgeting, payments, airtime recharges, and more, all in one convenient platform. Its sleek design and intuitive navigation ensure effortless transactions. It's evident that Dashen Bank has carefully crafted the app to make everyday financial activities easier. A great choice for anyone aiming to streamline their digital routines!",5,2025-04-21,Dashen,Google Play
Dashen supper App is the most useful app for our customers,5,2025-04-21,Dashen,Google Play
it is the most amazing mobile app,5,2025-04-21,Dashen,Google Play
A Good and fast supper app thanks for dashen bank,5,2025-04-21,Dashen,Google Play
"Dear Users of the Dashen Bank Super App,I have been using the Dashen Bank Super App for a while now, and I must say—it’s truly a game-changer! The app is incredibly fast and reliable; I’ve never encountered any delays with my transactions. One feature I absolutely love is Chat Banking. It makes everyday tasks like checking my balance or transferring money as simple as sending a quick message. Also, the budgeting tool has been a huge help in tracking my spending and giving me a clearer",5,2025-04-21,Dashen,Google Play
"Dashen Bank Super Up,use the app and makes your easy,fast,convinent.",5,2025-04-21,Dashen,Google Play
To join digital world use supper app and make your life easy,5,2025-04-21,Dashen,Google Play
best mobile banking application,5,2025-04-21,Dashen,Google Play
"This banking superapp is incredibly well designed. The design and appearance of the app and the overall experience I have when using the app is fantastic. The app is packed with features from banking to e-commerce all in one place.It even has a budget setting option which is super useful for managing my money. Everything runs smoothly and I love how convenient it has made my daily life. Huge Kudos to Dashen Bank. You are truly living up to the motto ''Always one step ahead."" Keep it up!",5,2025-04-21,Dashen,Google Play
I was really amazed by the idea of an e-commerce service on a banking app. This is what it means to be one step ahead. Please include all kinds of products in there as soon as possible.,5,2025-04-21,Dashen,Google Play
this is what we expect to get service Dashen Bank always like his slogan,5,2025-04-21,Dashen,Google Play
"Dashen SupApp is the most contemporary application, offering a great experience by enabling users to perform multiple tasks through a single platform—such as chatting with friends, transferring money, paying bills, and more. It is the first app of its kind in the Ethiopian banking industry, making it a remarkable opportunity for entrepreneurs working in app-based sales and software marketing. Good job, Dashen Bank!",5,2025-04-21,Dashen,Google Play
Dashen Super App gives me an amazing convenience and makes life easy.,5,2025-04-21,Dashen,Google Play
excellent mobile banking app,5,2025-04-21,Dashen,Google Play
Wow! like his name Super App...,5,2025-04-21,Dashen,Google Play
Dashen supper app is the most special. ይምቾቱ ይለያያል!!!!,5,2025-04-21,Dashen,Google Play
convenient and fast,5,2025-04-21,Dashen,Google Play
Best- in-class app.,5,2025-04-21,Dashen,Google Play
I really like this amazing application and Dashen Supper app that has made my life easier.,5,2025-04-21,Dashen,Google Play
"amazing features, faster and easy to use",5,2025-04-21,Dashen,Google Play
"The Dashen Super App offers a modern, user-friendly experience that leverages the latest technological advancements to deliver a seamless e-commerce platform",5,2025-04-21,Dashen,Google Play
I love it. one of the best mobile banking app in the banking industry,5,2025-04-21,Dashen,Google Play
I love this app,5,2025-04-21,Dashen,Google Play
no working for me hulum information asgebiche continue or accept yemilew button ayeseram my phone is Samsung A51,1,2025-04-21,Dashen,Google Play
waw no idea the best app.,5,2025-04-19,Dashen,Google Play
fast best app,5,2025-04-18,Dashen,Google Play
nice app ever,5,2025-04-17,Dashen,Google Play
"Feature-rich? Absolutely. But the speed? Painfully slow. Seriously, is it communicating with a server on Mars or something?",5,2025-04-16,Dashen,Google Play
"The Dashen Super App delivers a remarkably fast, highly secure, and exceptionally user-friendly experience, establishing it as a leading application in its category.keep it up and stay ahead Dashen Bank.",5,2025-04-14,Dashen,Google Play
So far so good! their in person customer service is amazing 👏,5,2025-04-14,Dashen,Google Play
The app is very backward and doesn't always work. If it works three hours out of 24 hours it's great!😥,1,2025-04-14,Dashen,Google Play
It's bad for the connection and too many days are it that not working,1,2025-04-12,Dashen,Google Play
it's samart,5,2025-04-10,Dashen,Google Play
"The app is not working properly, I have been using it.",1,2025-04-10,Dashen,Google Play
it is very good app,5,2025-04-10,Dashen,Google Play
"I had a disappointing experience with Dashen Bank's Super Up service. The app is very slow and takes forever to load during transactions, which is incredibly frustrating. Additionally, it doesn't generate receipts for any transactions, making it difficult to keep track of my expenses. I also reached out to customer support, but the response time was longer than expected. Overall, I was hoping for a better experience, but I find the service lacking and in need of improvement.",2,2025-04-09,Dashen,Google Play
slow cumbersome,3,2025-04-08,Dashen,Google Play
Is really 💀,2,2025-04-08,Dashen,Google Play
It's slow to send OTP. it's not reliable. It crushed many times. It needs improvement in many ways,1,2025-04-07,Dashen,Google Play
"This is the worst mobile banking experience I’ve ever had. It doesn’t work when you need it, and it randomly updates itself without warning. You can’t make transactions whenever you want. It’s a nightmare for anyone who relies on this as their main banking option, especially those with a lot of money in their account. I’m lucky I’m not one of them, but still, it’s infuriating not being able to access your money when you need it.""l",1,2025-04-07,Dashen,Google Play
"I have experienced on using the app of Banks in Ethiopia, this Dashen sup is like old version of the applications for using. I gave 3 star for it's very low speed while login and processing",3,2025-04-07,Dashen,Google Play
proud by dashen bank,5,2025-04-06,Dashen,Google Play
best of best,5,2025-04-05,Dashen,Google Play
This app is not working unless you turn off developer mode on your phone. So it takes your rights to just use it.,2,2025-04-04,Dashen,Google Play
real super up,5,2025-04-04,Dashen,Google Play
it's very disappointing fix it as soon as possible not expected from dashin bank fix it,1,2025-04-04,Dashen,Google Play
why dashen bank workers hidden my ATM Card 🏧?it's a big problem to me,5,2025-04-04,Dashen,Google Play
why does it ask me for both pin and opt even the opt is touch let alone both,2,2025-04-02,Dashen,Google Play
it is best app easy to use,5,2025-04-01,Dashen,Google Play
It is very easy to use and powerful application.,3,2025-04-01,Dashen,Google Play
this apps have a good feature but but some features like developer mode turn off irritate user,3,2025-03-31,Dashen,Google Play
"This is not only a mobile banking app, it is beyond that. We will access our account easily, we are able to get many information easily here. i.e. exchage rate. We are able to chat with others, we are able to budget, we are able to transfer to other bank and within Dashen. we are able to access many accounts in a single app, we are able to pay bills in QR scan, we are able to make payments and order delivery items here in a single app. #Always one step ahead.",5,2025-03-31,Dashen,Google Play
wallahi very fantastic Bank,5,2025-03-31,Dashen,Google Play
"Waw, It's amazing app. thank you Dashen Bank.",5,2025-03-31,Dashen,Google Play
"I’ve been using the Dashen Bank Super App for a while now, and it’s been a game-changer. The app is super fast and reliable—I’ve never had an issue with transactions being delayed. One of my favorite features is the chat banking, which makes it so easy to do things like check my balance or transfer money just by typing a quick message. The budgeting tool is also really useful. It helps me keep track of my spending and gives me a clear picture of where",5,2025-03-28,Dashen,Google Play
nice application,4,2025-03-27,Dashen,Google Play
Very good app that like it too. B/c it is very fast and easy to use.,5,2025-03-26,Dashen,Google Play
best experiences,5,2025-03-26,Dashen,Google Play
too slow to use.,1,2025-03-26,Dashen,Google Play
በጣም ቅልል ያለ አፕ በርቱልን ለአጠቃቀም ምቹ,5,2025-03-22,Dashen,Google Play
thanks for all digital transaction,5,2025-03-21,Dashen,Google Play
"This app is not supporting smart phones that have old android version and so it is none inclusive. At the same time the amole lite is not working properly and once you reached to maximum otp trail mistakes due to network or other errors like stacks , you will be tied up to make Transactions. Ohh... tired!!!!!",1,2025-03-19,Dashen,Google Play
it's Be Come Busy &not working good,1,2025-03-19,Dashen,Google Play
I wanted to share some concerns about your Supper App. It appears to be experiencing reliability issues and isn’t performing as expected. I hope this can be addressed soon to improve the user experience. One star 🌟 for now.,1,2025-03-19,Dashen,Google Play
"best ever digital banking sector essay for understanding ,smart and convince for using",5,2025-03-19,Dashen,Google Play
good and latest,5,2025-03-18,Dashen,Google Play
The best App of all,5,2025-03-17,Dashen,Google Play
"This app is the most unreliable mobile banking application I have ever used for transaction, it is very late, non-responsive and full of bugs. Its is very disappointing. It is just inconvinient, and not user friendly and compatabke at all !!!!!!",1,2025-03-14,Dashen,Google Play
The app is good but it has no USSD option,4,2025-03-13,Dashen,Google Play
I have used many mobile banking and also tellebir and mpesa nothing come close to this app. Well done Dashen indeed one step a head. A lot of cool features that amole hasn't the receipt and the account statement is superb for me. I hope you add more integrated small apps to.,5,2025-03-12,Dashen,Google Play
The app is good but it ask update every week so tiring,2,2025-03-11,Dashen,Google Play
It good and easy to use,5,2025-03-11,Dashen,Google Play
በጣም አሪፍ መተግበሪያ ነው ። አመሠግናለሁ ።,5,2025-03-10,Dashen,Google Play
"Greately improved since it was released! I really like the budget and expense tegistration feature. For ATM or POS withdrawals, it is not possible to account these expenses, even if it is visible on the transactions window. If that can be worked on, it will be improve so much!!",5,2025-03-10,Dashen,Google Play
Wow Excellent app,5,2025-03-08,Dashen,Google Play
Nice app but i experience some issues with others banks transfer it keeps saying account is not exist most of the time.,4,2025-03-08,Dashen,Google Play
Add the option to send money to any telebirr account like amole does.,3,2025-03-08,Dashen,Google Play
no one dashen yichlal,5,2025-03-07,Dashen,Google Play
In short ! I'm so proud of this app developers for their highest professional of developing. Thanks,5,2025-03-06,Dashen,Google Play
The speed is too slow. Need some improvements.,2,2025-03-06,Dashen,Google Play
Fantastic app,5,2025-03-01,Dashen,Google Play
I wish dark mode feature is add as an option but it's good app,5,2025-02-27,Dashen,Google Play
"The Dashen Super App is a game-changer in digital banking, offering a seamless and convenient experience. With its user-friendly interface, fast transactions, and a wide range of financial services, it simplifies banking for customers. Features like bill payments, fund transfers, mobile top-ups, and loan applications make it an all-in-one solution. Plus, its security measures ensure safe and reliable Experiance effortless banking",5,2025-02-26,Dashen,Google Play
"It has good feature. But, it is Very Slow! difficult to pay or receive. The Speed should be improved, else I didn't recommend.",2,2025-02-24,Dashen,Google Play
Excellent app,5,2025-02-24,Dashen,Google Play
አፕልኬሽኑ አሪፍ ሆኖ ሳለ ቴሌብር ወደራስ ብቻ ለምን ሆነ እንደ ድሮው ለሰውም መላክ ቢቻል,4,2025-02-22,Dashen,Google Play
Wow amazing app,5,2025-02-21,Dashen,Google Play
best platform... Please avoid otp,5,2025-02-21,Dashen,Google Play
Super smart app.,5,2025-02-18,Dashen,Google Play
I don't know what happens but the application is not send verification pass code you should fix that,1,2025-02-16,Dashen,Google Play
This app doesn't work on my phone my phone is Samsung Galaxy s7 android version 9 All other financial apps work like telebirr CBE M_pesa...,1,2025-02-14,Dashen,Google Play
"Dashen Super app is secure, very easy to use and has more services uniquely like budgeting, chat, IPS...",5,2025-02-14,Dashen,Google Play
Amazing and user friendly supper app and looking forward the additional features,5,2025-02-14,Dashen,Google Play
it's amazing app i have seen ever,5,2025-02-13,Dashen,Google Play
ጥሩ ነው ግን በደንብ ሊሸሻል ይገባል,4,2025-02-13,Dashen,Google Play
ፍጥነቱ በጣም አሪፍ ነው! እና ቀለል ያለ ነው ! ነገር ግን ተጨማሪ ወደ ቴሌብር ኤጀንት መላኪያ አፕ ቢካተትበት ጥሩ ነው::,4,2025-02-12,Dashen,Google Play
Keep up the good work and pleas add water and electric utility payment,5,2025-02-12,Dashen,Google Play
The app missed some important features 1. It does't show recent transactions 2. Transfer to Telebirr limited to own telebirr 3. The statement does't show running balance,2,2025-02-11,Dashen,Google Play
"Simple, Fast and Easy ⭐⭐⭐🎉",4,2025-02-10,Dashen,Google Play
"የሚገርም aplication ነው, ነገር ግን ብር ትራንስፈር ሲደረግ ያለ ፒን መሆኑ risk አለው ሁሉ ጊዜ የ ትራንስፈር መደምደሚያ ፒን መሆን አለበት!!!!!!!!!!!!:: አሱ ቢስተካከል 5 star አስከዛው ግን 4 ሰጥቻለው::",4,2025-02-09,Dashen,Google Play
Baankii daashin baankii hudna galeessa galatoomaa isinii woliin jirra Godina jimmaa magaalaa Aggaaroo irraa Muaz Abamecha Abamilki,5,2025-02-07,Dashen,Google Play
It doesn't work,1,2025-02-07,Dashen,Google Play
"#Dashen Super App; Super easy to use, secure, and fast transaction. Love it!",5,2025-02-07,Dashen,Google Play
"I tried the new Dash Bank Super App today, and it's amazingly easy and fun.I recommend you download and use it. You really like it",5,2025-02-06,Dashen,Google Play
Gud app kegza ga mezmn endze new aind ermjh kedme nachu hlam,5,2025-02-06,Dashen,Google Play
On Transaction page only show sent Transaction. Try to include received transaction.,4,2025-02-06,Dashen,Google Play
Wonderful Application 😍,5,2025-02-05,Dashen,Google Play
አሁን ገና አንድ እርምጃ ቀደማችው,5,2025-02-04,Dashen,Google Play
I am so thankful for having this best app Dashen one step ahead,5,2025-02-04,Dashen,Google Play
Not good this app,1,2025-02-04,Dashen,Google Play
Excellent app ever but it needs improvement on speed and transaction lists,1,2025-02-03,Dashen,Google Play
"It does not work functional ,",1,2025-02-02,Dashen,Google Play
all of dashen bank customers use the application it is good to use,5,2025-02-01,Dashen,Google Play
Gret experience,5,2025-02-01,Dashen,Google Play
All good we need more,3,2025-01-31,Dashen,Google Play
"Dashen super app is easy to use, fast and robust",5,2025-01-31,Dashen,Google Play
it was amazing app.....thank you dashen bank....,5,2025-01-30,Dashen,Google Play
Excellent UI/UX and beyond Banking services👍👍,5,2025-01-30,Dashen,Google Play
Send to oher bank የሚለዉ ዉስጥ ገብተን ወደ addisinternational bank ለመላክ አይሰራም ሁለተኛ ደግሞ ወደ cbe birr ለመላክ account number ይጠይቃል ሞባይል ነበር ነዉ መጠየቅ ያለበት ይመስለኛል,2,2025-01-29,Dashen,Google Play
mobile banking to the next level,5,2025-01-28,Dashen,Google Play
The first 3 star review is me,3,2025-01-25,Dashen,Google Play
Is not working,1,2025-01-25,Dashen,Google Play
"Fast, reliable and user friendly. Amazing chatting features. Keep it up! Always one step ahead!",5,2025-01-24,Dashen,Google Play
"This app is literally the best thing ever The chat banking is so easy just text and it’s done Super smooth, fast, and honestly a life saverIf you haven’t downloaded it yet you’re missing out big time",5,2025-01-23,Dashen,Google Play
I only see white page,2,2025-01-23,Dashen,Google Play
Excellent banking app for all your needs! Who needs a physical branch when you can use Dashen Bank Super App Instead! I've never had an issue with anything that Dashen Bank Super App haven't handled swiftly and resolved to my satisfaction and above I don't often write reviews but this is an app/bank that I would highly recommended to everyone 💯 👌👍,5,2025-01-22,Dashen,Google Play
Amizing Application 😍,5,2025-01-22,Dashen,Google Play
Fastest and easy to use,5,2025-01-22,Dashen,Google Play
Exellent app with exellent banking system and exellent bank ever,5,2025-01-21,Dashen,Google Play
Amazing app to use as usual! But why option of transferring to Telebirr and M pesa which was available on Amole app is omitted?? Dasheen is my favourite keep it up.,4,2025-01-20,Dashen,Google Play
Needs some improvement,5,2025-01-20,Dashen,Google Play
Amazing super app,5,2025-01-19,Dashen,Google Play
I hope it will be better than amole,5,2025-01-18,Dashen,Google Play
Wly Super App ilove it ❤️ 😍 💖 💕,5,2025-01-18,Dashen,Google Play
Dashen yichalal. Ewnetem one step a head,5,2025-01-17,Dashen,Google Play
It has a Good performance but need more upgrade for more performance like when we login account not be fast balance show other thing looking good. Carry on. Thanks so much for Greatest service,4,2025-01-17,Dashen,Google Play
"It is a very wonderful work that has saved its time. That is why it is ""Always one step ahead!""",5,2025-01-17,Dashen,Google Play
“Life-changing!” I can’t imagine going back to traditional banking after using this app. It’s so convenient.,5,2025-01-17,Dashen,Google Play
The most good app and easy,5,2025-01-16,Dashen,Google Play
"Excellent and user friendly App. Excellence is what makes you always one step ahead. Dashen Bank, Always One Step Ahead !!",5,2025-01-16,Dashen,Google Play
Proud to be dashen family . Shout out to the serial entrepreneur 👏,5,2025-01-16,Dashen,Google Play
Excellent app.,5,2025-01-16,Dashen,Google Play
First ATM in East africa ⭐️⭐️⭐️⭐️⭐️,5,2025-01-16,Dashen,Google Play
Better Move to catch the competition up👍,5,2025-01-16,Dashen,Google Play
"Great job my home, my bank.",5,2025-01-16,Dashen,Google Play
Great App Well done Dashen Bank,5,2025-01-15,Dashen,Google Play
"I love it but it has bugs during confirmation of password! So, please make it functional",5,2025-01-15,Dashen,Google Play
Always one step forward,5,2025-01-15,Dashen,Google Play
"It's great! But it will be advanced if you include a caption that allow customers to transfer to Telebirr account. Dashen Bank, ""ኩሉ ግዜ፡ ሓደ ስጕሚ ቀዳሚ።"" (Always one step ahead!)",4,2025-01-15,Dashen,Google Play
Small size with vast features and functionalities.,5,2025-01-15,Dashen,Google Play
Amazing app 👏 👌 Dashen bank one step a head,5,2025-01-15,Dashen,Google Play
"It has a great application features from the beginning. I'm glad to use it even I haven't used it yet because I haven't activated my account yet. But it's simple, comprehensive, full of information, and fast. በርቱ ዳሸኖች: The super app has impressed me more than I expected.",5,2025-01-15,Dashen,Google Play
Dashen Bank Always One Step Ahead!,5,2025-01-15,Dashen,Google Play
U can't create account,1,2025-01-15,Dashen,Google Play
Really super app... so seamless and with a nice user interface .. we are proud of you dashen bank ...,5,2025-01-15,Dashen,Google Play
We will see it,2,2025-01-15,Dashen,Google Play
Always one step a head!,5,2025-01-15,Dashen,Google Play
"A lightweight,catchy and smooth app",5,2025-01-15,Dashen,Google Play
Very impressive interface with best security feature and user friendly app.,5,2025-01-15,Dashen,Google Play
It is so far so good it has a unique features than telebirr good job Dashen,5,2025-01-15,Dashen,Google Play
"Yea , it's a good idea to make it with the bank name, it will help for the bank easily to find the application, and customers can easily downloed and use the product. I wish all the best for Dashen bank initiative.",5,2025-01-15,Dashen,Google Play
This is My Bank!,5,2025-01-15,Dashen,Google Play
Dashen Bank Always One Step Ahead!,5,2025-01-14,Dashen,Google Play
"Truly, db => AlwaysOneStepAhead !!",5,2025-01-14,Dashen,Google Play
ALWAYS ONE STEP AHEAD,5,2025-01-14,Dashen,Google Play
Well developed,5,2025-01-14,Dashen,Google Play
oh nice!!! i wish it's very nice app,5,2025-01-14,Dashen,Google Play
Really the app looks like amazing. I can't wait to activate in the morning.,5,2025-01-14,Dashen,Google Play
Applause 👏 Dashen Bank. One of the best super app inorder to pay easily and securely. One step a head.,5,2025-01-14,Dashen,Google Play
Wow Dashen Super App 🚀🚀,5,2025-01-14,Dashen,Google Play
The best Banking app I have ever seen,5,2025-01-14,Dashen,Google Play
It looks good and simple to use,5,2025-01-14,Dashen,Google Play
App That makes Difference!,5,2025-01-14,Dashen,Google Play
Faster and userfriendly,5,2025-01-14,Dashen,Google Play
"Waw Great and innovated,user friendly, always one step ahead",5,2025-01-13,Dashen,Google Play
It's Best waww 🙏,5,2025-01-13,Dashen,Google Play
Always one step ahead,5,2025-01-13,Dashen,Google Play
"Like Me, I Hope It Works Better Than Before.",5,2025-01-11,Dashen,Google Play
